id,hash,disasternumber,state,incidenttype,declarationdate,incidentbegindate,incidentenddate,declarationtype,lastrefresh,declaration_year,declaration_month,declaration_quarter,declaration_month_sin,declaration_month_cos,declaration_quarter_sin,declaration_quarter_cos,incident_duration_days,days_to_declaration,region,state_disaster_frequency,wind_speed,flood_severity,rainfall_intensity,incident_severity_score,is_fire,is_severe_storm,is_flood,is_hurricane,is_tornado,is_snowstorm,is_biological,is_severe_ice_storm,is_typhoon,is_drought,severity_x_duration,severity_x_frequency,duration_x_days_to_declaration,total_obligated_amount,project_count,avg_project_cost,max_project_cost,log_total_obligated_amount,region_encoded
66c1fa29-8d2b-4c41-b5a4-c25474cc6734,59a7f8d563edbdd071b07c0597e51687e87b93e1,1239,TX,Severe Storm,1998-08-26 00:00:00+00:00,1998-08-22 00:00:00+00:00,1998-08-31 00:00:00+00:00,DR,2024-08-27T18:22:14.800Z,1998,8,3,-0.8660254037844385,-0.5000000000000004,-1.0,-1.8369701987210297e-16,9.0,4.0,South,147,0,0,0,0.3,0,1,0,0,0,0,0,0,0,0,2.6999999999999997,44.1,36.0,7950369.84,276.0,28805.687826086956,1309005.45,15.88872913208348,3
40b8b6b7-5a96-4b5c-bce4-4bb89a07e654,8d9d8a883cfe62b0bfcdfa9af4e8550397f1b636,1257,TX,Flood,1998-10-21 00:00:00+00:00,1998-10-17 00:00:00+00:00,1998-11-15 00:00:00+00:00,DR,2024-08-27T18:22:14.800Z,1998,10,4,-0.8660254037844386,0.5000000000000001,-2.4492935982947064e-16,1.0,29.0,4.0,South,157,0,0,0,0.44999999999999996,0,0,1,0,0,0,0,0,0,0,13.049999999999999,70.64999999999999,116.0,32236796.13,1761.0,18305.960323679727,804284.0,17.288619126064724,3
b9cc5490-2884-4262-8be2-b0b6e15be7ba,e8be9d954aed2592027a140eef04aeed2844459e,3134,IL,Snowstorm,1999-01-08 00:00:00+00:00,1999-01-01 00:00:00+00:00,1999-01-15 00:00:00+00:00,EM,2024-08-27T18:22:14.800Z,1999,1,1,0.49999999999999994,0.8660254037844387,1.0,6.123233995736766e-17,14.0,7.0,Midwest,35,0,0,0,0.15,0,0,0,0,0,1,0,0,0,0,2.1,5.25,98.0,29471448.12,1864.0,15810.86272532189,677268.0,17.198932526222958,0
dc402210-7729-4291-8c91-f92646ab0f27,6ca7f9668431be135d08db44e4959e0ffc91c290,1260,TN,Severe Storm,1999-01-15 00:00:00+00:00,1998-12-23 00:00:00+00:00,1998-12-29 00:00:00+00:00,DR,2024-08-27T18:22:14.800Z,1999,1,1,0.49999999999999994,0.8660254037844387,1.0,6.123233995736766e-17,6.0,23.0,South,27,0,0,0,0.3,0,1,0,0,0,0,0,0,0,0,1.7999999999999998,8.1,138.0,9711200.78,210.0,46243.81323809524,687414.68,16.08879059985923,3
effe7215-bcb0-4d1c-8598-794b6b596434,1d7f6255b72ac45627f3957b6ca327019a2beee9,1261,AL,Severe Storm,1999-01-15 00:00:00+00:00,1998-12-23 00:00:00+00:00,1998-12-29 00:00:00+00:00,DR,2024-08-27T18:22:14.800Z,1999,1,1,0.49999999999999994,0.8660254037844387,1.0,6.123233995736766e-17,6.0,23.0,South,40,0,0,0,0.3,0,1,0,0,0,0,0,0,0,0,1.7999999999999998,12.0,138.0,5498755.67,138.0,39846.05557971015,772826.25,15.520032564647286,3
f39ed4e3-33d8-440c-b6bf-c2edebafa557,9a442dd1f8ed73b5b3817dfa0b85cb6c9590124b,3135,IN,Snowstorm,1999-01-15 00:00:00+00:00,1999-01-01 00:00:00+00:00,1999-01-15 00:00:00+00:00,EM,2024-08-27T18:22:14.800Z,1999,1,1,0.49999999999999994,0.8660254037844387,1.0,6.123233995736766e-17,14.0,14.0,Midwest,25,0,0,0,0.15,0,0,0,0,0,1,0,0,0,0,2.1,3.75,196.0,9434506.959999999,572.0,16493.893286713286,701716.0,16.05988458492146,0
200ff4b2-4f8a-4197-8580-4cf3eb6438c8,e043f19f1eb6614fdcd32043686cad4b28db18f2,3136,NY,Snowstorm,1999-01-15 00:00:00+00:00,1999-01-01 00:00:00+00:00,1999-01-15 00:00:00+00:00,EM,2024-08-27T18:22:14.800Z,1999,1,1,0.49999999999999994,0.8660254037844387,1.0,6.123233995736766e-17,14.0,14.0,Northeast,45,0,0,0,0.15,0,0,0,0,0,1,0,0,0,0,2.1,6.75,196.0,4453679.06,407.0,10942.700393120393,747090.92,15.309241292158335,1
1884fe5b-8acf-4eb0-8cef-d4f02ff1674a,89e9f7201bf7248a681e51f70a91f48d1b9640e8,1262,TN,Severe Storm,1999-01-19 00:00:00+00:00,1999-01-17 00:00:00+00:00,1999-02-01 00:00:00+00:00,DR,2026-07-20T21:43:12.371Z,1999,1,1,0.49999999999999994,0.8660254037844387,1.0,6.123233995736766e-17,15.0,2.0,South,28,0,0,0,0.3,0,1,0,0,0,0,0,0,0,0,4.5,8.4,30.0,14973702.74,267.0,56081.28367041198,3104475.92,16.521806136616444,3
4a2d2134-9983-4d98-b8b7-b97cf46eda71,71b570f144bbb76c1f05b3ef4928a63475dd14ef,1264,LA,Severe Storm,1999-01-21 00:00:00+00:00,1998-12-22 00:00:00+00:00,1998-12-28 00:00:00+00:00,DR,2024-08-27T18:22:14.800Z,1999,1,1,0.49999999999999994,0.8660254037844387,1.0,6.123233995736766e-17,6.0,30.0,South,42,0,0,0,0.3,0,1,0,0,0,0,0,0,0,0,1.7999999999999998,12.6,180.0,2910386.64,92.0,31634.63739130435,531723.36,14.883796839898055,3
06620dac-393e-44d0-9e37-6bb9de85fbd8,7ebd17e991aa768d3390c20f3aa94b0905123aef,1266,AR,Severe Storm,1999-01-23 00:00:00+00:00,1999-01-21 00:00:00+00:00,1999-01-31 00:00:00+00:00,DR,2026-07-20T21:43:12.371Z,1999,1,1,0.49999999999999994,0.8660254037844387,1.0,6.123233995736766e-17,10.0,2.0,South,37,0,0,0,0.3,0,1,0,0,0,0,0,0,0,0,3.0,11.1,20.0,7021560.22,312.0,22505.000705128205,475333.42,15.764496147287064,3
7a8b5587-abcc-464b-8950-120a0a577ea3,5adf10283a0f81b593546a9cb4de136e17a458c4,1265,MS,Severe Ice Storm,1999-01-25 00:00:00+00:00,1998-12-23 00:00:00+00:00,1998-12-26 00:00:00+00:00,DR,2024-08-27T18:22:14.800Z,1999,1,1,0.49999999999999994,0.8660254037844387,1.0,6.123233995736766e-17,3.0,33.0,South,38,0,0,0,0.3,0,0,0,0,0,0,0,1,0,0,0.8999999999999999,11.4,99.0,6677096.48,175.0,38154.83702857143,569632.91,15.71419394210441,3
e177611b-e81c-40a4-9006-5457036ade60,6986ca8d07e58c6eec5569de4b1d807bab8c6059,3137,MI,Snowstorm,1999-01-27 00:00:00+00:00,1999-01-02 00:00:00+00:00,1999-01-15 00:00:00+00:00,EM,2024-08-27T18:22:14.800Z,1999,1,1,0.49999999999999994,0.8660254037844387,1.0,6.123233995736766e-17,13.0,25.0,Midwest,24,0,0,0,0.15,0,0,0,0,0,1,0,0,0,0,1.95,3.5999999999999996,325.0,8645443.19,529.0,16342.992797731567,628229.25,15.972543056924733,0
163b27b9-2140-4dc4-b82b-a5652d5dec71,da133c3e7593f4b4ec3454f45a8d74ea59a05663,1268,WY,Severe Ice Storm,1999-02-17 00:00:00+00:00,1998-10-05 00:00:00+00:00,1998-10-09 00:00:00+00:00,DR,2024-08-27T18:22:14.800Z,1999,2,1,0.8660254037844386,0.5000000000000001,1.0,6.123233995736766e-17,4.0,135.0,West,6,0,0,0,0.3,0,0,0,0,0,0,0,1,0,0,1.2,1.7999999999999998,540.0,683362.9400000001,9.0,75929.21555555557,467725.45,13.43478285168733,4
b18c959d-e4b4-4bd0-80ad-26c3ffd9fec1,caa49b6cd2f4e878788a63dd3275d48dc905d008,3138,NY,Snowstorm,1999-03-10 00:00:00+00:00,1999-03-03 00:00:00+00:00,1999-03-06 00:00:00+00:00,EM,2024-08-27T18:22:14.800Z,1999,3,1,1.0,6.123233995736766e-17,1.0,6.123233995736766e-17,3.0,7.0,Northeast,46,0,0,0,0.15,0,0,0,0,0,1,0,0,0,0,0.44999999999999996,6.8999999999999995,21.0,2951546.84,230.0,12832.812347826086,390722.17,14.897840282238958,1
d8efcaeb-c258-4dfa-9cf6-82ca8900db39,79c1c34a4fbcff4d5fd684b98faf716fdc55d9ea,1269,LA,Severe Storm,1999-04-09 00:00:00+00:00,1999-04-03 00:00:00+00:00,1999-04-07 00:00:00+00:00,DR,2024-08-27T18:22:14.800Z,1999,4,2,0.8660254037844387,-0.4999999999999998,1.2246467991473532e-16,-1.0,4.0,6.0,South,43,0,0,0,0.3,0,1,0,0,0,0,0,0,0,0,1.2,12.9,24.0,1659035.03,101.0,16426.089405940595,253634.98,14.321747286839102,3
90b7178d-1730-4653-8ea0-f6350747a5bb,87cc31e83c10f0e31164a6abc480e850954dd2a7,1271,GA,Severe Storm,1999-04-20 00:00:00+00:00,1999-04-15 00:00:00+00:00,1999-04-15 00:00:00+00:00,DR,2024-08-27T18:22:14.800Z,1999,4,2,0.8660254037844387,-0.4999999999999998,1.2246467991473532e-16,-1.0,0.0,5.0,South,30,0,0,0,0.3,0,1,0,0,0,0,0,0,0,0,0.0,9.0,0.0,1800849.31,37.0,48671.60297297298,594521.75,14.403769505767709,3
ce6d0f0b-d277-4e80-aad8-21c38f54c44e,972b1631408cd20d423d225f3fb209bb92fc3b71,3139,FL,Fire,1999-04-27 00:00:00+00:00,1999-04-15 00:00:00+00:00,1999-05-25 00:00:00+00:00,EM,2024-08-27T18:22:14.800Z,1999,4,2,0.8660254037844387,-0.4999999999999998,1.2246467991473532e-16,-1.0,40.0,12.0,South,73,0,0,0,0.3,1,0,0,0,0,0,0,0,0,0,12.0,21.9,480.0,1012733.25,10.0,101273.325,767339.25,13.828164409228382,3
3ef35844-421b-4085-a375-fe9af0edae4c,f16369ab501fd76f89163189b96288fb8868cb60,1272,OK,Tornado,1999-05-04 00:00:00+00:00,1999-05-03 00:00:00+00:00,1999-05-04 00:00:00+00:00,DR,2024-08-27T18:22:14.800Z,1999,5,2,0.49999999999999994,-0.8660254037844387,1.2246467991473532e-16,-1.0,1.0,1.0,South,51,0,0,0,0.44999999999999996,0,0,0,0,1,0,0,0,0,0,0.44999999999999996,22.95,1.0,39757834.0,371.0,107163.9730458221,7414681.23,17.498317486559838,3
8b2770e8-a25e-4006-b282-979879c4ce0a,2c73b63ab2adbb57ff1186ac78845ec53603a5e1,1273,KS,Tornado,1999-05-04 00:00:00+00:00,1999-05-03 00:00:00+00:00,1999-05-06 00:00:00+00:00,DR,2024-08-27T18:22:14.800Z,1999,5,2,0.49999999999999994,-0.8660254037844387,1.2246467991473532e-16,-1.0,3.0,1.0,Midwest,22,0,0,0,0.44999999999999996,0,0,0,0,1,0,0,0,0,0,1.3499999999999999,9.899999999999999,3.0,3033944.15,72.0,42138.11319444444,388914.48,14.9253743602829,0
5ad04171-a8bb-486f-8d51-fbb3e3c7185b,60abf7a09cb0f674b2a85cfd9e3a6b95260650c2,1274,TX,Tornado,1999-05-06 00:00:00+00:00,1999-05-04 00:00:00+00:00,1999-05-04 00:00:00+00:00,DR,2024-08-27T18:22:14.800Z,1999,5,2,0.49999999999999994,-0.8660254037844387,1.2246467991473532e-16,-1.0,0.0,2.0,South,159,0,0,0,0.44999999999999996,0,0,0,0,1,0,0,0,0,0,0.0,71.55,0.0,1588108.85,35.0,45374.53857142857,496509.75,14.278055093459706,3
f2710502-8485-468f-8b8d-9e5523dbfe90,6afe5aad05d571f44ff1e72b5f539388ae808064,1275,TN,Severe Storm,1999-05-12 00:00:00+00:00,1999-05-05 00:00:00+00:00,1999-05-19 00:00:00+00:00,DR,2024-08-27T18:22:14.800Z,1999,5,2,0.49999999999999994,-0.8660254037844387,1.2246467991473532e-16,-1.0,14.0,7.0,South,30,0,0,0,0.3,0,1,0,0,0,0,0,0,0,0,4.2,9.0,98.0,5113084.65,127.0,40260.50905511811,1104426.86,15.447313625339786,3
ca7ee5c3-7378-46e6-ba62-d9017481a3c0,9360349367bba6c13a4f8f8b5a36ab631c44c65d,1276,CO,Severe Storm,1999-05-17 00:00:00+00:00,1999-04-29 00:00:00+00:00,1999-05-19 00:00:00+00:00,DR,2026-07-20T21:43:12.371Z,1999,5,2,0.49999999999999994,-0.8660254037844387,1.2246467991473532e-16,-1.0,20.0,18.0,West,21,0,0,0,0.3,0,1,0,0,0,0,0,0,0,0,6.0,6.3,360.0,5047597.55,304.0,16603.939309210527,490987.5,15.434423153495617,4
0bbb97ae-d1ca-4a5f-b969-6b6310eba5ef,f3c3952aadc5ac5f753803ddda031b70ae27c72b,1277,IA,Severe Storm,1999-05-21 00:00:00+00:00,1999-05-16 00:00:00+00:00,1999-05-29 00:00:00+00:00,DR,2024-08-27T18:22:14.800Z,1999,5,2,0.49999999999999994,-0.8660254037844387,1.2246467991473532e-16,-1.0,13.0,5.0,Midwest,31,0,0,0,0.3,0,1,0,0,0,0,0,0,0,0,3.9,9.299999999999999,65.0,8203650.4,497.0,16506.33883299799,265265.55,15.920089905804044,0
585c966c-fc18-4c03-891b-3a1730fcd66a,4eee682d7bd54d8c8fa2b14ee41c387ed01eddf2,1278,IL,Severe Storm,1999-05-28 00:00:00+00:00,1999-05-16 00:00:00+00:00,1999-05-17 00:00:00+00:00,DR,2024-08-27T18:22:14.800Z,1999,5,2,0.49999999999999994,-0.8660254037844387,1.2246467991473532e-16,-1.0,1.0,12.0,Midwest,36,0,0,0,0.3,0,1,0,0,0,0,0,0,0,0,0.3,10.799999999999999,12.0,477708.63,53.0,9013.370377358491,127414.27,13.076758358270528,0
210bec08-d4f6-4bb3-a151-80fbb32e109d,0d905a7080ff40c5f837f5e09e04a39448b93f8e,1279,ND,Flood,1999-06-08 00:00:00+00:00,1999-03-01 00:00:00+00:00,1999-07-19 00:00:00+00:00,DR,2026-07-20T21:43:12.371Z,1999,6,2,1.2246467991473532e-16,-1.0,1.2246467991473532e-16,-1.0,140.0,99.0,Midwest,26,0,0,0,0.44999999999999996,0,0,1,0,0,0,0,0,0,0,62.99999999999999,11.7,13860.0,47132308.39,1993.0,23648.925434019067,3116201.4,17.66846929812379,0
8db2a717-2256-4da0-b7ae-e35ef999a929,00f4d2c089316036f070c2ae05980266b9536ece,1280,SD,Tornado,1999-06-09 00:00:00+00:00,1999-06-04 00:00:00+00:00,1999-06-18 00:00:00+00:00,DR,2024-08-27T18:22:14.800Z,1999,6,2,1.2246467991473532e-16,-1.0,1.2246467991473532e-16,-1.0,14.0,5.0,Midwest,28,0,0,0,0.44999999999999996,0,0,0,0,1,0,0,0,0,0,6.299999999999999,12.599999999999998,70.0,760273.1900000001,33.0,23038.581515151516,127943.21,13.541434423514177,0
7205d67f-d219-4753-9ece-092a0d9624da,722889c1a193c42cd194c65ee43be0f49efcb984,1281,NV,Severe Storm,1999-07-20 00:00:00+00:00,1999-07-08 00:00:00+00:00,1999-07-16 00:00:00+00:00,DR,2024-08-27T18:22:14.800Z,1999,7,3,-0.4999999999999997,-0.8660254037844388,-1.0,-1.8369701987210297e-16,8.0,12.0,West,23,0,0,0,0.3,0,1,0,0,0,0,0,0,0,0,2.4,6.8999999999999995,96.0,4656181.4,157.0,29657.206369426753,327846.75,15.353706442883812,4
12525dfa-0eac-40cb-bdbf-903723df3a9d,6cbe8acd051a670a6c1b43dfa25f9985e71692aa,1282,IA,Severe Storm,1999-07-22 00:00:00+00:00,1999-07-02 00:00:00+00:00,1999-08-10 00:00:00+00:00,DR,2024-08-27T18:22:14.800Z,1999,7,3,-0.4999999999999997,-0.8660254037844388,-1.0,-1.8369701987210297e-16,39.0,20.0,Midwest,32,0,0,0,0.3,0,1,0,0,0,0,0,0,0,0,11.7,9.6,780.0,10559363.68,829.0,12737.471266586248,714087.99,16.172523671553744,0
78c4d45d-c3ad-42c2-a608-7ea9affe3d64,c3443fa26c4a8989538d956a2620c0c27653d452,1283,MN,Severe Storm,1999-07-28 00:00:00+00:00,1999-07-04 00:00:00+00:00,1999-08-02 00:00:00+00:00,DR,2024-08-27T18:22:14.800Z,1999,7,3,-0.4999999999999997,-0.8660254037844388,-1.0,-1.8369701987210297e-16,29.0,24.0,Midwest,39,0,0,0,0.3,0,1,0,0,0,0,0,0,0,0,8.7,11.7,696.0,11336227.12,486.0,23325.570205761316,686775.75,16.243514183650532,0
b3e09e06-fe3f-43bc-9a5c-cde3ba53de7d,afc0e1edb4e8cd0f67bdb2ef2c6367df54ee0d95,1284,WI,Flood,1999-08-16 00:00:00+00:00,1999-07-04 00:00:00+00:00,1999-07-31 00:00:00+00:00,DR,2024-08-27T18:22:14.800Z,1999,8,3,-0.8660254037844385,-0.5000000000000004,-1.0,-1.8369701987210297e-16,27.0,43.0,Midwest,29,0,0,0,0.44999999999999996,0,0,1,0,0,0,0,0,0,0,12.149999999999999,13.049999999999999,1161.0,3897306.47,301.0,12947.862026578074,192373.85,15.175796480361667,0
f1bd8349-6a03-4057-b1e2-2986100c4eae,9d09aa51f969800bd386747d24a8118461970cf7,1285,UT,Tornado,1999-08-16 00:00:00+00:00,1999-08-11 00:00:00+00:00,1999-08-11 00:00:00+00:00,DR,2024-08-27T18:22:14.800Z,1999,8,3,-0.8660254037844385,-0.5000000000000004,-1.0,-1.8369701987210297e-16,0.0,5.0,West,7,0,0,0,0.44999999999999996,0,0,0,0,1,0,0,0,0,0,0.0,3.1499999999999995,0.0,492108.72,16.0,30756.795,153098.24,13.10645697874191,4
406f7450-6fe0-4385-9dc3-1ba128c2ea88,c9c6971cf7df0f02dcb39b8ffb2c1c07a8c9cb33,1286,NE,Severe Storm,1999-08-20 00:00:00+00:00,1999-08-06 00:00:00+00:00,1999-08-09 00:00:00+00:00,DR,2024-08-27T18:22:14.800Z,1999,8,3,-0.8660254037844385,-0.5000000000000004,-1.0,-1.8369701987210297e-16,3.0,14.0,Midwest,25,0,0,0,0.3,0,1,0,0,0,0,0,0,0,0,0.8999999999999999,7.5,42.0,1990333.52,56.0,35541.67,465422.16,14.503813283075882,0
ca253828-fe36-430f-bb15-3de403d53b49,6528faa7234df4d0a1ba1edc9715da1de191d448,1287,TX,Hurricane,1999-08-22 00:00:00+00:00,1999-08-21 00:00:00+00:00,1999-08-26 00:00:00+00:00,DR,2026-07-20T21:43:12.371Z,1999,8,3,-0.8660254037844385,-0.5000000000000004,-1.0,-1.8369701987210297e-16,5.0,1.0,South,161,0,0,0,0.6,0,0,0,1,0,0,0,0,0,0,3.0,96.6,5.0,3533420.08,260.0,13590.077230769231,195426.27,15.077777104068092,3
1a988999-fdc0-48d7-b0c7-e82e25c13c34,36286ab20a5df1681124dca62722a9747842d91d,1288,MN,Severe Ice Storm,1999-08-26 00:00:00+00:00,1999-03-01 00:00:00+00:00,1999-05-30 00:00:00+00:00,DR,2024-08-27T18:22:14.800Z,1999,8,3,-0.8660254037844385,-0.5000000000000004,-1.0,-1.8369701987210297e-16,90.0,178.0,Midwest,40,0,0,0,0.3,0,0,0,0,0,0,0,1,0,0,27.0,12.0,16020.0,7559648.6,235.0,32168.71744680851,763855.77,15.838335397875209,0
3112d811-df5f-4e80-9edb-e8921878a880,3994e5f3175968666f610c7461cf87f124fb04b9,1289,PA,Severe Storm,1999-09-01 00:00:00+00:00,1999-08-20 00:00:00+00:00,1999-08-21 00:00:00+00:00,DR,2024-08-27T18:22:14.800Z,1999,9,3,-1.0,-1.8369701987210297e-16,-1.0,-1.8369701987210297e-16,1.0,12.0,Northeast,33,0,0,0,0.3,0,1,0,0,0,0,0,0,0,0,0.3,9.9,12.0,745575.53,77.0,9682.799090909091,92958.75,13.521913063853784,1
abf744cc-a8e9-49a4-8712-ef06303cd572,89602c22b40eea8f4deedec168ee9f70780466d3,3140,CA,Fire,1999-09-01 00:00:00+00:00,1999-08-24 00:00:00+00:00,1999-11-29 00:00:00+00:00,EM,2024-08-27T18:22:14.800Z,1999,9,3,-1.0,-1.8369701987210297e-16,-1.0,-1.8369701987210297e-16,97.0,8.0,West,72,0,0,0,0.3,1,0,0,0,0,0,0,0,0,0,29.099999999999998,21.599999999999998,776.0,50508112.0,93.0,543097.9784946237,11118688.5,17.737644534807547,4
a9bc1b7b-9665-47e5-a96e-5c7a1ef87dcf,12bf941d79bb839b1c1df926a42572105bf781ce,3141,NC,Hurricane,1999-09-01 00:00:00+00:00,1999-08-29 00:00:00+00:00,1999-09-11 00:00:00+00:00,EM,2024-08-27T18:22:14.800Z,1999,9,3,-1.0,-1.8369701987210297e-16,-1.0,-1.8369701987210297e-16,13.0,3.0,South,30,0,0,0,0.6,0,0,0,1,0,0,0,0,0,0,7.8,18.0,39.0,3322083.95,118.0,28153.253813559324,825876.0,15.016103140773032,3
50bce801-57df-4843-b987-b0883c67dfd4,7c0f405133baa1048081f88821ef9d18b052814b,3142,TX,Fire,1999-09-01 00:00:00+00:00,1999-08-01 00:00:00+00:00,1999-12-10 00:00:00+00:00,EM,2024-08-27T18:22:14.800Z,1999,9,3,-1.0,-1.8369701987210297e-16,-1.0,-1.8369701987210297e-16,131.0,31.0,South,167,0,0,0,0.3,1,0,0,0,0,0,0,0,0,0,39.3,50.1,4061.0,6074829.75,1.0,6074829.75,6074829.75,15.619664686720482,3
9993acf4-4086-4dc8-8425-28d0a75fb213,5084f02a5d4089d08cd220a927c23fe65f4948d9,3143,FL,Hurricane,1999-09-14 00:00:00+00:00,1999-09-14 00:00:00+00:00,1999-09-16 00:00:00+00:00,EM,2024-08-27T18:22:14.800Z,1999,9,3,-1.0,-1.8369701987210297e-16,-1.0,-1.8369701987210297e-16,2.0,0.0,South,75,0,0,0,0.6,0,0,0,1,0,0,0,0,0,0,1.2,45.0,0.0,3523720.0100000002,120.0,29364.33341666667,407687.84,15.075028094345756,3
081abde1-fa2f-4261-b223-acb7493b45c4,75c8b42753aeaba45ec02ed9bedf4b1ba486950c,3144,GA,Hurricane,1999-09-14 00:00:00+00:00,1999-09-14 00:00:00+00:00,1999-09-17 00:00:00+00:00,EM,2024-08-27T18:22:14.800Z,1999,9,3,-1.0,-1.8369701987210297e-16,-1.0,-1.8369701987210297e-16,3.0,0.0,South,31,0,0,0,0.6,0,0,0,1,0,0,0,0,0,0,1.7999999999999998,18.599999999999998,0.0,3594018.66,110.0,32672.896909090912,427537.42,15.094781816538838,3
7e8549f1-d074-42cc-a77e-345d247e15fe,b0a078cd23cc7aa4a8235c70d9fffdb1221d888f,1292,NC,Hurricane,1999-09-16 00:00:00+00:00,1999-09-15 00:00:00+00:00,1999-11-02 00:00:00+00:00,DR,2024-08-27T18:22:14.800Z,1999,9,3,-1.0,-1.8369701987210297e-16,-1.0,-1.8369701987210297e-16,48.0,1.0,South,33,0,0,0,0.6,0,0,0,1,0,0,0,0,0,0,28.799999999999997,19.8,48.0,298922233.24,3757.0,79564.07592227841,32366740.01,19.515694011372844,3
9c4fd615-e04d-4039-bd2a-aa3fa3d2a90b,e2fc2c01cf03aef6f7d62f8c84384152f3f9d3d2,3148,NJ,Hurricane,1999-09-17 00:00:00+00:00,1999-09-16 00:00:00+00:00,1999-09-18 00:00:00+00:00,EM,2024-08-27T18:22:14.800Z,1999,9,3,-1.0,-1.8369701987210297e-16,-1.0,-1.8369701987210297e-16,2.0,1.0,Northeast,20,0,0,0,0.6,0,0,0,1,0,0,0,0,0,0,1.2,12.0,2.0,1936383.16,34.0,56952.44588235294,203362.5,14.476332956886147,1
a6258d02-b9ce-43f0-a828-f70ab773a2e2,deeb4978a5a675ef4cf25d4ccb8f02a282fd59a0,1293,VA,Hurricane,1999-09-18 00:00:00+00:00,1999-09-13 00:00:00+00:00,1999-09-26 00:00:00+00:00,DR,2024-08-27T18:22:14.800Z,1999,9,3,-1.0,-1.8369701987210297e-16,-1.0,-1.8369701987210297e-16,13.0,5.0,South,29,0,0,0,0.6,0,0,0,1,0,0,0,0,0,0,7.8,17.4,65.0,19329889.74,956.0,20219.54993723849,470926.27,16.777163198814684,3
712d4d5e-5d00-46f8-aee2-ef6376d73ff1,de8e9c8595627a3a7b1e41b3e64f49931ba6103f,1294,PA,Hurricane,1999-09-18 00:00:00+00:00,1999-09-16 00:00:00+00:00,1999-09-29 00:00:00+00:00,DR,2024-08-27T18:22:14.800Z,1999,9,3,-1.0,-1.8369701987210297e-16,-1.0,-1.8369701987210297e-16,13.0,2.0,Northeast,34,0,0,0,0.6,0,0,0,1,0,0,0,0,0,0,7.8,20.4,26.0,10693544.86,840.0,12730.410547619047,505441.49,16.18515092678526,1
810438a5-6787-4a03-a9a1-086dcbf11388,bd22f3683118ddb9ffd2be86a0a5d6ac0bdfcbf8,1295,NJ,Hurricane,1999-09-18 00:00:00+00:00,1999-09-16 00:00:00+00:00,1999-09-18 00:00:00+00:00,DR,2024-08-27T18:22:14.800Z,1999,9,3,-1.0,-1.8369701987210297e-16,-1.0,-1.8369701987210297e-16,2.0,2.0,Northeast,21,0,0,0,0.6,0,0,0,1,0,0,0,0,0,0,1.2,12.6,4.0,39290938.9,1494.0,26299.155890227576,3326776.62,17.4865045133661,1
ab897c80-ecca-4884-9a51-409c35ac7bd7,3b2683f84564f54958a5a704d5d297f3f1006f22,1296,NY,Hurricane,1999-09-19 00:00:00+00:00,1999-09-16 00:00:00+00:00,1999-09-18 00:00:00+00:00,DR,2024-08-27T18:22:14.800Z,1999,9,3,-1.0,-1.8369701987210297e-16,-1.0,-1.8369701987210297e-16,2.0,3.0,Northeast,49,0,0,0,0.6,0,0,0,1,0,0,0,0,0,0,1.2,29.4,6.0,40014652.64,1423.0,28119.92455375966,1766911.34,17.50475628599173,1
65d22dbb-3cbd-4807-8e43-e11dfc22915d,c2b5280a509f50b914ed26ed5dbce7cea2bf63f6,1297,DE,Hurricane,1999-09-21 00:00:00+00:00,1999-09-15 00:00:00+00:00,1999-09-17 00:00:00+00:00,DR,2024-08-27T18:22:14.800Z,1999,9,3,-1.0,-1.8369701987210297e-16,-1.0,-1.8369701987210297e-16,2.0,6.0,South,8,0,0,0,0.6,0,0,0,1,0,0,0,0,0,0,1.2,4.8,12.0,3256197.5,134.0,24299.981343283584,394216.36,14.996070968619781,3
be8d99a2-45de-4188-ba89-c906c68c8d00,77d426e095f4296e2934cadc9ed32ae69989085d,1299,SC,Hurricane,1999-09-21 00:00:00+00:00,1999-09-14 00:00:00+00:00,1999-09-30 00:00:00+00:00,DR,2024-08-27T18:22:14.800Z,1999,9,3,-1.0,-1.8369701987210297e-16,-1.0,-1.8369701987210297e-16,16.0,7.0,South,9,0,0,0,0.6,0,0,0,1,0,0,0,0,0,0,9.6,5.3999999999999995,112.0,20324098.61,461.0,44086.98180043384,1468333.6,16.827317912785894,3
c05b19ae-a085-4009-ab7f-8ca0bde36b52,b48c52bd80be966dfaf74dda001c1ddb56b311db,1300,FL,Hurricane,1999-09-22 00:00:00+00:00,1999-09-13 00:00:00+00:00,1999-09-25 00:00:00+00:00,DR,2024-08-27T18:22:14.800Z,1999,9,3,-1.0,-1.8369701987210297e-16,-1.0,-1.8369701987210297e-16,12.0,9.0,South,76,0,0,0,0.6,0,0,0,1,0,0,0,0,0,0,7.199999999999999,45.6,108.0,33561222.14,612.0,54838.59826797386,4457020.87,17.328881885263847,3
1e2a7369-0046-4882-adc9-60f5e7186ef0,f0235f63f457e7ae6668d8c3261a72d0d1515985,1301,NM,Severe Storm,1999-09-22 00:00:00+00:00,1999-07-16 00:00:00+00:00,1999-08-07 00:00:00+00:00,DR,2024-08-27T18:22:14.800Z,1999,9,3,-1.0,-1.8369701987210297e-16,-1.0,-1.8369701987210297e-16,22.0,68.0,West,21,0,0,0,0.3,0,1,0,0,0,0,0,0,0,0,6.6,6.3,1496.0,1880067.71,119.0,15798.88831932773,262571.25,14.446818882010614,4
7118e1ed-4b2a-4e0e-9cc9-befeb303aef2,1ede5f1ad4595e7e4989b6fac5556c180a10a7d6,1302,CT,Hurricane,1999-09-23 00:00:00+00:00,1999-09-16 00:00:00+00:00,1999-09-21 00:00:00+00:00,DR,2026-07-20T21:43:12.371Z,1999,9,3,-1.0,-1.8369701987210297e-16,-1.0,-1.8369701987210297e-16,5.0,7.0,Northeast,12,0,0,0,0.6,0,0,0,1,0,0,0,0,0,0,3.0,7.199999999999999,35.0,1791011.34,138.0,12978.343043478262,137481.0,14.398291571024696,1
433827c4-ebce-4d10-b95a-aa404a5f5158,b77c54382c468c66eafb5b08fe23c9732bc60f15,1303,MD,Hurricane,1999-09-24 00:00:00+00:00,1999-09-16 00:00:00+00:00,1999-09-20 00:00:00+00:00,DR,2024-08-27T18:22:14.800Z,1999,9,3,-1.0,-1.8369701987210297e-16,-1.0,-1.8369701987210297e-16,4.0,8.0,South,14,0,0,0,0.6,0,0,0,1,0,0,0,0,0,0,2.4,8.4,32.0,5235027.6,321.0,16308.497196261682,494686.13,15.470882865500123,3
d6e7a88a-19d7-4589-87d4-7e8f273969d5,6403911020ba93befa65d94bc47f6e5ff4484074,3150,FL,Hurricane,1999-10-15 00:00:00+00:00,1999-10-14 00:00:00+00:00,1999-10-19 00:00:00+00:00,EM,2024-08-27T18:22:14.800Z,1999,10,4,-0.8660254037844386,0.5000000000000001,-2.4492935982947064e-16,1.0,5.0,1.0,South,77,0,0,0,0.6,0,0,0,1,0,0,0,0,0,0,3.0,46.199999999999996,5.0,515513.7,41.0,12573.504878048781,94849.5,13.152921098036458,3
89d455b3-53ba-4324-b6d1-996a604149ed,22a23f7a17fd7cf8475743f910f5eddde8482a0a,1305,NH,Hurricane,1999-10-18 00:00:00+00:00,1999-09-16 00:00:00+00:00,1999-09-18 00:00:00+00:00,DR,2026-07-20T21:43:12.371Z,1999,10,4,-0.8660254037844386,0.5000000000000001,-2.4492935982947064e-16,1.0,2.0,32.0,Northeast,16,0,0,0,0.6,0,0,0,1,0,0,0,0,0,0,1.2,9.6,64.0,562599.68,47.0,11970.20595744681,256814.42,13.240325383711177,1
51b947a4-8369-4a90-b50a-2464283c5e45,1db195d2c894001c72f30856da489da1ce46817d,1306,FL,Hurricane,1999-10-20 00:00:00+00:00,1999-10-14 00:00:00+00:00,1999-10-24 00:00:00+00:00,DR,2024-08-27T18:22:14.800Z,1999,10,4,-0.8660254037844386,0.5000000000000001,-2.4492935982947064e-16,1.0,10.0,6.0,South,78,0,0,0,0.6,0,0,0,1,0,0,0,0,0,0,6.0,46.8,60.0,104472287.25,1410.0,74093.82074468085,10504877.81,18.464432409991062,3
d25d8de7-97bf-43b3-b312-d924bf328908,012ffe933bfaaba7698d4373df813aa72baaf491,1307,VT,Severe Storm,1999-11-10 00:00:00+00:00,1999-09-16 00:00:00+00:00,1999-09-21 00:00:00+00:00,DR,2024-08-27T18:22:14.800Z,1999,11,4,-0.5000000000000004,0.8660254037844384,-2.4492935982947064e-16,1.0,5.0,55.0,Northeast,17,0,0,0,0.3,0,1,0,0,0,0,0,0,0,0,1.5,5.1,275.0,953423.41,93.0,10251.864623655914,92790.75,13.767815424529786,1
9112d111-d598-4f09-a1db-627680c03401,05d79cf8b4c53c62a0b009ccba609e46b60a6c19,1308,ME,Hurricane,1999-11-18 00:00:00+00:00,1999-09-16 00:00:00+00:00,1999-09-19 00:00:00+00:00,DR,2026-07-20T21:43:12.371Z,1999,11,4,-0.5000000000000004,0.8660254037844384,-2.4492935982947064e-16,1.0,3.0,63.0,Northeast,26,0,0,0,0.6,0,0,0,1,0,0,0,0,0,0,1.7999999999999998,15.6,189.0,868601.53,94.0,9240.441808510639,78995.43,13.67464091181175,1
4db33a9d-c8cc-4e04-bf39-a22aa71638f0,7409f6b01d591be068d0b655e66dc702f4cade7f,1309,VI,Hurricane,1999-11-23 00:00:00+00:00,1999-11-17 00:00:00+00:00,1999-11-20 00:00:00+00:00,DR,2024-08-27T18:22:14.800Z,1999,11,4,-0.5000000000000004,0.8660254037844384,-2.4492935982947064e-16,1.0,3.0,6.0,Other,14,0,0,0,0.6,0,0,0,1,0,0,0,0,0,0,1.7999999999999998,8.4,18.0,4705840.36,153.0,30757.126535947715,406343.0,15.364315137543999,2
a0e678cb-82a6-4622-b11f-d99d30e0dc39,f3b71ee61b209e4b0a6012f62de364206c86a963,3153,MA,Fire,1999-12-06 00:00:00+00:00,1999-12-03 00:00:00+00:00,1999-12-13 00:00:00+00:00,EM,2024-08-27T18:22:14.800Z,1999,12,4,-2.4492935982947064e-16,1.0,-2.4492935982947064e-16,1.0,10.0,3.0,Northeast,20,0,0,0,0.3,1,0,0,0,0,0,0,0,0,0,3.0,6.0,30.0,2989368.2399999998,195.0,15330.093538461537,616166.1,14.910572966590673,1
c2b3ab7b-77bd-4573-a146-b5bd6fa31955,3250ff90d988cf6e5aec8797684bb397da8089d5,1310,KY,Tornado,2000-01-10 00:00:00+00:00,2000-01-03 00:00:00+00:00,2000-01-04 00:00:00+00:00,DR,2026-07-20T21:43:12.371Z,2000,1,1,0.49999999999999994,0.8660254037844387,1.0,6.123233995736766e-17,1.0,7.0,South,35,0,0,0,0.44999999999999996,0,0,0,0,1,0,0,0,0,0,0.44999999999999996,15.749999999999998,7.0,4812465.34,252.0,19097.08468253968,1338480.01,15.386720263268002,3
d983567c-cdc1-4285-987b-b7b7597f6151,af9461c30791867ac19d5b3ad0493781703596d4,1311,GA,Severe Storm,2000-01-28 00:00:00+00:00,2000-01-22 00:00:00+00:00,2000-02-01 00:00:00+00:00,DR,2024-08-27T18:22:14.800Z,2000,1,1,0.49999999999999994,0.8660254037844387,1.0,6.123233995736766e-17,10.0,6.0,South,32,0,0,0,0.3,0,1,0,0,0,0,0,0,0,0,3.0,9.6,60.0,41053708.37,321.0,127893.17249221183,8713985.19,17.53039175202146,3
d22627b1-98a6-4e57-88a2-475970ba3db1,971fae7003117a92a8e4e72db3b0d77d52d86d76,1312,NC,Severe Storm,2000-01-31 00:00:00+00:00,2000-01-24 00:00:00+00:00,2000-02-01 00:00:00+00:00,DR,2024-08-27T18:22:14.800Z,2000,1,1,0.49999999999999994,0.8660254037844387,1.0,6.123233995736766e-17,8.0,7.0,South,34,0,0,0,0.3,0,1,0,0,0,0,0,0,0,0,2.4,10.2,56.0,26704341.38,394.0,67777.5161928934,6235454.26,17.100336746101743,3
a77a552f-11cb-4e12-ad9a-6193bceb4e24,1df50efd71fe74a4f66691ada3ee5f1a40f46fa1,1313,SC,Severe Storm,2000-01-31 00:00:00+00:00,2000-01-22 00:00:00+00:00,2000-02-01 00:00:00+00:00,DR,2024-08-27T18:22:14.800Z,2000,1,1,0.49999999999999994,0.8660254037844387,1.0,6.123233995736766e-17,10.0,9.0,South,10,0,0,0,0.3,0,1,0,0,0,0,0,0,0,0,3.0,3.0,90.0,8467261.200000001,188.0,45038.623404255326,2283865.72,15.951717779429691,3
835028b6-69b1-4292-a4a4-1ac5fcaa01b3,b49dcda54ce1f649aa7a239a44f41118d56d76f0,1314,LA,Snowstorm,2000-02-15 00:00:00+00:00,2000-01-27 00:00:00+00:00,2000-01-30 00:00:00+00:00,DR,2026-07-20T21:43:12.371Z,2000,2,1,0.8660254037844386,0.5000000000000001,1.0,6.123233995736766e-17,3.0,19.0,South,44,0,0,0,0.15,0,0,0,0,0,1,0,0,0,0,0.44999999999999996,6.6,57.0,2528280.78,60.0,42138.013,337087.82,14.743050491644874,3
9a6687eb-f41b-437d-9552-622ca95cb12a,620c713c8901e0ae52817162cf6521c246fb24db,1315,GA,Severe Storm,2000-02-15 00:00:00+00:00,2000-02-14 00:00:00+00:00,2000-02-14 00:00:00+00:00,DR,2026-07-20T21:43:12.371Z,2000,2,1,0.8660254037844386,0.5000000000000001,1.0,6.123233995736766e-17,0.0,1.0,South,33,0,0,0,0.3,0,1,0,0,0,0,0,0,0,0,0.0,9.9,0.0,2120432.18,39.0,54370.0558974359,755999.14,14.567130955964304,3
c5fdff84-fc55-47d4-bd02-0e0fe3ecf13d,119f945c0a48e97e298c8700a94c77ca44098340,1316,AK,Severe Storm,2000-02-17 00:00:00+00:00,1999-12-21 00:00:00+00:00,2000-02-23 00:00:00+00:00,DR,2024-08-27T18:22:14.800Z,2000,2,1,0.8660254037844386,0.5000000000000001,1.0,6.123233995736766e-17,64.0,58.0,West,27,0,0,0,0.3,0,1,0,0,0,0,0,0,0,0,19.2,8.1,3712.0,10446187.9,227.0,46018.44889867841,783710.25,16.161747771291807,4
c01ad31c-915e-479f-8dc1-63918974a813,224b5d81fa94d47b26ee8de9915eea553282256d,1317,AL,Severe Storm,2000-02-18 00:00:00+00:00,2000-01-22 00:00:00+00:00,2000-01-29 00:00:00+00:00,DR,2024-08-27T18:22:14.800Z,2000,2,1,0.8660254037844386,0.5000000000000001,1.0,6.123233995736766e-17,7.0,27.0,South,48,0,0,0,0.3,0,1,0,0,0,0,0,0,0,0,2.1,14.399999999999999,189.0,3306074.86,41.0,80635.97219512195,677312.81,15.011272503258347,3
5b974c5e-a16a-45dc-9a3f-c0697bf86e70,28a5cd9918cbb0b6bf183bd52850886320b77937,1318,VA,Severe Storm,2000-02-28 00:00:00+00:00,2000-01-25 00:00:00+00:00,2000-01-30 00:00:00+00:00,DR,2024-08-27T18:22:14.800Z,2000,2,1,0.8660254037844386,0.5000000000000001,1.0,6.123233995736766e-17,5.0,34.0,South,30,0,0,0,0.3,0,1,0,0,0,0,0,0,0,0,1.5,9.0,170.0,13288130.02,193.0,68850.41461139896,1695944.69,16.40238179025074,3
44e24e0d-d3d6-4f8c-971b-5ac64ef4a471,3c7ed66093538a36d3ed28e9d3107b23de32e938,1319,WV,Flood,2000-02-28 00:00:00+00:00,2000-02-18 00:00:00+00:00,2000-02-22 00:00:00+00:00,DR,2024-08-27T18:22:14.800Z,2000,2,1,0.8660254037844386,0.5000000000000001,1.0,6.123233995736766e-17,4.0,10.0,South,32,0,0,0,0.44999999999999996,0,0,1,0,0,0,0,0,0,0,1.7999999999999998,14.399999999999999,40.0,4974170.35,1029.0,4833.984791059281,119524.2,15.419769351887634,3
ab474000-a1be-4d82-8218-098476d8724d,1528a419a77ef8daac71b23349db14bbe5f85b2f,1320,KY,Severe Storm,2000-02-28 00:00:00+00:00,2000-02-18 00:00:00+00:00,2000-03-02 00:00:00+00:00,DR,2024-08-27T18:22:14.800Z,2000,2,1,0.8660254037844386,0.5000000000000001,1.0,6.123233995736766e-17,13.0,10.0,South,36,0,0,0,0.3,0,1,0,0,0,0,0,0,0,0,3.9,10.799999999999999,130.0,2733031.6,210.0,13014.436190476192,156852.0,14.820922393123,3
95565c85-c9e1-4bf3-90a7-d45b23d9f5bf,93ffd7b96fc1019534c2e43c0c1b92938f7787cb,1323,TX,Tornado,2000-04-07 00:00:00+00:00,2000-03-28 00:00:00+00:00,2000-03-29 00:00:00+00:00,DR,2026-07-20T21:43:12.371Z,2000,4,2,0.8660254037844387,-0.4999999999999998,1.2246467991473532e-16,-1.0,1.0,10.0,South,175,0,0,0,0.44999999999999996,0,0,0,0,1,0,0,0,0,0,0.44999999999999996,78.74999999999999,10.0,3633005.03,103.0,35271.89349514563,724938.42,15.105570970987262,3
321524dd-24c6-420a-a8d9-b5c84e0ad453,512efa87900578cbcba95044420951ac2eb66bec,1324,MD,Severe Storm,2000-04-10 00:00:00+00:00,2000-01-25 00:00:00+00:00,2000-01-30 00:00:00+00:00,DR,2024-08-27T18:22:14.800Z,2000,4,2,0.8660254037844387,-0.4999999999999998,1.2246467991473532e-16,-1.0,5.0,76.0,South,15,0,0,0,0.3,0,1,0,0,0,0,0,0,0,0,1.5,4.5,380.0,10592977.95,193.0,54885.896113989635,1233951.97,16.175701976415326,3
15516a46-4010-4f14-8b3b-cc9bfc291324,2dda0cb3e45f252d93ab4c57d36711615e46e43d,1325,DC,Severe Storm,2000-04-10 00:00:00+00:00,2000-01-25 00:00:00+00:00,2000-01-31 00:00:00+00:00,DR,2024-08-27T18:22:14.800Z,2000,4,2,0.8660254037844387,-0.4999999999999998,1.2246467991473532e-16,-1.0,6.0,76.0,South,4,0,0,0,0.3,0,1,0,0,0,0,0,0,0,0,1.7999999999999998,1.2,456.0,1351956.28,19.0,71155.59368421053,426904.82,14.117063937452695,3
79e01b63-86dd-45a4-8a66-7b0f7de6fe33,5102e882a7b712f7d9c3df1c905f2020a68b625c,1326,ME,Severe Storm,2000-04-28 00:00:00+00:00,2000-03-28 00:00:00+00:00,2000-04-26 00:00:00+00:00,DR,2024-08-27T18:22:14.800Z,2000,4,2,0.8660254037844387,-0.4999999999999998,1.2246467991473532e-16,-1.0,29.0,31.0,Northeast,27,0,0,0,0.3,0,1,0,0,0,0,0,0,0,0,8.7,8.1,899.0,2079226.57,357.0,5824.1640616246505,184695.83,14.547507022129162,1
1c45f6e0-b24b-4899-ac79-5e790c49c8e3,6213c06144c3aac8f4479acf566e687056655b4c,1327,KS,Severe Storm,2000-05-03 00:00:00+00:00,2000-04-19 00:00:00+00:00,2000-04-20 00:00:00+00:00,DR,2024-08-27T18:22:14.800Z,2000,5,2,0.49999999999999994,-0.8660254037844387,1.2246467991473532e-16,-1.0,1.0,14.0,Midwest,23,0,0,0,0.3,0,1,0,0,0,0,0,0,0,0,0.3,6.8999999999999995,14.0,587135.46,37.0,15868.525945945945,67964.81,13.28301254198062,0
0a249cd7-e5fe-4245-9a87-6787d535f31e,50f7d5f87dc43c130414ef381bff257b494eac8b,3154,NM,Fire,2000-05-10 00:00:00+00:00,2000-05-05 00:00:00+00:00,2000-07-07 00:00:00+00:00,EM,2024-08-27T18:22:14.800Z,2000,5,2,0.49999999999999994,-0.8660254037844387,1.2246467991473532e-16,-1.0,63.0,5.0,West,24,0,0,0,0.3,1,0,0,0,0,0,0,0,0,0,18.9,7.199999999999999,315.0,2707511.72,30.0,90250.39066666667,717418.68,14.811540955907189,4
038cef5a-c933-48ce-8bfa-5c3f13fc30e5,6ae69ef8bc686428bb9b78d73a1ecc394a1b98a2,1328,MO,Flood,2000-05-12 00:00:00+00:00,2000-05-06 00:00:00+00:00,2000-05-07 00:00:00+00:00,DR,2024-08-27T18:22:14.800Z,2000,5,2,0.49999999999999994,-0.8660254037844387,1.2246467991473532e-16,-1.0,1.0,6.0,Midwest,31,0,0,0,0.44999999999999996,0,0,1,0,0,0,0,0,0,0,0.44999999999999996,13.95,6.0,2443912.25,172.0,14208.79215116279,299688.71,14.70911110355364,0
e83ae93b-5eed-4c52-a5d1-4c6f87a23efc,1f8343161b74a84174ec662934339ace0e61f7bc,1329,NM,Fire,2000-05-13 00:00:00+00:00,2000-05-05 00:00:00+00:00,2000-06-09 00:00:00+00:00,DR,2024-08-27T18:22:14.800Z,2000,5,2,0.49999999999999994,-0.8660254037844387,1.2246467991473532e-16,-1.0,35.0,8.0,West,25,0,0,0,0.3,1,0,0,0,0,0,0,0,0,0,10.5,7.5,280.0,5534563.430000001,26.0,212867.82423076924,1809947.6,15.52652342726142,4
2593d1f5-ff34-4d83-b610-99cac39fa735,6669fa231521113cdc56d7d27fe382c49f59d379,1330,SD,Severe Storm,2000-05-19 00:00:00+00:00,2000-04-18 00:00:00+00:00,2000-04-20 00:00:00+00:00,DR,2026-07-20T21:43:12.371Z,2000,5,2,0.49999999999999994,-0.8660254037844387,1.2246467991473532e-16,-1.0,2.0,31.0,Midwest,29,0,0,0,0.3,0,1,0,0,0,0,0,0,0,0,0.6,8.7,62.0,1705191.67,41.0,41590.04073170732,640369.97,14.349188665247954,0
a2724aa0-dbef-47e3-8f56-0eac8e63edfc,05090d13dfd67199506a58d84e22adef974b361c,1331,TN,Severe Storm,2000-06-12 00:00:00+00:00,2000-05-23 00:00:00+00:00,2000-05-31 00:00:00+00:00,DR,2024-08-27T18:22:14.800Z,2000,6,2,1.2246467991473532e-16,-1.0,1.2246467991473532e-16,-1.0,8.0,20.0,South,31,0,0,0,0.3,0,1,0,0,0,0,0,0,0,0,2.4,9.299999999999999,160.0,3541378.16,125.0,28331.02528,650585.25,15.080026802458564,3
e1b328c9-5dab-4485-8db5-f28583e05947,ca5e16f2d3000a0afd6c50f9d3b34e4e00f35c27,1332,WI,Severe Storm,2000-06-24 00:00:00+00:00,2000-05-26 00:00:00+00:00,2000-07-19 00:00:00+00:00,DR,2024-08-27T18:22:14.800Z,2000,6,2,1.2246467991473532e-16,-1.0,1.2246467991473532e-16,-1.0,54.0,29.0,Midwest,30,0,0,0,0.3,0,1,0,0,0,0,0,0,0,0,16.2,9.0,1566.0,10478017.290000001,823.0,12731.491239368166,482618.25,16.16479012451091,0
586a840b-bc7a-4942-ab0d-f120a7d69a08,d10be86252ede14d7377a5d8a6c437cd1706f1ca,1333,MN,Severe Storm,2000-06-27 00:00:00+00:00,2000-05-17 00:00:00+00:00,2000-07-26 00:00:00+00:00,DR,2024-08-27T18:22:14.800Z,2000,6,2,1.2246467991473532e-16,-1.0,1.2246467991473532e-16,-1.0,70.0,41.0,Midwest,41,0,0,0,0.3,0,1,0,0,0,0,0,0,0,0,21.0,12.299999999999999,2870.0,11620927.31,666.0,17448.839804804804,699379.99,16.268318195181593,0
6b7a71e6-6f0f-45ce-8a95-ed24f75d3777,385b50193bdf5a70abb99fb2cd21b012bfcc40ee,1334,ND,Severe Storm,2000-06-27 00:00:00+00:00,2000-04-05 00:00:00+00:00,2000-08-12 00:00:00+00:00,DR,2024-08-27T18:22:14.800Z,2000,6,2,1.2246467991473532e-16,-1.0,1.2246467991473532e-16,-1.0,129.0,83.0,Midwest,27,0,0,0,0.3,0,1,0,0,0,0,0,0,0,0,38.699999999999996,8.1,10707.0,38868072.85,1138.0,34154.72130931459,3858662.88,17.475683747960243,0
a3a6f44f-8160-4132-9685-1630906c7bd7,66beb554b22218961670954327c7f042f12796b2,1335,NY,Severe Storm,2000-07-21 00:00:00+00:00,2000-05-03 00:00:00+00:00,2000-08-12 00:00:00+00:00,DR,2024-08-27T18:22:14.800Z,2000,7,3,-0.4999999999999997,-0.8660254037844388,-1.0,-1.8369701987210297e-16,101.0,79.0,Northeast,50,0,0,0,0.3,0,1,0,0,0,0,0,0,0,0,30.299999999999997,15.0,7979.0,29910672.41,1639.0,18249.342532031726,724806.92,17.213725944896314,1
395d56e0-0b21-49ae-80ee-32d37a0ab5a1,5cd94e27277770471fdf3f41b3d9c4be552e7ca3,1336,VT,Severe Storm,2000-07-27 00:00:00+00:00,2000-07-14 00:00:00+00:00,2000-07-18 00:00:00+00:00,DR,2024-08-27T18:22:14.800Z,2000,7,3,-0.4999999999999997,-0.8660254037844388,-1.0,-1.8369701987210297e-16,4.0,13.0,Northeast,18,0,0,0,0.3,0,1,0,0,0,0,0,0,0,0,1.2,5.3999999999999995,52.0,2362694.28,151.0,15646.981986754965,252845.21,14.675313593135092,1
52420a95-b44e-4d5f-b3b7-f49200be1ca5,e39823e9dfaeda59f4fd8c69c7ac74866df45a74,1337,NJ,Severe Storm,2000-08-17 00:00:00+00:00,2000-08-12 00:00:00+00:00,2000-08-21 00:00:00+00:00,DR,2026-07-20T21:43:12.371Z,2000,8,3,-0.8660254037844385,-0.5000000000000004,-1.0,-1.8369701987210297e-16,9.0,5.0,Northeast,22,0,0,0,0.3,0,1,0,0,0,0,0,0,0,0,2.6999999999999997,6.6,45.0,4577174.69,153.0,29916.17444444445,737063.0,15.336592704304365,1
f8783264-c6a3-4789-935d-36743c4638c4,6ca415706b1c0f03e052b74ec68793c2822ae793,1338,DC,Severe Storm,2000-08-17 00:00:00+00:00,2000-08-07 00:00:00+00:00,2000-08-07 00:00:00+00:00,DR,2024-08-27T18:22:14.800Z,2000,8,3,-0.8660254037844385,-0.5000000000000004,-1.0,-1.8369701987210297e-16,0.0,10.0,South,5,0,0,0,0.3,0,1,0,0,0,0,0,0,0,0,0.0,1.5,0.0,281655.34,5.0,56331.06800000001,261608.42,12.548442954277213,3
cce016ec-32fe-46d6-82a3-9e9059d44d57,6b7cfc463ffffaad2ab60f7fc86e8b0ea4965c1b,1343,OH,Severe Storm,2000-09-26 00:00:00+00:00,2000-09-20 00:00:00+00:00,2000-09-20 00:00:00+00:00,DR,2026-07-20T21:43:12.371Z,2000,9,3,-1.0,-1.8369701987210297e-16,-1.0,-1.8369701987210297e-16,0.0,6.0,Midwest,32,0,0,0,0.3,0,1,0,0,0,0,0,0,0,0,0.0,9.6,0.0,3229233.38,40.0,80730.8345,2155379.55,14.987755633046099,0
23dceb1a-eda1-4e9a-9a15-aee3e82a374e,68550a12d5007730e1648b4e96659b4c2ba669a1,1344,FL,Severe Storm,2000-10-03 00:00:00+00:00,2000-09-21 00:00:00+00:00,2000-10-04 00:00:00+00:00,DR,2026-07-20T21:43:12.371Z,2000,10,4,-0.8660254037844386,0.5000000000000001,-2.4492935982947064e-16,1.0,13.0,12.0,South,89,0,0,0,0.3,0,1,0,0,0,0,0,0,0,0,3.9,26.7,156.0,19335803.82,612.0,31594.45068627451,720268.85,16.77746910718956,3
3425c1ad-08bc-45ab-baf1-9a77b48c348a,93fb8b8923882e5ee6713586408010fc2021818b,1345,FL,Severe Storm,2000-10-04 00:00:00+00:00,2000-10-03 00:00:00+00:00,2000-10-11 00:00:00+00:00,DR,2024-08-27T18:22:14.800Z,2000,10,4,-0.8660254037844386,0.5000000000000001,-2.4492935982947064e-16,1.0,8.0,1.0,South,90,0,0,0,0.3,0,1,0,0,0,0,0,0,0,0,2.4,27.0,8.0,284727581.57,2687.0,105964.86102344622,2930616.11,19.467043430484818,3
921b2a71-8695-4fc0-b680-bd3ba25c0123,0fbc7e365a9a80d1fe189134804956cd67fc19ef,3155,NY,Other,2000-10-11 00:00:00+00:00,2000-05-22 00:00:00+00:00,2000-11-01 00:00:00+00:00,EM,2024-08-27T18:22:14.800Z,2000,10,4,-0.8660254037844386,0.5000000000000001,-2.4492935982947064e-16,1.0,163.0,142.0,Northeast,51,0,0,0,0.0,0,0,0,0,0,0,0,0,0,0,0.0,0.0,23146.0,4549306.37,2.0,2274653.185,4293592.37,15.330485552965897,1
c822b8f6-fce4-4e8d-9203-d00c55d82ef6,b4f645ba907f56d6ab4299edca994c21b86d2cec,1347,AZ,Severe Storm,2000-10-27 00:00:00+00:00,2000-10-21 00:00:00+00:00,2000-11-08 00:00:00+00:00,DR,2024-08-27T18:22:14.800Z,2000,10,4,-0.8660254037844386,0.5000000000000001,-2.4492935982947064e-16,1.0,18.0,6.0,West,31,0,0,0,0.3,0,1,0,0,0,0,0,0,0,0,5.3999999999999995,9.299999999999999,108.0,5417229.57,166.0,32633.913072289157,450207.79,15.505095277884108,4
a9e7c48b-2a72-4a42-8fc7-fd23a6148d79,bdb424950f4bd82009d4e8be5fe166f19b3cf88e,3156,NJ,Other,2000-11-01 00:00:00+00:00,2000-05-30 00:00:00+00:00,2000-11-01 00:00:00+00:00,EM,2024-08-27T18:22:14.800Z,2000,11,4,-0.5000000000000004,0.8660254037844384,-2.4492935982947064e-16,1.0,155.0,155.0,Northeast,23,0,0,0,0.0,0,0,0,0,0,0,0,0,0,0,0.0,0.0,24025.0,2362985.16,23.0,102738.48521739131,440344.67,14.675436699190403,1
ed265a26-3e1f-47ca-b45e-8915799c9965,da65095a48176618ab5046590a9a07ca65b213bf,1348,HI,Severe Storm,2000-11-09 00:00:00+00:00,2000-10-28 00:00:00+00:00,2000-11-02 00:00:00+00:00,DR,2024-08-27T18:22:14.800Z,2000,11,4,-0.5000000000000004,0.8660254037844384,-2.4492935982947064e-16,1.0,5.0,12.0,West,24,0,0,0,0.3,0,1,0,0,0,0,0,0,0,0,1.5,7.199999999999999,60.0,4016825.21,88.0,45645.74102272727,1095031.13,15.206002648775947,4
2cd868c6-3ca0-40b7-9746-8b8925abfcf3,585cf75c48719991bfd9ee44a33dd33b9f0da0a3,1349,OK,Severe Storm,2000-11-27 00:00:00+00:00,2000-10-21 00:00:00+00:00,2000-10-29 00:00:00+00:00,DR,2024-08-27T18:22:14.800Z,2000,11,4,-0.5000000000000004,0.8660254037844384,-2.4492935982947064e-16,1.0,8.0,37.0,South,55,0,0,0,0.3,0,1,0,0,0,0,0,0,0,0,2.4,16.5,296.0,2720093.51,424.0,6415.314882075471,118910.25,14.81617718399207,3
e87df6cc-f608-428d-b7d5-b2caef07a696,10bbde34589941f605225ccf2088df4a9bb3a7a5,3157,NY,Snowstorm,2000-12-04 00:00:00+00:00,2000-11-19 00:00:00+00:00,2000-11-21 00:00:00+00:00,EM,2024-08-27T18:22:14.800Z,2000,12,4,-2.4492935982947064e-16,1.0,-2.4492935982947064e-16,1.0,2.0,15.0,Northeast,52,0,0,0,0.15,0,0,0,0,0,1,0,0,0,0,0.3,7.8,30.0,4780999.12,214.0,22341.11738317757,501697.93,15.380160312707591,1
a434ddfa-6fc8-4d52-ad08-740b2628d2d4,203bbf0b078b1fdb5e49443a36894ac9af8a6c0d,1350,MT,Severe Storm,2000-12-06 00:00:00+00:00,2000-10-31 00:00:00+00:00,2000-11-20 00:00:00+00:00,DR,2024-08-27T18:22:14.800Z,2000,12,4,-2.4492935982947064e-16,1.0,-2.4492935982947064e-16,1.0,20.0,36.0,West,32,0,0,0,0.3,0,1,0,0,0,0,0,0,0,0,6.0,9.6,720.0,2049746.26,15.0,136649.75066666666,1646008.77,14.533227055709146,4
becf0c4f-36a8-4cd1-b158-ddbb26814deb,b7d7ba3b7b40442efd844ca541dc470b5fdc0085,1351,WY,Severe Storm,2000-12-13 00:00:00+00:00,2000-10-31 00:00:00+00:00,2000-11-20 00:00:00+00:00,DR,2024-08-27T18:22:14.800Z,2000,12,4,-2.4492935982947064e-16,1.0,-2.4492935982947064e-16,1.0,20.0,43.0,West,8,0,0,0,0.3,0,1,0,0,0,0,0,0,0,0,6.0,2.4,860.0,656348.76,9.0,72927.64,559137.0,13.39444909657292,4
2fa6c8d5-2080-4c63-8058-d090dc8f99f3,38c76366b8f48807273da7ade50c71633d9f94de,1352,AL,Severe Storm,2000-12-18 00:00:00+00:00,2000-12-16 00:00:00+00:00,2000-12-22 00:00:00+00:00,DR,2024-08-27T18:22:14.800Z,2000,12,4,-2.4492935982947064e-16,1.0,-2.4492935982947064e-16,1.0,6.0,2.0,South,51,0,0,0,0.3,0,1,0,0,0,0,0,0,0,0,1.7999999999999998,15.299999999999999,12.0,1030736.26,51.0,20210.514901960785,196593.81,13.845784890560674,3
881eae74-d184-4a01-8e7a-71ce7069c3b2,1508e4a9f50f82fbd42d5305fd66055b480a45b1,1353,ND,Tornado,2000-12-29 00:00:00+00:00,2000-11-01 00:00:00+00:00,2000-11-20 00:00:00+00:00,DR,2024-08-27T18:22:14.800Z,2000,12,4,-2.4492935982947064e-16,1.0,-2.4492935982947064e-16,1.0,19.0,58.0,Midwest,28,0,0,0,0.44999999999999996,0,0,0,0,1,0,0,0,0,0,8.549999999999999,12.599999999999998,1102.0,773505.8300000001,20.0,38675.29150000001,225726.14,13.558689778949809,0
bf3266b7-4fab-40c4-914a-bd96d1f8566e,09d0882eb42658e1a8253832a33bb1896cfa1fb2,1354,AR,Severe Ice Storm,2000-12-29 00:00:00+00:00,2000-12-12 00:00:00+00:00,2001-01-08 00:00:00+00:00,DR,2026-07-20T21:43:12.371Z,2000,12,4,-2.4492935982947064e-16,1.0,-2.4492935982947064e-16,1.0,27.0,17.0,South,39,0,0,0,0.3,0,0,0,0,0,0,0,1,0,0,8.1,11.7,459.0,192353653.57,1932.0,99561.93248964802,12093556.54,19.07484618656618,3
0ef05416-dbdf-4486-b4a6-c9279382bd00,002fe81b45283beeb80ec4531a6efbcc8176e991,1355,OK,Severe Ice Storm,2001-01-05 00:00:00+00:00,2000-12-25 00:00:00+00:00,2001-01-10 00:00:00+00:00,DR,2024-08-27T18:22:14.800Z,2001,1,1,0.49999999999999994,0.8660254037844387,1.0,6.123233995736766e-17,16.0,11.0,South,57,0,0,0,0.3,0,0,0,0,0,0,0,1,0,0,4.8,17.099999999999998,176.0,159389146.18,3284.0,48535.062783191235,4262289.2,18.88685923655705,3
a3afd375-71c8-4441-ab0f-245f000709f8,93b80f9faa664b4f7c6d00988d0114d09b5eb395,1356,TX,Severe Ice Storm,2001-01-08 00:00:00+00:00,2000-12-12 00:00:00+00:00,2001-01-15 00:00:00+00:00,DR,2024-08-27T18:22:14.800Z,2001,1,1,0.49999999999999994,0.8660254037844387,1.0,6.123233995736766e-17,34.0,27.0,South,192,0,0,0,0.3,0,0,0,0,0,0,0,1,0,0,10.2,57.599999999999994,918.0,38680965.58,718.0,53873.211114206126,4107001.24,17.47085821737882,3
4cb02722-e600-493a-af5e-7c7793fe66a3,e6bdeca8dd314601ebc1c532ab453917be52de54,3160,MI,Snowstorm,2001-01-10 00:00:00+00:00,2000-12-11 00:00:00+00:00,2000-12-31 00:00:00+00:00,EM,2024-08-27T18:22:14.800Z,2001,1,1,0.49999999999999994,0.8660254037844387,1.0,6.123233995736766e-17,20.0,30.0,Midwest,27,0,0,0,0.15,0,0,0,0,0,1,0,0,0,0,3.0,4.05,600.0,8810175.48,846.0,10413.9190070922,388799.01,15.991418029493795,0
0ad76ee5-072f-4832-91e0-1047c996028e,cd89c3bdfa49ad701055a1fc7a9416123f573351,1357,LA,Severe Ice Storm,2001-01-12 00:00:00+00:00,2000-12-11 00:00:00+00:00,2001-01-03 00:00:00+00:00,DR,2024-08-27T18:22:14.800Z,2001,1,1,0.49999999999999994,0.8660254037844387,1.0,6.123233995736766e-17,23.0,32.0,South,46,0,0,0,0.3,0,0,0,0,0,0,0,1,0,0,6.8999999999999995,13.799999999999999,736.0,4193827.35,93.0,45094.91774193548,975868.37,15.24912456209095,3
af9e289c-0223-493f-8666-33b724ceb984,6bfddcdcf6d3ca24f450d18b582b6baa1dd4077f,3161,IL,Snowstorm,2001-01-17 00:00:00+00:00,2000-12-11 00:00:00+00:00,2000-12-31 00:00:00+00:00,EM,2024-08-27T18:22:14.800Z,2001,1,1,0.49999999999999994,0.8660254037844387,1.0,6.123233995736766e-17,20.0,37.0,Midwest,37,0,0,0,0.15,0,0,0,0,0,1,0,0,0,0,3.0,5.55,740.0,17059604.7,1264.0,13496.522705696201,1235412.82,16.652223987216747,0
e2d10af5-6e12-4589-ba2d-99a073f4a210,0a1c4115438d3c9b979509e301c791408f5512d4,1358,VT,Severe Storm,2001-01-18 00:00:00+00:00,2000-12-16 00:00:00+00:00,2000-12-18 00:00:00+00:00,DR,2024-08-27T18:22:14.800Z,2001,1,1,0.49999999999999994,0.8660254037844387,1.0,6.123233995736766e-17,2.0,33.0,Northeast,19,0,0,0,0.3,0,1,0,0,0,0,0,0,0,0,0.6,5.7,66.0,686786.67,155.0,4430.881741935485,36531.9,13.43978045501961,1
cc572bf7-85f8-4376-8629-4f9f5d4a3c90,6acbae0f4c0c35fb737a7a149955f7234b1385bf,3162,IN,Snowstorm,2001-01-24 00:00:00+00:00,2000-12-11 00:00:00+00:00,2000-12-31 00:00:00+00:00,EM,2024-08-27T18:22:14.800Z,2001,1,1,0.49999999999999994,0.8660254037844387,1.0,6.123233995736766e-17,20.0,44.0,Midwest,26,0,0,0,0.15,0,0,0,0,0,1,0,0,0,0,3.0,3.9,880.0,3488222.44,255.0,13679.30368627451,355892.59,15.064903121592303,0
919fd27d-d4d8-4f76-9c5e-93130d8b74f1,a03709156026c408dd50b7ff38efbfc863ce4716,3163,WI,Snowstorm,2001-01-24 00:00:00+00:00,2000-12-11 00:00:00+00:00,2000-12-31 00:00:00+00:00,EM,2024-08-27T18:22:14.800Z,2001,1,1,0.49999999999999994,0.8660254037844387,1.0,6.123233995736766e-17,20.0,44.0,Midwest,31,0,0,0,0.15,0,0,0,0,0,1,0,0,0,0,3.0,4.6499999999999995,880.0,5134527.52,428.0,11996.559626168224,499941.54,15.451498580186811,0
c7d0a864-1c93-4eaf-ac41-7547b875859c,1ed2183bd99c10ab19fded61c8896f26cf2c6cc7,1360,MS,Severe Storm,2001-02-23 00:00:00+00:00,2001-02-16 00:00:00+00:00,2001-03-15 00:00:00+00:00,DR,2024-08-27T18:22:14.800Z,2001,2,1,0.8660254037844386,0.5000000000000001,1.0,6.123233995736766e-17,27.0,7.0,South,39,0,0,0,0.3,0,1,0,0,0,0,0,0,0,0,8.1,11.7,189.0,17935942.68,510.0,35168.51505882353,1948366.93,16.702317284235626,3
dac8b133-bb38-4743-a7e7-f9c8f7b1c910,970676d4cb906d844685e5761f04bd040c696b8e,1361,WA,Earthquake,2001-03-01 00:00:00+00:00,2001-02-28 00:00:00+00:00,2001-03-16 00:00:00+00:00,DR,2024-08-27T18:22:14.800Z,2001,3,1,1.0,6.123233995736766e-17,1.0,6.123233995736766e-17,16.0,1.0,West,58,0,0,0,0.6,0,0,0,0,0,0,0,0,0,0,9.6,34.8,16.0,65305038.88,1419.0,46021.87377026075,7548628.5,17.99457977166657,4
711fa818-b61b-4cba-8349-e3c5a11c0157,b634699e76281508358d65d5a487d5d19a13c68a,1362,AL,Severe Storm,2001-03-05 00:00:00+00:00,2001-02-16 00:00:00+00:00,2001-02-17 00:00:00+00:00,DR,2024-08-27T18:22:14.800Z,2001,3,1,1.0,6.123233995736766e-17,1.0,6.123233995736766e-17,1.0,17.0,South,52,0,0,0,0.3,0,1,0,0,0,0,0,0,0,0,0.3,15.6,17.0,4614395.95,129.0,35770.51124031008,964378.7,15.344691745658153,3
45277a2c-fc13-4c7e-98d7-a7d2fd787e24,a97470842aefcbddadbf27e1e00b0dae2cba40c0,1363,AR,Severe Storm,2001-03-13 00:00:00+00:00,2001-02-14 00:00:00+00:00,2001-03-21 00:00:00+00:00,DR,2024-08-27T18:22:14.800Z,2001,3,1,1.0,6.123233995736766e-17,1.0,6.123233995736766e-17,35.0,27.0,South,40,0,0,0,0.3,0,1,0,0,0,0,0,0,0,0,10.5,12.0,945.0,2898682.95,242.0,11978.028719008265,241392.82,14.879767381608797,3
f993ce48-0572-468d-aef1-5a9c8d7f6ca1,abda82c786c0e95e63fd5af6d5b94b6898b4ff00,3164,ME,Snowstorm,2001-03-20 00:00:00+00:00,2001-03-05 00:00:00+00:00,2001-03-31 00:00:00+00:00,EM,2024-08-27T18:22:14.800Z,2001,3,1,1.0,6.123233995736766e-17,1.0,6.123233995736766e-17,26.0,15.0,Northeast,28,0,0,0,0.15,0,0,0,0,0,1,0,0,0,0,3.9,4.2,390.0,3239432.02,286.0,11326.685384615384,222351.75,14.990908878628145,1
cc48fea0-4ef1-4f45-a2ad-01f476bdc222,3fb5bbd6eb174e3bc863ba78fe737fdbd1e95243,3165,MA,Snowstorm,2001-03-28 00:00:00+00:00,2001-03-05 00:00:00+00:00,2001-03-07 00:00:00+00:00,EM,2024-08-27T18:22:14.800Z,2001,3,1,1.0,6.123233995736766e-17,1.0,6.123233995736766e-17,2.0,23.0,Northeast,21,0,0,0,0.15,0,0,0,0,0,1,0,0,0,0,0.3,3.15,46.0,20369039.09,322.0,63257.885372670804,731334.08,16.82952666338129,1
54c0aa08-1db9-478c-b0ff-a430017467cc,e91d9f88498714082e0c34bc4616aa376b56736d,3166,NH,Snowstorm,2001-03-28 00:00:00+00:00,2001-03-05 00:00:00+00:00,2001-03-07 00:00:00+00:00,EM,2024-08-27T18:22:14.800Z,2001,3,1,1.0,6.123233995736766e-17,1.0,6.123233995736766e-17,2.0,23.0,Northeast,17,0,0,0,0.15,0,0,0,0,0,1,0,0,0,0,0.3,2.55,46.0,3268895.56,190.0,17204.71347368421,447466.72,14.999963042501516,1
d1262f25-0c86-42ba-a1cf-95adaa510c02,fdb732ee52c24a69c0137ce11bb1ee57060761ca,3167,VT,Snowstorm,2001-04-10 00:00:00+00:00,2001-03-05 00:00:00+00:00,2001-03-07 00:00:00+00:00,EM,2024-08-27T18:22:14.800Z,2001,4,2,0.8660254037844387,-0.4999999999999998,1.2246467991473532e-16,-1.0,2.0,36.0,Northeast,20,0,0,0,0.15,0,0,0,0,0,1,0,0,0,0,0.3,3.0,72.0,1232341.68,156.0,7899.626153846153,328114.37,14.024427533749893,1
ee6d4931-8918-4c11-83ea-f9a3cbe7f61a,d11e4853f18253e1282dc5d64f48252b4f877b62,1365,MS,Severe Storm,2001-04-17 00:00:00+00:00,2001-04-03 00:00:00+00:00,2001-04-05 00:00:00+00:00,DR,2024-08-27T18:22:14.800Z,2001,4,2,0.8660254037844387,-0.4999999999999998,1.2246467991473532e-16,-1.0,2.0,14.0,South,40,0,0,0,0.3,0,1,0,0,0,0,0,0,0,0,0.6,12.0,28.0,2771689.01,150.0,18477.92673333333,265471.18,14.834967804034273,3
ae66c5f4-b97f-4902-9b01-0c46fb23ce98,3f9f858695f46dc788af6b14c367057a648a0651,1366,KS,Severe Storm,2001-04-27 00:00:00+00:00,2001-04-21 00:00:00+00:00,2001-05-01 00:00:00+00:00,DR,2024-08-27T18:22:14.800Z,2001,4,2,0.8660254037844387,-0.4999999999999998,1.2246467991473532e-16,-1.0,10.0,6.0,Midwest,24,0,0,0,0.3,0,1,0,0,0,0,0,0,0,0,3.0,7.199999999999999,60.0,2628180.89,61.0,43084.93262295082,503392.68,14.781802868520343,0
3b2a05ec-0d6a-4ea5-9eb0-b154edfc783d,546040f3d86760c8a5bc4cab7421a27f19025ecf,1367,IA,Severe Storm,2001-05-02 00:00:00+00:00,2001-04-08 00:00:00+00:00,2001-05-29 00:00:00+00:00,DR,2024-08-27T18:22:14.800Z,2001,5,2,0.49999999999999994,-0.8660254037844387,1.2246467991473532e-16,-1.0,51.0,24.0,Midwest,33,0,0,0,0.3,0,1,0,0,0,0,0,0,0,0,15.299999999999999,9.9,1224.0,8296709.57,448.0,18519.441004464286,469847.37,15.93136967734507,0
a330e4f6-b0e7-4535-8c62-6f6a8aa570f4,c23812d618b3538e94bcdbc6cd7b0542e18209e3,1368,IL,Flood,2001-05-09 00:00:00+00:00,2001-04-18 00:00:00+00:00,2001-05-29 00:00:00+00:00,DR,2024-08-27T18:22:14.800Z,2001,5,2,0.49999999999999994,-0.8660254037844387,1.2246467991473532e-16,-1.0,41.0,21.0,Midwest,38,0,0,0,0.44999999999999996,0,0,1,0,0,0,0,0,0,0,18.45,17.099999999999998,861.0,5839380.72,245.0,23834.20702040816,572566.28,15.580135479336786,0
50a65181-4a3b-4663-8a4e-c3c24fc5bbd6,e5fae4d672368f7ba116cae8068b9abb3cb11a08,1369,WI,Flood,2001-05-11 00:00:00+00:00,2001-04-10 00:00:00+00:00,2001-07-06 00:00:00+00:00,DR,2026-07-20T21:43:12.371Z,2001,5,2,0.49999999999999994,-0.8660254037844387,1.2246467991473532e-16,-1.0,87.0,31.0,Midwest,32,0,0,0,0.44999999999999996,0,0,1,0,0,0,0,0,0,0,39.15,14.399999999999999,2697.0,19144751.12,994.0,19260.31299798793,702284.81,16.767539195303836,0
02f16a86-ac13-4ae9-bf7e-8828e90a967e,e73c047fb7c73c6e1da1bd89dcf8c9b9e16b2731,1370,MN,Flood,2001-05-16 00:00:00+00:00,2001-03-23 00:00:00+00:00,2001-07-03 00:00:00+00:00,DR,2026-07-20T21:43:12.371Z,2001,5,2,0.49999999999999994,-0.8660254037844387,1.2246467991473532e-16,-1.0,102.0,54.0,Midwest,43,0,0,0,0.44999999999999996,0,0,1,0,0,0,0,0,0,0,45.9,19.349999999999998,5508.0,36836924.01,2394.0,15387.186303258144,3204124.66,17.42201129708374,0
6c764abc-54b7-4e6c-887b-1c0e7e8d8128,a9646d3530519256570bf864bcf57f8ce789e8df,1371,ME,Severe Storm,2001-05-16 00:00:00+00:00,2001-03-05 00:00:00+00:00,2001-03-31 00:00:00+00:00,DR,2024-08-27T18:22:14.800Z,2001,5,2,0.49999999999999994,-0.8660254037844387,1.2246467991473532e-16,-1.0,26.0,72.0,Northeast,29,0,0,0,0.3,0,1,0,0,0,0,0,0,0,0,7.8,8.7,1872.0,1147208.47,133.0,8625.627593984962,135068.78,13.952843003674872,1
3c3f39c2-9d13-4408-baa7-26d685174c3b,8bba73dc112ad2961d7d4f5fa5c3c1e12b7d4bfb,1372,PR,Severe Storm,2001-05-16 00:00:00+00:00,2001-05-06 00:00:00+00:00,2001-05-11 00:00:00+00:00,DR,2024-08-27T18:22:14.800Z,2001,5,2,0.49999999999999994,-0.8660254037844387,1.2246467991473532e-16,-1.0,5.0,10.0,Other,19,0,0,0,0.3,0,1,0,0,0,0,0,0,0,0,1.5,5.7,50.0,4968092.93,282.0,17617.350815602837,913170.67,15.418546809421548,2
ed82fb8c-6e95-4a7c-abb3-7b9443d1d871,0b621feea03dfcdef9ad47480889521a1f8362f4,1373,NE,Severe Storm,2001-05-16 00:00:00+00:00,2001-04-10 00:00:00+00:00,2001-04-23 00:00:00+00:00,DR,2024-08-27T18:22:14.800Z,2001,5,2,0.49999999999999994,-0.8660254037844387,1.2246467991473532e-16,-1.0,13.0,36.0,Midwest,26,0,0,0,0.3,0,1,0,0,0,0,0,0,0,0,3.9,7.8,468.0,2851666.91,57.0,50029.24403508772,281763.88,14.863414612642565,0
c2e57a38-7e18-44c9-aa01-ae875616afcf,75b3be98f0f85cb76b5eef2e5ca884bfe6bdd51f,1374,CO,Severe Storm,2001-05-17 00:00:00+00:00,2001-04-11 00:00:00+00:00,2001-04-22 00:00:00+00:00,DR,2024-08-27T18:22:14.800Z,2001,5,2,0.49999999999999994,-0.8660254037844387,1.2246467991473532e-16,-1.0,11.0,36.0,West,25,0,0,0,0.3,0,1,0,0,0,0,0,0,0,0,3.3,7.5,396.0,4502216.859999999,25.0,180088.6744,1646658.25,15.320080691103824,4
44e9e68c-0790-440f-b3eb-cc29993806b2,1da7ae49d509297daac86e2ee0422c2ed4e0897e,1375,SD,Flood,2001-05-17 00:00:00+00:00,2001-03-01 00:00:00+00:00,2001-04-30 00:00:00+00:00,DR,2024-08-27T18:22:14.800Z,2001,5,2,0.49999999999999994,-0.8660254037844387,1.2246467991473532e-16,-1.0,60.0,77.0,Midwest,32,0,0,0,0.44999999999999996,0,0,1,0,0,0,0,0,0,0,26.999999999999996,14.399999999999999,4620.0,4846534.08,1089.0,4450.444517906336,168697.7,15.393774591101748,0
7da399d3-b2b2-44fd-b820-324fdacf5d21,16d5dc3195e271d8e8aeae7647b2eaddedc6e3fd,1376,ND,Flood,2001-05-28 00:00:00+00:00,2001-03-01 00:00:00+00:00,2001-08-09 00:00:00+00:00,DR,2024-08-27T18:22:14.800Z,2001,5,2,0.49999999999999994,-0.8660254037844387,1.2246467991473532e-16,-1.0,161.0,88.0,Midwest,29,0,0,0,0.44999999999999996,0,0,1,0,0,0,0,0,0,0,72.44999999999999,13.049999999999999,14168.0,22681562.23,2029.0,11178.690108427798,1358616.0,16.93706295993358,0
8d2589ce-dd65-477f-a845-a17dd45608a8,459293efcae9cc9ff318bfc7f551bb2c258ce075,1377,MT,Severe Storm,2001-05-28 00:00:00+00:00,2001-04-08 00:00:00+00:00,2001-04-09 00:00:00+00:00,DR,2024-08-27T18:22:14.800Z,2001,5,2,0.49999999999999994,-0.8660254037844387,1.2246467991473532e-16,-1.0,1.0,50.0,West,33,0,0,0,0.3,0,1,0,0,0,0,0,0,0,0,0.3,9.9,50.0,705643.88,7.0,100806.26857142858,607012.29,13.466867387094155,4
ab56a45f-d1a7-4b63-8b3b-5d39249316d2,77817c0eabf4d2b1c98064ea4eb1e40af1290cc0,1378,WV,Severe Storm,2001-06-03 00:00:00+00:00,2001-05-15 00:00:00+00:00,2001-09-04 00:00:00+00:00,DR,2026-07-20T21:43:12.371Z,2001,6,2,1.2246467991473532e-16,-1.0,1.2246467991473532e-16,-1.0,112.0,19.0,South,33,0,0,0,0.3,0,1,0,0,0,0,0,0,0,0,33.6,9.9,2128.0,27290631.8,1030.0,26495.759029126213,2965812.97,17.12205408039663,3
4fd03f62-ea1b-48db-8300-9fc6348ecffe,df785ca79c4780bd74af09a3c2b8627f36ae987f,1379,TX,Coastal Storm,2001-06-09 00:00:00+00:00,2001-06-05 00:00:00+00:00,2001-06-20 00:00:00+00:00,DR,2024-08-27T18:22:14.800Z,2001,6,2,1.2246467991473532e-16,-1.0,1.2246467991473532e-16,-1.0,15.0,4.0,South,193,0,0,0,0.3,0,0,0,0,0,0,0,0,0,0,4.5,57.9,60.0,427855698.78,1608.0,266079.4146641791,20595474.54,19.874296546651486,3
49b92665-0334-4a77-98f1-e3542c5f02a2,0254faff34a1380bd0448afab40e0618539f9f29,1380,LA,Coastal Storm,2001-06-11 00:00:00+00:00,2001-06-05 00:00:00+00:00,2001-06-22 00:00:00+00:00,DR,2024-08-27T18:22:14.800Z,2001,6,2,1.2246467991473532e-16,-1.0,1.2246467991473532e-16,-1.0,17.0,6.0,South,47,0,0,0,0.3,0,0,0,0,0,0,0,0,0,0,5.1,14.1,102.0,8721306.94,350.0,24918.01982857143,643351.06,15.981279777756585,3
dcf4d17e-1462-44e7-9eb3-bccb81e7ae4b,8312163d28736efb6980ee287dfda5251e2be464,1381,FL,Severe Storm,2001-06-17 00:00:00+00:00,2001-06-11 00:00:00+00:00,2001-06-15 00:00:00+00:00,DR,2024-08-27T18:22:14.800Z,2001,6,2,1.2246467991473532e-16,-1.0,1.2246467991473532e-16,-1.0,4.0,6.0,South,101,0,0,0,0.3,0,1,0,0,0,0,0,0,0,0,1.2,30.299999999999997,24.0,14322365.14,774.0,18504.347726098193,810233.83,16.47733293908749,3
99b81a0e-11b1-4b8c-b4ac-34279190bdb7,b717e428a066e64dfdce33a0a661cc0dc3b83df7,1382,MS,Severe Storm,2001-06-21 00:00:00+00:00,2001-06-06 00:00:00+00:00,2001-06-13 00:00:00+00:00,DR,2024-08-27T18:22:14.800Z,2001,6,2,1.2246467991473532e-16,-1.0,1.2246467991473532e-16,-1.0,7.0,15.0,South,41,0,0,0,0.3,0,1,0,0,0,0,0,0,0,0,2.1,12.299999999999999,105.0,1717003.31,98.0,17520.44193877551,160244.76,14.356091650068658,3
26c29fba-8dcc-4211-bf9b-bffae5de7ad8,09047829cd002d762bbc4369007eab4f65dadadb,1383,PA,Severe Storm,2001-06-21 00:00:00+00:00,2001-06-15 00:00:00+00:00,2001-06-23 00:00:00+00:00,DR,2024-08-27T18:22:14.800Z,2001,6,2,1.2246467991473532e-16,-1.0,1.2246467991473532e-16,-1.0,8.0,6.0,Northeast,36,0,0,0,0.3,0,1,0,0,0,0,0,0,0,0,2.4,10.799999999999999,48.0,6527382.96,147.0,44403.96571428571,2445764.25,15.691516802300509,1
bc779397-81cb-4403-b6d9-ceda3fa83062,98331adc6849913da2b62fd929333671fd80152e,1384,OK,Severe Storm,2001-06-29 00:00:00+00:00,2001-05-27 00:00:00+00:00,2001-05-30 00:00:00+00:00,DR,2024-08-27T18:22:14.800Z,2001,6,2,1.2246467991473532e-16,-1.0,1.2246467991473532e-16,-1.0,3.0,33.0,South,58,0,0,0,0.3,0,1,0,0,0,0,0,0,0,0,0.8999999999999999,17.4,99.0,6156720.01,243.0,25336.29633744856,552100.62,15.633054890214432,3
2c241131-4b23-4ad6-be20-5e5f0207c56c,c35f86b130d25fa0c82a3fcec8b1be13df95d884,1385,MT,Severe Storm,2001-07-07 00:00:00+00:00,2001-06-03 00:00:00+00:00,2001-06-14 00:00:00+00:00,DR,2024-08-27T18:22:14.800Z,2001,7,3,-0.4999999999999997,-0.8660254037844388,-1.0,-1.8369701987210297e-16,11.0,34.0,West,34,0,0,0,0.3,0,1,0,0,0,0,0,0,0,0,3.3,10.2,374.0,922154.47,22.0,41916.112272727274,219324.0,13.734469110883198,4
74af59fc-271d-4f81-9ddc-15f4a43b285c,8264cb5c72cdf98d88665123ce8e8e9c0267d6c0,1386,VA,Severe Storm,2001-07-12 00:00:00+00:00,2001-07-08 00:00:00+00:00,2001-08-27 00:00:00+00:00,DR,2024-08-27T18:22:14.800Z,2001,7,3,-0.4999999999999997,-0.8660254037844388,-1.0,-1.8369701987210297e-16,50.0,4.0,South,31,0,0,0,0.3,0,1,0,0,0,0,0,0,0,0,15.0,9.299999999999999,200.0,7194819.31,495.0,14534.988505050504,556302.3,15.788871923704043,3
6e6efedf-38af-4c3c-915b-f6ed531988fb,afe0218d399381fdec6829797b1ad27e6547cc65,1387,TN,Severe Storm,2001-08-15 00:00:00+00:00,2001-07-27 00:00:00+00:00,2001-08-22 00:00:00+00:00,DR,2024-08-27T18:22:14.800Z,2001,8,3,-0.8660254037844385,-0.5000000000000004,-1.0,-1.8369701987210297e-16,26.0,19.0,South,35,0,0,0,0.3,0,1,0,0,0,0,0,0,0,0,7.8,10.5,494.0,3544571.25,147.0,24112.729591836734,287158.5,15.08092804776251,3
f2c5df4b-12b7-4d32-a8c5-dec031ca5dfc,802a1e1ced1b56153ad82c27bf5ca80ce275a93f,1388,KY,Severe Storm,2001-08-15 00:00:00+00:00,2001-07-27 00:00:00+00:00,2001-08-21 00:00:00+00:00,DR,2024-08-27T18:22:14.800Z,2001,8,3,-0.8660254037844385,-0.5000000000000004,-1.0,-1.8369701987210297e-16,25.0,19.0,South,39,0,0,0,0.3,0,1,0,0,0,0,0,0,0,0,7.5,11.7,475.0,11330454.14,522.0,21705.850842911877,816072.0,16.243004803424178,3
04e6453a-bebf-4a0b-8563-d377dd25fdf4,6220ddb8d183dbd80f2c7d1fccf8d557a1378460,1389,DC,Severe Storm,2001-08-16 00:00:00+00:00,2001-08-10 00:00:00+00:00,2001-08-12 00:00:00+00:00,DR,2026-07-20T21:43:12.371Z,2001,8,3,-0.8660254037844385,-0.5000000000000004,-1.0,-1.8369701987210297e-16,2.0,6.0,South,6,0,0,0,0.3,0,1,0,0,0,0,0,0,0,0,0.6,1.7999999999999998,12.0,698282.8300000001,49.0,14250.670000000002,100561.42,13.456380932329443,3
45320bd1-446f-43e9-a6cf-91b6ff09978e,5e382445bb18b6861091599c73ecb4f0d6dc38f1,1390,OH,Severe Storm,2001-08-27 00:00:00+00:00,2001-07-17 00:00:00+00:00,2001-07-18 00:00:00+00:00,DR,2024-08-27T18:22:14.800Z,2001,8,3,-0.8660254037844385,-0.5000000000000004,-1.0,-1.8369701987210297e-16,1.0,41.0,Midwest,33,0,0,0,0.3,0,1,0,0,0,0,0,0,0,0,0.3,9.9,41.0,5756951.46,270.0,21322.042444444443,397866.13,15.565918805850705,0
1a6ac07d-479d-4b4e-87a7-ad279f6b9cdf,1f04314b17c770ead59fca510064f4e2b75faad1,1391,NY,Fire,2001-09-11 00:00:00+00:00,2001-09-11 00:00:00+00:00,2001-09-11 00:00:00+00:00,DR,2024-08-27T18:22:14.800Z,2001,9,3,-1.0,-1.8369701987210297e-16,-1.0,-1.8369701987210297e-16,0.0,0.0,Northeast,53,0,0,0,0.3,1,0,0,0,0,0,0,0,0,0,0.0,15.899999999999999,0.0,5081301594.96,1097.0,4631997.807620784,999900000.0,22.34883328539531,1
00cd52ae-0232-45cb-8f43-4852f7dbc468,90c449af910e34841583343bba2ce4dda910dbf6,3169,NJ,Fire,2001-09-19 00:00:00+00:00,2001-09-11 00:00:00+00:00,2001-09-11 00:00:00+00:00,EM,2024-08-27T18:22:14.800Z,2001,9,3,-1.0,-1.8369701987210297e-16,-1.0,-1.8369701987210297e-16,0.0,8.0,Northeast,24,0,0,0,0.3,1,0,0,0,0,0,0,0,0,0,0.0,7.199999999999999,0.0,89439846.32,289.0,309480.4370934256,10000000.0,18.309076860303417,1
603a91c4-61f2-4422-b287-047949145ff7,a57e38392c8f634230c2d66508103ee294856c2b,1392,VA,Terrorist,2001-09-21 00:00:00+00:00,2001-09-11 00:00:00+00:00,2001-09-11 00:00:00+00:00,DR,2024-08-27T18:22:14.800Z,2001,9,3,-1.0,-1.8369701987210297e-16,-1.0,-1.8369701987210297e-16,0.0,10.0,South,33,0,0,0,0.0,0,0,0,0,0,0,0,0,0,0,0.0,0.0,0.0,4810132.33,55.0,87456.95145454546,1539179.48,15.38623536103249,3
aa49a8f2-04fb-4548-aa90-c1047ead419a,30a83d3516bb453cb45b3a9d479e41622ec55902,1393,FL,Coastal Storm,2001-09-28 00:00:00+00:00,2001-09-13 00:00:00+00:00,2001-09-21 00:00:00+00:00,DR,2024-08-27T18:22:14.800Z,2001,9,3,-1.0,-1.8369701987210297e-16,-1.0,-1.8369701987210297e-16,8.0,15.0,South,102,0,0,0,0.3,0,0,0,0,0,0,0,0,0,0,2.4,30.599999999999998,120.0,22549517.7,555.0,40629.76162162162,2234850.73,16.93122428000447,3
2cf15b7e-c4dc-4121-9ff7-01bc86760bbb,cbace73b0bb2d5f2d58697d248f2b0fb063ee052,1394,NE,Severe Storm,2001-10-12 00:00:00+00:00,2001-08-17 00:00:00+00:00,2001-08-18 00:00:00+00:00,DR,2024-08-27T18:22:14.800Z,2001,10,4,-0.8660254037844386,0.5000000000000001,-2.4492935982947064e-16,1.0,1.0,56.0,Midwest,27,0,0,0,0.3,0,1,0,0,0,0,0,0,0,0,0.3,8.1,56.0,1358605.13,14.0,97043.22357142856,1143429.82,14.121969827726804,0
fb446a9d-34fe-4bf4-9cdd-dd9daf6555ea,64ac60003cfc4a1605212dfd5a9d8b1d53f3ca39,1395,OK,Severe Storm,2001-10-25 00:00:00+00:00,2001-10-09 00:00:00+00:00,2001-10-10 00:00:00+00:00,DR,2024-08-27T18:22:14.800Z,2001,10,4,-0.8660254037844386,0.5000000000000001,-2.4492935982947064e-16,1.0,1.0,16.0,South,59,0,0,0,0.3,0,1,0,0,0,0,0,0,0,0,0.3,17.7,16.0,1094695.3599999999,26.0,42103.66769230769,276476.18,13.905987585975218,3
4b519890-43f8-4ea6-8788-21919096990f,604861457e3c7b852c02d64276b8dc917a569682,1396,PR,Severe Storm,2001-11-28 00:00:00+00:00,2001-11-07 00:00:00+00:00,2001-11-09 00:00:00+00:00,DR,2026-07-20T21:43:12.371Z,2001,11,4,-0.5000000000000004,0.8660254037844384,-2.4492935982947064e-16,1.0,2.0,21.0,Other,20,0,0,0,0.3,0,1,0,0,0,0,0,0,0,0,0.6,6.0,42.0,4675360.38,349.0,13396.448080229226,272313.06,15.35781701825215,2
97fb8878-e939-432c-bfba-c31a27bf46aa,641006b448219d885f058dcd1ef056665710f996,1397,GU,Earthquake,2001-12-05 00:00:00+00:00,2001-10-13 00:00:00+00:00,2001-10-13 00:00:00+00:00,DR,2024-08-27T18:22:14.800Z,2001,12,4,-2.4492935982947064e-16,1.0,-2.4492935982947064e-16,1.0,0.0,53.0,Other,9,0,0,0,0.6,0,0,0,0,0,0,0,0,0,0,0.0,5.3999999999999995,0.0,2356635.26,195.0,12085.309025641025,470612.25,14.672745846716882,2
7ca761ad-ce31-4fc3-801a-85e9100acc5f,84269c95033bf0da662b3d300800bce16c7f917a,1398,MS,Severe Storm,2001-12-07 00:00:00+00:00,2001-11-24 00:00:00+00:00,2001-12-17 00:00:00+00:00,DR,2024-08-27T18:22:14.800Z,2001,12,4,-2.4492935982947064e-16,1.0,-2.4492935982947064e-16,1.0,23.0,13.0,South,42,0,0,0,0.3,0,1,0,0,0,0,0,0,0,0,6.8999999999999995,12.6,299.0,5291341.77,228.0,23207.63934210526,635572.99,15.481582603382686,3
5339724b-c767-419c-8d6d-180a938ce802,03506ad8bf2b7d18c2b079a1038642251c16979b,1399,AL,Severe Storm,2001-12-07 00:00:00+00:00,2001-11-24 00:00:00+00:00,2001-11-25 00:00:00+00:00,DR,2024-08-27T18:22:14.800Z,2001,12,4,-2.4492935982947064e-16,1.0,-2.4492935982947064e-16,1.0,1.0,13.0,South,54,0,0,0,0.3,0,1,0,0,0,0,0,0,0,0,0.3,16.2,13.0,2239876.05,71.0,31547.549999999996,693256.5,14.621931533931942,3
11ca5ad2-76bb-4a9f-9d80-e7422d48e7d4,5cbd4015da8ce113e50885acc512e26da6bf896f,3170,NY,Snowstorm,2001-12-31 00:00:00+00:00,2001-12-24 00:00:00+00:00,2001-12-29 00:00:00+00:00,EM,2024-08-27T18:22:14.800Z,2001,12,4,-2.4492935982947064e-16,1.0,-2.4492935982947064e-16,1.0,5.0,7.0,Northeast,54,0,0,0,0.15,0,0,0,0,0,1,0,0,0,0,0.75,8.1,35.0,16104410.42,331.0,48653.80791540785,745710.75,16.594603793665442,1
7ee4e1f5-8d2d-4816-b7c7-a0cba8dbe2a5,16ec544adb7a18f37e4262dd02d90ed83a78115b,1400,AR,Severe Storm,2002-01-24 00:00:00+00:00,2001-12-15 00:00:00+00:00,2002-01-30 00:00:00+00:00,DR,2024-08-27T18:22:14.800Z,2002,1,1,0.49999999999999994,0.8660254037844387,1.0,6.123233995736766e-17,46.0,40.0,South,41,0,0,0,0.3,0,1,0,0,0,0,0,0,0,0,13.799999999999999,12.299999999999999,1840.0,2139622.2,243.0,8805.029629629631,187656.61,14.576140296728697,3
6eae61aa-c9b5-43ee-b8fe-e62ee6fb2bd5,a7ac54ea720dfb98317b916a59112aab800ba888,1401,OK,Severe Ice Storm,2002-02-01 00:00:00+00:00,2002-01-30 00:00:00+00:00,2002-02-11 00:00:00+00:00,DR,2024-08-27T18:22:14.800Z,2002,2,1,0.8660254037844386,0.5000000000000001,1.0,6.123233995736766e-17,12.0,2.0,South,60,0,0,0,0.3,0,0,0,0,0,0,0,1,0,0,3.5999999999999996,18.0,24.0,107083436.76,584.0,183362.04924657536,21866515.2,18.48911888069578,3
5e051460-9385-4c91-977a-ae84880670e4,6f5d482a26571a03a03d0f3cba5b4e0df9b57d62,1402,KS,Severe Ice Storm,2002-02-06 00:00:00+00:00,2002-01-29 00:00:00+00:00,2002-02-15 00:00:00+00:00,DR,2024-08-27T18:22:14.800Z,2002,2,1,0.8660254037844386,0.5000000000000001,1.0,6.123233995736766e-17,17.0,8.0,Midwest,25,0,0,0,0.3,0,0,0,0,0,0,0,1,0,0,5.1,7.5,136.0,43836134.42,726.0,60380.350440771355,6031424.83,17.595969044802366,0
84f470aa-dad5-4e1d-9fd9-35d2380078fd,22fba4891f6ad087342ccb37ddb849f89c01e931,1403,MO,Severe Ice Storm,2002-02-06 00:00:00+00:00,2002-01-29 00:00:00+00:00,2002-02-13 00:00:00+00:00,DR,2024-08-27T18:22:14.800Z,2002,2,1,0.8660254037844386,0.5000000000000001,1.0,6.123233995736766e-17,15.0,8.0,Midwest,32,0,0,0,0.3,0,0,0,0,0,0,0,1,0,0,4.5,9.6,120.0,42835827.68,632.0,67778.20835443038,5251684.01,17.57288542905518,0
957f65ee-d4ad-4ae2-bb91-3409da31ce1d,5791e295ff793c60483ac4425a0ba1b01bc54f7b,1404,NY,Snowstorm,2002-03-01 00:00:00+00:00,2001-12-24 00:00:00+00:00,2001-12-29 00:00:00+00:00,DR,2024-08-27T18:22:14.800Z,2002,3,1,1.0,6.123233995736766e-17,1.0,6.123233995736766e-17,5.0,67.0,Northeast,55,0,0,0,0.15,0,0,0,0,0,1,0,0,0,0,0.75,8.25,335.0,5711497.88,215.0,26565.10641860465,1433267.98,15.557992048060523,1
e28e5a4e-a2fb-4bff-97f5-6489b1283a32,b70106b0ab0ab7d7ff286c4b35c2205b348be4c6,1405,OR,Severe Storm,2002-03-12 00:00:00+00:00,2002-02-07 00:00:00+00:00,2002-02-08 00:00:00+00:00,DR,2024-08-27T18:22:14.800Z,2002,3,1,1.0,6.123233995736766e-17,1.0,6.123233995736766e-17,1.0,33.0,West,48,0,0,0,0.3,0,1,0,0,0,0,0,0,0,0,0.3,14.399999999999999,33.0,4619560.08,194.0,23812.165360824743,721619.25,15.34581025421572,4
c03fd95f-12c7-47ef-9758-3f563868dca3,782f7a8284ee5f5f8be68cb8cd4bd841abd8b290,1406,VA,Severe Storm,2002-04-02 00:00:00+00:00,2002-03-17 00:00:00+00:00,2002-03-20 00:00:00+00:00,DR,2024-08-27T18:22:14.800Z,2002,4,2,0.8660254037844387,-0.4999999999999998,1.2246467991473532e-16,-1.0,3.0,16.0,South,38,0,0,0,0.3,0,1,0,0,0,0,0,0,0,0,0.8999999999999999,11.4,48.0,6045031.63,521.0,11602.747850287908,407219.05,15.614747439865925,3
28270267-2f9d-43c7-a3f2-93766620c05e,885f5aed282610ae6ab5b56cca9ecafa85ab7bd5,1407,KY,Severe Storm,2002-04-04 00:00:00+00:00,2002-03-17 00:00:00+00:00,2002-03-21 00:00:00+00:00,DR,2024-08-27T18:22:14.800Z,2002,4,2,0.8660254037844387,-0.4999999999999998,1.2246467991473532e-16,-1.0,4.0,18.0,South,43,0,0,0,0.3,0,1,0,0,0,0,0,0,0,0,1.2,12.9,72.0,10563997.34,873.0,12100.798785796105,450425.44,16.1729623952617,3
7f3db427-9d4e-40c8-a833-1f932e6ce665,7cc673f48fa08cb0d717208c6a460a5ceb695b0f,1408,TN,Severe Storm,2002-04-05 00:00:00+00:00,2002-01-23 00:00:00+00:00,2002-03-20 00:00:00+00:00,DR,2024-08-27T18:22:14.800Z,2002,4,2,0.8660254037844387,-0.4999999999999998,1.2246467991473532e-16,-1.0,56.0,72.0,South,38,0,0,0,0.3,0,1,0,0,0,0,0,0,0,0,16.8,11.4,4032.0,7390291.65,475.0,15558.508736842106,443794.14,15.815677892952202,3
274f2792-2bad-453b-bc13-3abcaa4522a6,3e276b2138c17b7a049f8434ec89ca143949a531,1409,MD,Tornado,2002-05-01 00:00:00+00:00,2002-04-28 00:00:00+00:00,2002-04-28 00:00:00+00:00,DR,2024-08-27T18:22:14.800Z,2002,5,2,0.49999999999999994,-0.8660254037844387,1.2246467991473532e-16,-1.0,0.0,3.0,South,16,0,0,0,0.44999999999999996,0,0,0,0,1,0,0,0,0,0,0.0,7.199999999999999,0.0,4122071.0,100.0,41220.71,718109.2,15.231866507528899,3
d3018d3e-2ed1-40f9-9ace-c38450db42be,5138891429e9036ad701fe1119f66c203fe11cfd,1410,WV,Severe Storm,2002-05-05 00:00:00+00:00,2002-05-02 00:00:00+00:00,2002-05-20 00:00:00+00:00,DR,2026-07-20T21:43:12.371Z,2002,5,2,0.49999999999999994,-0.8660254037844387,1.2246467991473532e-16,-1.0,18.0,3.0,South,36,0,0,0,0.3,0,1,0,0,0,0,0,0,0,0,5.3999999999999995,10.799999999999999,54.0,14879938.79,458.0,32488.9493231441,860311.88,16.515524540990064,3
7ea89a17-3dcf-4cee-bb90-9b584cf1e812,10832eb5f3675d4cd34eb546245fe79d14987656,1411,VA,Severe Storm,2002-05-05 00:00:00+00:00,2002-04-28 00:00:00+00:00,2002-05-03 00:00:00+00:00,DR,2024-08-27T18:22:14.800Z,2002,5,2,0.49999999999999994,-0.8660254037844387,1.2246467991473532e-16,-1.0,5.0,7.0,South,39,0,0,0,0.3,0,1,0,0,0,0,0,0,0,0,1.5,11.7,35.0,6488409.89,148.0,43840.60736486486,1056003.75,15.685528203536565,3
54050bdb-93af-47d9-a453-62178d5d79b6,1327f834f163c9f33f60ca38e2838b3bba8e1a9a,1412,MO,Severe Storm,2002-05-06 00:00:00+00:00,2002-04-24 00:00:00+00:00,2002-06-10 00:00:00+00:00,DR,2024-08-27T18:22:14.800Z,2002,5,2,0.49999999999999994,-0.8660254037844387,1.2246467991473532e-16,-1.0,47.0,12.0,Midwest,33,0,0,0,0.3,0,1,0,0,0,0,0,0,0,0,14.1,9.9,564.0,34125918.8,1601.0,21315.377139287943,691954.33,17.345567764952303,0
1bab7b1d-8424-43f7-b3f4-5abf97c2cde8,6c40c94c369a4af41ce3bfec44a7440847f792a4,1413,MI,Flood,2002-05-06 00:00:00+00:00,2002-04-10 00:00:00+00:00,2002-05-09 00:00:00+00:00,DR,2024-08-27T18:22:14.800Z,2002,5,2,0.49999999999999994,-0.8660254037844387,1.2246467991473532e-16,-1.0,29.0,26.0,Midwest,28,0,0,0,0.44999999999999996,0,0,1,0,0,0,0,0,0,0,13.049999999999999,12.599999999999998,754.0,4747579.91,231.0,20552.293982683983,1192798.5,15.373145764177382,0
bdd550b6-fd10-44ee-bfe9-ef709653d0b0,9bc681b88f9adbc90793da5c039f0a8730ec07e4,1414,KY,Severe Storm,2002-05-07 00:00:00+00:00,2002-04-27 00:00:00+00:00,2002-05-10 00:00:00+00:00,DR,2024-08-27T18:22:14.800Z,2002,5,2,0.49999999999999994,-0.8660254037844387,1.2246467991473532e-16,-1.0,13.0,10.0,South,44,0,0,0,0.3,0,1,0,0,0,0,0,0,0,0,3.9,13.2,130.0,7993725.35,462.0,17302.435822510823,933240.45,15.894167585743537,3
90aa5373-5f89-46ad-8cd0-da339b7c2a4f,1e3e802daa748dfb1332b6062dc1b30efc9ac165,1416,IL,Tornado,2002-05-21 00:00:00+00:00,2002-04-21 00:00:00+00:00,2002-05-23 00:00:00+00:00,DR,2026-07-20T21:43:12.371Z,2002,5,2,0.49999999999999994,-0.8660254037844387,1.2246467991473532e-16,-1.0,32.0,30.0,Midwest,39,0,0,0,0.44999999999999996,0,0,0,0,1,0,0,0,0,0,14.399999999999999,17.549999999999997,960.0,15231443.35,873.0,17447.2432416953,3519112.72,16.538872556225005,0
aff4172f-15ee-44e4-834a-71133d190038,4b41db93a1e178da10800526ffb7292f1c3ff044,1417,FM,Typhoon,2002-05-29 00:00:00+00:00,2002-02-26 00:00:00+00:00,2002-03-03 00:00:00+00:00,DR,2024-08-27T18:22:14.800Z,2002,5,2,0.49999999999999994,-0.8660254037844387,1.2246467991473532e-16,-1.0,5.0,92.0,Other,15,0,0,0,0.6,0,0,0,0,0,0,0,0,1,0,3.0,9.0,460.0,1453550.31,95.0,15300.52957894737,77858.99,14.189520299355594,2
f30df975-4781-46be-a25e-01fc05e681c0,fd4a804a82b2a72ffc317c2c17f5bcd20b2118c4,1418,IN,Severe Storm,2002-06-13 00:00:00+00:00,2002-04-28 00:00:00+00:00,2002-06-07 00:00:00+00:00,DR,2024-08-27T18:22:14.800Z,2002,6,2,1.2246467991473532e-16,-1.0,1.2246467991473532e-16,-1.0,40.0,46.0,Midwest,27,0,0,0,0.3,0,1,0,0,0,0,0,0,0,0,12.0,8.1,1840.0,4460061.63,397.0,11234.412166246851,195445.5,15.310673366498547,0
1978d558-4d05-477a-8dc3-448381c54bc4,52dc5743eebd960a92e0a0f441489ab896e0585a,1419,MN,Severe Storm,2002-06-14 00:00:00+00:00,2002-06-09 00:00:00+00:00,2002-06-28 00:00:00+00:00,DR,2024-08-27T18:22:14.800Z,2002,6,2,1.2246467991473532e-16,-1.0,1.2246467991473532e-16,-1.0,19.0,5.0,Midwest,45,0,0,0,0.3,0,1,0,0,0,0,0,0,0,0,5.7,13.5,95.0,25955909.29,1032.0,25151.074893410852,1410871.49,17.071909898483597,0
034ef8ba-0432-48fa-9bba-c13cf3c99f33,f333f5b1972fa74f916bcec62275aa8e37db8251,1420,IA,Flood,2002-06-19 00:00:00+00:00,2002-06-03 00:00:00+00:00,2002-06-25 00:00:00+00:00,DR,2024-08-27T18:22:14.800Z,2002,6,2,1.2246467991473532e-16,-1.0,1.2246467991473532e-16,-1.0,22.0,16.0,Midwest,34,0,0,0,0.44999999999999996,0,0,1,0,0,0,0,0,0,0,9.899999999999999,15.299999999999999,352.0,5359356.84,363.0,14764.068429752066,200303.73,15.494354719899526,0
e7ac3d32-cc01-4042-8206-bfab1a95383c,06c354796630585d08c09517305391fa29e44519,1422,AZ,Fire,2002-06-25 00:00:00+00:00,2002-06-18 00:00:00+00:00,2002-07-07 00:00:00+00:00,DR,2024-08-27T18:22:14.800Z,2002,6,2,1.2246467991473532e-16,-1.0,1.2246467991473532e-16,-1.0,19.0,7.0,West,36,0,0,0,0.3,1,0,0,0,0,0,0,0,0,0,5.7,10.799999999999999,133.0,1412575.98,35.0,40359.313714285716,322500.0,14.160926239632754,4
3f300512-ae78-44ce-9dff-ecceaaaedfbb,d1c86669d9abd6490eeccc4f4d7f29c73956dc9b,1423,AK,Flood,2002-06-26 00:00:00+00:00,2002-04-27 00:00:00+00:00,2002-05-30 00:00:00+00:00,DR,2024-08-27T18:22:14.800Z,2002,6,2,1.2246467991473532e-16,-1.0,1.2246467991473532e-16,-1.0,33.0,60.0,West,29,0,0,0,0.44999999999999996,0,0,1,0,0,0,0,0,0,0,14.849999999999998,13.049999999999999,1980.0,3146271.7,39.0,80673.63333333333,1405500.0,14.961729040344053,4
b094bc51-982c-4d54-98a4-85abbfe09dd5,8c8d88155b264f70db893a6a1e108a34df779ce1,1424,MT,Severe Storm,2002-07-03 00:00:00+00:00,2002-06-08 00:00:00+00:00,2002-06-21 00:00:00+00:00,DR,2024-08-27T18:22:14.800Z,2002,7,3,-0.4999999999999997,-0.8660254037844388,-1.0,-1.8369701987210297e-16,13.0,25.0,West,35,0,0,0,0.3,0,1,0,0,0,0,0,0,0,0,3.9,10.5,325.0,1361885.73,54.0,25220.106111111112,492423.0,14.124381597769215,4
825599d2-cced-49de-aad9-0aa21212535b,7ac5d650832c17b7c1b017f3ab3e2018a6453dc9,1425,TX,Flood,2002-07-04 00:00:00+00:00,2002-06-29 00:00:00+00:00,2002-07-31 00:00:00+00:00,DR,2024-08-27T18:22:14.800Z,2002,7,3,-0.4999999999999997,-0.8660254037844388,-1.0,-1.8369701987210297e-16,32.0,5.0,South,194,0,0,0,0.44999999999999996,0,0,1,0,0,0,0,0,0,0,14.399999999999999,87.3,160.0,27045686.39,1384.0,19541.68091763006,2062555.98,17.11303811949268,3
3ff3c768-bd9e-402f-a9f8-041464bc7b71,ec9e013f02696576b24566d72492d94a0e9f0a30,1426,GU,Typhoon,2002-07-06 00:00:00+00:00,2002-07-05 00:00:00+00:00,2002-07-06 00:00:00+00:00,DR,2024-08-27T18:22:14.800Z,2002,7,3,-0.4999999999999997,-0.8660254037844388,-1.0,-1.8369701987210297e-16,1.0,1.0,Other,10,0,0,0,0.6,0,0,0,0,0,0,0,0,1,0,0.6,6.0,1.0,12379053.68,492.0,25160.678211382114,1148378.32,16.331516463662282,2
88950224-3f27-4a9f-a35e-87490d37858f,11a2748253346d91faeae5dde873dbd9231bf353,1427,FM,Typhoon,2002-07-11 00:00:00+00:00,2002-07-02 00:00:00+00:00,2002-07-04 00:00:00+00:00,DR,2024-08-27T18:22:14.800Z,2002,7,3,-0.4999999999999997,-0.8660254037844388,-1.0,-1.8369701987210297e-16,2.0,9.0,Other,16,0,0,0,0.6,0,0,0,0,0,0,0,0,1,0,1.2,9.6,18.0,2120843.89,115.0,18442.120782608697,225000.0,14.567325100273873,2
05d4e14a-0ba0-44c9-b3ef-8fee06116dd9,4ddffca039dc0b3a1b21aa6b0731eceb72cb271e,1428,VT,Severe Storm,2002-07-12 00:00:00+00:00,2002-06-05 00:00:00+00:00,2002-06-13 00:00:00+00:00,DR,2024-08-27T18:22:14.800Z,2002,7,3,-0.4999999999999997,-0.8660254037844388,-1.0,-1.8369701987210297e-16,8.0,37.0,Northeast,21,0,0,0,0.3,0,1,0,0,0,0,0,0,0,0,2.4,6.3,296.0,1727414.74,200.0,8637.0737,314266.51,14.36213705774698,1
fa7c0b0d-6a90-4d15-8f79-184f40fec4c4,91c575e2c89ca39a0d4fbd96daff7face1f233c8,1429,WI,Severe Storm,2002-07-19 00:00:00+00:00,2002-06-21 00:00:00+00:00,2002-06-25 00:00:00+00:00,DR,2024-08-27T18:22:14.800Z,2002,7,3,-0.4999999999999997,-0.8660254037844388,-1.0,-1.8369701987210297e-16,4.0,28.0,Midwest,33,0,0,0,0.3,0,1,0,0,0,0,0,0,0,0,1.2,9.9,112.0,3424525.53,354.0,9673.800932203389,230094.45,15.046473780706455,0
b7ed632f-e682-4f21-8b6d-2ee5dd0c5f85,578c576d6a389f270d34e5f990f57e6d636ee4d4,1430,MP,Typhoon,2002-08-06 00:00:00+00:00,2002-07-04 00:00:00+00:00,2002-07-05 00:00:00+00:00,DR,2024-08-27T18:22:14.800Z,2002,8,3,-0.8660254037844385,-0.5000000000000004,-1.0,-1.8369701987210297e-16,1.0,33.0,Other,9,0,0,0,0.6,0,0,0,0,0,0,0,0,1,0,0.6,5.3999999999999995,33.0,711576.02,30.0,23719.200666666668,236610.06,13.475238940829103,2
4d811dc1-6443-4467-9b60-9dc657a2cbd7,5be7396709f6280b6fffd09701e12b6b91da6c25,1431,ND,Severe Storm,2002-09-10 00:00:00+00:00,2002-06-08 00:00:00+00:00,2002-08-11 00:00:00+00:00,DR,2024-08-27T18:22:14.800Z,2002,9,3,-1.0,-1.8369701987210297e-16,-1.0,-1.8369701987210297e-16,64.0,94.0,Midwest,31,0,0,0,0.3,0,1,0,0,0,0,0,0,0,0,19.2,9.299999999999999,6016.0,1088047.8,124.0,8774.579032258065,233635.82,13.899896558333339,0
fd32d02a-2a10-402d-8b9a-4f933cca64c9,534ccc60195fa69d78ea15b957a5ed0bb06c3979,1432,WI,Tornado,2002-09-10 00:00:00+00:00,2002-09-02 00:00:00+00:00,2002-09-06 00:00:00+00:00,DR,2024-08-27T18:22:14.800Z,2002,9,3,-1.0,-1.8369701987210297e-16,-1.0,-1.8369701987210297e-16,4.0,8.0,Midwest,34,0,0,0,0.44999999999999996,0,0,0,0,1,0,0,0,0,0,1.7999999999999998,15.299999999999999,32.0,2091310.76,110.0,19011.916,321866.25,14.553302063423303,0
a1839b38-c016-4be9-ae75-0da9f917c036,88caf697d58470831041d4b77d45bc1180f675a0,1433,IN,Severe Storm,2002-09-25 00:00:00+00:00,2002-09-20 00:00:00+00:00,2002-09-20 00:00:00+00:00,DR,2024-08-27T18:22:14.800Z,2002,9,3,-1.0,-1.8369701987210297e-16,-1.0,-1.8369701987210297e-16,0.0,5.0,Midwest,28,0,0,0,0.3,0,1,0,0,0,0,0,0,0,0,0.0,8.4,0.0,3462973.3,139.0,24913.476978417264,514327.41,15.057638402046019,0
724b7c08-113b-4056-aaff-0c937a1c2922,06a76e1e8d395145d200a35c7340b243c3d5f0f1,1435,LA,Hurricane,2002-09-27 00:00:00+00:00,2002-09-21 00:00:00+00:00,2002-10-01 00:00:00+00:00,DR,2024-08-27T18:22:14.800Z,2002,9,3,-1.0,-1.8369701987210297e-16,-1.0,-1.8369701987210297e-16,10.0,6.0,South,48,0,0,0,0.6,0,0,0,1,0,0,0,0,0,0,6.0,28.799999999999997,60.0,6258784.65,231.0,27094.305844155846,319348.41,15.649496738635634,3
1eedd3e2-e887-4db8-a64f-ef2caf99bf3e,2491f65fb18ae1cff55e1f52119f429678c68c0e,1436,MS,Hurricane,2002-10-01 00:00:00+00:00,2002-09-23 00:00:00+00:00,2002-10-06 00:00:00+00:00,DR,2024-08-27T18:22:14.800Z,2002,10,4,-0.8660254037844386,0.5000000000000001,-2.4492935982947064e-16,1.0,13.0,8.0,South,43,0,0,0,0.6,0,0,0,1,0,0,0,0,0,0,7.8,25.8,104.0,6522364.65,203.0,32129.87512315271,916868.59,15.69074769785064,3
0dc80fb2-987c-4505-8f2a-f76322b12c8e,d0c3628f886bfd5c91e9fdf7695244971e1d646f,1437,LA,Hurricane,2002-10-03 00:00:00+00:00,2002-10-01 00:00:00+00:00,2002-10-16 00:00:00+00:00,DR,2024-08-27T18:22:14.800Z,2002,10,4,-0.8660254037844386,0.5000000000000001,-2.4492935982947064e-16,1.0,15.0,2.0,South,49,0,0,0,0.6,0,0,0,1,0,0,0,0,0,0,9.0,29.4,30.0,69935123.57,1497.0,46716.849412157644,7888200.75,18.06307857841938,3
51020c44-eca8-4d58-8322-3b524109f9ec,55b4e801bd499675c7405299df5368e63475d5ab,1438,AL,Hurricane,2002-10-09 00:00:00+00:00,2002-09-23 00:00:00+00:00,2002-10-01 00:00:00+00:00,DR,2024-08-27T18:22:14.800Z,2002,10,4,-0.8660254037844386,0.5000000000000001,-2.4492935982947064e-16,1.0,8.0,16.0,South,55,0,0,0,0.6,0,0,0,1,0,0,0,0,0,0,4.8,33.0,128.0,2623953.48,99.0,26504.580606060605,617178.0,14.780193081334671,3
c0a118ea-9cc3-4d8a-8073-db3878b1637b,b83440a1f5e8396cec20bdba935d700f47191f3d,1440,AK,Earthquake,2002-11-08 00:00:00+00:00,2002-11-03 00:00:00+00:00,2002-11-10 00:00:00+00:00,DR,2024-08-27T18:22:14.800Z,2002,11,4,-0.5000000000000004,0.8660254037844384,-2.4492935982947064e-16,1.0,7.0,5.0,West,30,0,0,0,0.6,0,0,0,0,0,0,0,0,0,0,4.2,18.0,35.0,18079988.63,51.0,354509.5809803921,14113986.61,16.710316339366194,4
64d66afd-0426-4c81-bd67-4d8fd456bad9,ef99e4374c5058a105592d9e438388cddfde7951,1441,TN,Severe Storm,2002-11-13 00:00:00+00:00,2002-11-09 00:00:00+00:00,2002-11-12 00:00:00+00:00,DR,2024-08-27T18:22:14.800Z,2002,11,4,-0.5000000000000004,0.8660254037844384,-2.4492935982947064e-16,1.0,3.0,4.0,South,39,0,0,0,0.3,0,1,0,0,0,0,0,0,0,0,0.8999999999999999,11.7,12.0,3061613.45,105.0,29158.223333333335,366317.53,14.934452932836868,3
74f817af-12f3-45e7-ab53-2bdbaee975a0,533bf52b65dd57d05625d9890314e5e077f3840a,1442,AL,Severe Storm,2002-11-14 00:00:00+00:00,2002-11-05 00:00:00+00:00,2002-11-12 00:00:00+00:00,DR,2024-08-27T18:22:14.800Z,2002,11,4,-0.5000000000000004,0.8660254037844384,-2.4492935982947064e-16,1.0,7.0,9.0,South,56,0,0,0,0.3,0,1,0,0,0,0,0,0,0,0,2.1,16.8,63.0,12273017.25,84.0,146107.3482142857,3427783.62,16.32291377258253,3
725096f9-341a-43a2-bb3d-3217c758c8f5,ff5fec6e8e76e85499af9121a855fabf2edee9b7,1443,MS,Severe Storm,2002-11-14 00:00:00+00:00,2002-11-10 00:00:00+00:00,2002-11-11 00:00:00+00:00,DR,2024-08-27T18:22:14.800Z,2002,11,4,-0.5000000000000004,0.8660254037844384,-2.4492935982947064e-16,1.0,1.0,4.0,South,44,0,0,0,0.3,0,1,0,0,0,0,0,0,0,0,0.3,13.2,4.0,19922101.09,106.0,187944.34990566038,9682062.29,16.80734033115961,3
c3b925fa-638e-4c9e-8376-430f0b7d8638,d80919024bd00b1e84388afce0ae42f6de9820ff,1445,AK,Severe Storm,2002-12-04 00:00:00+00:00,2002-10-23 00:00:00+00:00,2002-12-20 00:00:00+00:00,DR,2024-08-27T18:22:14.800Z,2002,12,4,-2.4492935982947064e-16,1.0,-2.4492935982947064e-16,1.0,58.0,42.0,West,31,0,0,0,0.3,0,1,0,0,0,0,0,0,0,0,17.4,9.299999999999999,2436.0,8499952.75,112.0,75892.43526785714,1425761.19,15.955571280269272,4
78f8e0dc-7537-4f4d-83d1-9d738377eef7,b67f36785bb0240ba3ffee10c0d10b8c854eea95,1446,GU,Typhoon,2002-12-08 00:00:00+00:00,2002-12-08 00:00:00+00:00,2002-12-16 00:00:00+00:00,DR,2024-08-27T18:22:14.800Z,2002,12,4,-2.4492935982947064e-16,1.0,-2.4492935982947064e-16,1.0,8.0,0.0,Other,11,0,0,0,0.6,0,0,0,0,0,0,0,0,1,0,4.8,6.6,0.0,55998426.45,936.0,59827.37868589744,5888713.22,17.84083416705514,2
70d78b7f-8bdb-49d9-8cde-05dfc9de7bd4,80d07cdf0e876191543c081e0c2014adc39ef61d,1447,MP,Typhoon,2002-12-11 00:00:00+00:00,2002-12-08 00:00:00+00:00,2002-12-16 00:00:00+00:00,DR,2024-08-27T18:22:14.800Z,2002,12,4,-2.4492935982947064e-16,1.0,-2.4492935982947064e-16,1.0,8.0,3.0,Other,10,0,0,0,0.6,0,0,0,0,0,0,0,0,1,0,4.8,6.0,24.0,4992691.78,144.0,34671.47069444445,542886.03,15.42348595744749,2
25af6e58-000d-47c7-88f2-a6746263adea,447c8443383df08e0fc8166a964409e11134ad0e,1448,NC,Severe Ice Storm,2002-12-12 00:00:00+00:00,2002-12-04 00:00:00+00:00,2002-12-06 00:00:00+00:00,DR,2024-08-27T18:22:14.800Z,2002,12,4,-2.4492935982947064e-16,1.0,-2.4492935982947064e-16,1.0,2.0,8.0,South,35,0,0,0,0.3,0,0,0,0,0,0,0,1,0,0,0.6,10.5,16.0,84894781.97,903.0,94014.1550055371,5096901.0,18.256923200276894,3
f98ca570-4732-4b85-af78-8a623e98b6b1,cca669388901194304857c530939fd4730934a80,1449,FM,Typhoon,2003-01-06 00:00:00+00:00,2002-12-05 00:00:00+00:00,2002-12-07 00:00:00+00:00,DR,2024-08-27T18:22:14.800Z,2003,1,1,0.49999999999999994,0.8660254037844387,1.0,6.123233995736766e-17,2.0,32.0,Other,17,0,0,0,0.6,0,0,0,0,0,0,0,0,1,0,1.2,10.2,64.0,2509515.38,103.0,24364.22699029126,855357.66,14.735600615252476,2
d6f7a0ab-c0e6-4b3f-a980-b221a614809c,6e2fae08b164d79585aa8fd4a8e678c89c5e176a,1450,AR,Severe Ice Storm,2003-01-06 00:00:00+00:00,2002-12-03 00:00:00+00:00,2002-12-04 00:00:00+00:00,DR,2024-08-27T18:22:14.800Z,2003,1,1,0.49999999999999994,0.8660254037844387,1.0,6.123233995736766e-17,1.0,34.0,South,42,0,0,0,0.3,0,0,0,0,0,0,0,1,0,0,0.3,12.6,34.0,9267910.28,204.0,45430.932745098035,1204300.65,16.042068591765236,3
4588f41d-2f9a-4217-8072-44fe866cb37f,c238ecdbb8778886caec110aada54d89bf69ceeb,1451,SC,Severe Ice Storm,2003-01-08 00:00:00+00:00,2002-12-04 00:00:00+00:00,2002-12-06 00:00:00+00:00,DR,2024-08-27T18:22:14.800Z,2003,1,1,0.49999999999999994,0.8660254037844387,1.0,6.123233995736766e-17,2.0,35.0,South,13,0,0,0,0.3,0,0,0,0,0,0,0,1,0,0,0.6,3.9,70.0,3806304.71,105.0,36250.52104761905,396118.79,15.152169646786435,3
375b3bfd-3633-4f2e-9c93-33e4cb337d8c,64cf24de59b3f16515ab24701da48f08ce3add1b,3171,TX,Other,2003-02-01 00:00:00+00:00,2003-02-01 00:00:00+00:00,2003-02-01 00:00:00+00:00,EM,2024-08-27T18:22:14.800Z,2003,2,1,0.8660254037844386,0.5000000000000001,1.0,6.123233995736766e-17,0.0,0.0,South,197,0,0,0,0.0,0,0,0,0,0,0,0,0,0,0,0.0,0.0,0.0,5972793.87,150.0,39818.6258,1161231.71,15.602725528248437,3
592f5eee-80ac-43d4-bf4b-e2857631d2e2,41933bafe4aff44b4249964012e0f6526a7044eb,3172,LA,Other,2003-02-01 00:00:00+00:00,2003-02-01 00:00:00+00:00,2003-02-01 00:00:00+00:00,EM,2024-08-27T18:22:14.800Z,2003,2,1,0.8660254037844386,0.5000000000000001,1.0,6.123233995736766e-17,0.0,0.0,South,50,0,0,0,0.0,0,0,0,0,0,0,0,0,0,0,0.0,0.0,0.0,398664.36,10.0,39866.436,203286.61,12.895877647227259,3
c9c03210-39cf-4063-a3ff-27ba311e7bb1,a338d3a03503d7dd80f8253086a6fe5ec2878bba,1452,OK,Severe Ice Storm,2003-02-04 00:00:00+00:00,2002-12-03 00:00:00+00:00,2002-12-04 00:00:00+00:00,DR,2024-08-27T18:22:14.800Z,2003,2,1,0.8660254037844386,0.5000000000000001,1.0,6.123233995736766e-17,1.0,63.0,South,61,0,0,0,0.3,0,0,0,0,0,0,0,1,0,0,0.3,18.3,63.0,4242720.09,62.0,68430.96919354839,618913.64,15.260715387873512,3
c6e22e74-08d4-41ed-b4be-9f243d19442d,9d08e96433934491784856e406b02f1ea9a2b836,3173,NY,Snowstorm,2003-02-25 00:00:00+00:00,2002-12-25 00:00:00+00:00,2003-01-04 00:00:00+00:00,EM,2024-08-27T18:22:14.800Z,2003,2,1,0.8660254037844386,0.5000000000000001,1.0,6.123233995736766e-17,10.0,62.0,Northeast,57,0,0,0,0.15,0,0,0,0,0,1,0,0,0,0,1.5,8.549999999999999,620.0,15454638.32,778.0,19864.573676092547,762643.82,16.55341979584478,1
6c8ad794-4f83-4f37-bb7e-5a7ba10ea137,6bbdd2b286c52fa60c6ef5120d02aa9497bf0e8a,3174,ME,Snowstorm,2003-03-11 00:00:00+00:00,2003-02-02 00:00:00+00:00,2003-02-04 00:00:00+00:00,EM,2024-08-27T18:22:14.800Z,2003,3,1,1.0,6.123233995736766e-17,1.0,6.123233995736766e-17,2.0,37.0,Northeast,30,0,0,0,0.15,0,0,0,0,0,1,0,0,0,0,0.3,4.5,74.0,392704.87,46.0,8537.062391304347,130419.47,12.880816188251684,1
b281f5bc-17ae-4d95-9c8e-465243e865bf,b1e25a3aebcb7dfe5774ba0f986bf551f0023f44,3175,MA,Snowstorm,2003-03-11 00:00:00+00:00,2003-02-17 00:00:00+00:00,2003-02-18 00:00:00+00:00,EM,2024-08-27T18:22:14.800Z,2003,3,1,1.0,6.123233995736766e-17,1.0,6.123233995736766e-17,1.0,22.0,Northeast,23,0,0,0,0.15,0,0,0,0,0,1,0,0,0,0,0.15,3.4499999999999997,22.0,27873799.01,668.0,41727.24402694611,2518102.19,17.143197737849313,1
1cd4371b-a74e-4bc7-9ae3-d053ba11abdb,b271e06509d1e56532f182798d3dc5fd1ed78f0e,3176,CT,Snowstorm,2003-03-11 00:00:00+00:00,2003-02-17 00:00:00+00:00,2003-02-18 00:00:00+00:00,EM,2024-08-27T18:22:14.800Z,2003,3,1,1.0,6.123233995736766e-17,1.0,6.123233995736766e-17,1.0,22.0,Northeast,13,0,0,0,0.15,0,0,0,0,0,1,0,0,0,0,0.15,1.95,22.0,8570397.4,209.0,41006.68612440192,2325495.27,15.963824777241399,1
7af5a2ad-a3b7-46ec-bc49-20728f9f9371,2c99e900103d215df1b9da407bedafc974dda133,3177,NH,Snowstorm,2003-03-11 00:00:00+00:00,2003-02-17 00:00:00+00:00,2003-02-18 00:00:00+00:00,EM,2024-08-27T18:22:14.800Z,2003,3,1,1.0,6.123233995736766e-17,1.0,6.123233995736766e-17,1.0,22.0,Northeast,18,0,0,0,0.15,0,0,0,0,0,1,0,0,0,0,0.15,2.6999999999999997,22.0,2174685.13,129.0,16858.02426356589,253054.64,14.592394904045536,1
5a516cf6-94da-41c1-90f6-863b0dd20bfb,638c79391b2bb47a69d73ed43d8ff712cab9015b,1453,OH,Severe Storm,2003-03-14 00:00:00+00:00,2003-02-14 00:00:00+00:00,2003-03-18 00:00:00+00:00,DR,2024-08-27T18:22:14.800Z,2003,3,1,1.0,6.123233995736766e-17,1.0,6.123233995736766e-17,32.0,28.0,Midwest,35,0,0,0,0.3,0,1,0,0,0,0,0,0,0,0,9.6,10.5,896.0,31097108.13,1355.0,22949.89529889299,1227898.59,17.25262541880968,0
e51a412b-582c-41a6-bac3-7abb73a44663,2fed2b0bcd1650a3156d1463b18d27ccb53a97a4,1454,KY,Severe Storm,2003-03-14 00:00:00+00:00,2003-02-15 00:00:00+00:00,2003-02-26 00:00:00+00:00,DR,2026-07-20T21:43:12.371Z,2003,3,1,1.0,6.123233995736766e-17,1.0,6.123233995736766e-17,11.0,27.0,South,45,0,0,0,0.3,0,1,0,0,0,0,0,0,0,0,3.3,13.5,297.0,37266916.160000004,1409.0,26449.195287437902,2532680.9,17.43361655164037,3
644c03bc-203f-44e2-ace9-03dcb16fc5a2,97368beb4fd2e23b9780512877421fd85112dac3,1455,WV,Severe Storm,2003-03-14 00:00:00+00:00,2003-02-16 00:00:00+00:00,2003-03-28 00:00:00+00:00,DR,2024-08-27T18:22:14.800Z,2003,3,1,1.0,6.123233995736766e-17,1.0,6.123233995736766e-17,40.0,26.0,South,37,0,0,0,0.3,0,1,0,0,0,0,0,0,0,0,12.0,11.1,1040.0,9228899.97,797.0,11579.548268506902,404134.99,16.037850527883503,3
8b36bf5b-e1c1-464f-bdb8-c75c2829c0ce,b2033dcadd7cb765977122755d2d3ec075093e7a,3178,DC,Severe Storm,2003-03-14 00:00:00+00:00,2003-02-16 00:00:00+00:00,2003-02-17 00:00:00+00:00,EM,2024-08-27T18:22:14.800Z,2003,3,1,1.0,6.123233995736766e-17,1.0,6.123233995736766e-17,1.0,26.0,South,7,0,0,0,0.3,0,1,0,0,0,0,0,0,0,0,0.3,2.1,26.0,1689558.96,34.0,49692.910588235296,614790.0,14.339978674296612,3
6288c7f9-abe1-4f36-8b94-7312ce8643a5,eddd9d9b4e35d992c78c843ea7849bbdec47dcbf,3179,MD,Severe Storm,2003-03-14 00:00:00+00:00,2003-02-14 00:00:00+00:00,2003-02-23 00:00:00+00:00,EM,2024-08-27T18:22:14.800Z,2003,3,1,1.0,6.123233995736766e-17,1.0,6.123233995736766e-17,9.0,28.0,South,17,0,0,0,0.3,0,1,0,0,0,0,0,0,0,0,2.6999999999999997,5.1,252.0,18512096.84,414.0,44715.209758454104,712851.86,16.733935013622027,3
edba6c82-e68c-493f-8383-84d1437ab099,d17b44a6c5b310cc2b94f47d03310f6cee6da024,3180,PA,Severe Storm,2003-03-14 00:00:00+00:00,2003-02-14 00:00:00+00:00,2003-02-19 00:00:00+00:00,EM,2024-08-27T18:22:14.800Z,2003,3,1,1.0,6.123233995736766e-17,1.0,6.123233995736766e-17,5.0,28.0,Northeast,37,0,0,0,0.3,0,1,0,0,0,0,0,0,0,0,1.5,11.1,140.0,20246022.25,1400.0,14461.444464285714,658020.0,16.823468949515163,1
b280521d-4134-4c2e-8827-ebc693347b0f,c02463881beb15aee93f12bf63af5725f473f9e7,1456,TN,Severe Storm,2003-03-20 00:00:00+00:00,2003-02-14 00:00:00+00:00,2003-02-26 00:00:00+00:00,DR,2024-08-27T18:22:14.800Z,2003,3,1,1.0,6.123233995736766e-17,1.0,6.123233995736766e-17,12.0,34.0,South,40,0,0,0,0.3,0,1,0,0,0,0,0,0,0,0,3.5999999999999996,12.0,408.0,5989108.79,372.0,16099.754811827957,581651.61,15.605453343020464,3
3c888fc4-f65e-4a30-bc50-22a377968c42,b5b6bce8d201b52729cf0b9e9726698ef5c37089,3181,NJ,Snowstorm,2003-03-20 00:00:00+00:00,2003-02-16 00:00:00+00:00,2003-02-17 00:00:00+00:00,EM,2024-08-27T18:22:14.800Z,2003,3,1,1.0,6.123233995736766e-17,1.0,6.123233995736766e-17,1.0,32.0,Northeast,26,0,0,0,0.15,0,0,0,0,0,1,0,0,0,0,0.15,3.9,32.0,35487310.47,154.0,230437.08097402597,6099177.17,17.384685767174403,1
66f3b876-b3af-477a-8a2b-b878530aa6dc,7fe961afd5c93a839c6875b82235bc0b6f45cda2,3183,DE,Snowstorm,2003-03-20 00:00:00+00:00,2003-02-14 00:00:00+00:00,2003-02-19 00:00:00+00:00,EM,2024-08-27T18:22:14.800Z,2003,3,1,1.0,6.123233995736766e-17,1.0,6.123233995736766e-17,5.0,34.0,South,9,0,0,0,0.15,0,0,0,0,0,1,0,0,0,0,0.75,1.3499999999999999,170.0,3445001.53,123.0,28008.1425203252,463733.8,15.052435196827304,3
b424973d-df7e-4618-b24b-d346624abd95,ff73e0aa909dcff2a1c5fdcdcff094ad3974b39c,1457,NC,Severe Ice Storm,2003-03-27 00:00:00+00:00,2003-02-27 00:00:00+00:00,2003-02-28 00:00:00+00:00,DR,2024-10-10T14:02:49.284Z,2003,3,1,1.0,6.123233995736766e-17,1.0,6.123233995736766e-17,1.0,28.0,South,36,0,0,0,0.3,0,0,0,0,0,0,0,1,0,0,0.3,10.799999999999999,28.0,14954242.24,160.0,93464.014,1995990.44,16.52050564629175,3
b1a1efb1-0ff1-44e0-af4e-5b616711dc6e,4b805df90dd67a9adece0b0715850534e65c39c1,1458,VA,Severe Storm,2003-03-27 00:00:00+00:00,2003-02-15 00:00:00+00:00,2003-02-28 00:00:00+00:00,DR,2024-08-27T18:22:14.800Z,2003,3,1,1.0,6.123233995736766e-17,1.0,6.123233995736766e-17,13.0,40.0,South,40,0,0,0,0.3,0,1,0,0,0,0,0,0,0,0,3.9,12.0,520.0,13359139.21,515.0,25940.076135922332,712248.46,16.407711368462945,3
b6b6dc98-19c3-4631-a0dd-eb007c2392bd,a327ca631cf2ede2c91bd8c2b48d7cbe72e77770,3182,RI,Snowstorm,2003-03-27 00:00:00+00:00,2003-02-17 00:00:00+00:00,2003-02-18 00:00:00+00:00,EM,2024-08-27T18:22:14.800Z,2003,3,1,1.0,6.123233995736766e-17,1.0,6.123233995736766e-17,1.0,38.0,Northeast,10,0,0,0,0.15,0,0,0,0,0,1,0,0,0,0,0.15,1.5,38.0,1925959.57,61.0,31573.107704918035,632431.51,14.470935398648816,1
fbe48ac2-1b6d-4f98-b665-0310dbecb99b,14cd2de5df3e60d2bd647764cd4080f9e09ad55f,3184,NY,Snowstorm,2003-03-27 00:00:00+00:00,2003-02-17 00:00:00+00:00,2003-02-18 00:00:00+00:00,EM,2024-08-27T18:22:14.800Z,2003,3,1,1.0,6.123233995736766e-17,1.0,6.123233995736766e-17,1.0,38.0,Northeast,58,0,0,0,0.15,0,0,0,0,0,1,0,0,0,0,0.15,8.7,38.0,32811899.91,806.0,40709.5532382134,7305637.74,17.306301840168484,1
5c38a96e-93c5-433e-9d23-52a06dd3792e,050e8cbc2f093e003d7fba54da5ea5f0c261fe36,3185,CO,Snowstorm,2003-04-09 00:00:00+00:00,2003-03-17 00:00:00+00:00,2003-03-20 00:00:00+00:00,EM,2024-08-27T18:22:14.800Z,2003,4,2,0.8660254037844387,-0.4999999999999998,1.2246467991473532e-16,-1.0,3.0,23.0,West,46,0,0,0,0.15,0,0,0,0,0,1,0,0,0,0,0.44999999999999996,6.8999999999999995,69.0,5905499.0200000005,192.0,30757.807395833337,499298.96,15.591394681420713,4
7f11ddde-b82b-4c0b-9cb2-d0b458ff91a7,6b54f108ec31b06bd8fa79bb7f93307a88917f08,1459,MS,Severe Storm,2003-04-24 00:00:00+00:00,2003-04-06 00:00:00+00:00,2003-04-25 00:00:00+00:00,DR,2024-08-27T18:22:14.800Z,2003,4,2,0.8660254037844387,-0.4999999999999998,1.2246467991473532e-16,-1.0,19.0,18.0,South,45,0,0,0,0.3,0,1,0,0,0,0,0,0,0,0,5.7,13.5,342.0,5795271.18,376.0,15412.955265957446,173286.21,15.57255300172895,3
bc4ba520-03fc-4e6d-9ba5-7aa915e9befe,00dc2d2899534bfd3414b674d0ba14258422572a,1461,AK,Severe Storm,2003-04-26 00:00:00+00:00,2003-03-06 00:00:00+00:00,2003-03-14 00:00:00+00:00,DR,2024-08-27T18:22:14.800Z,2003,4,2,0.8660254037844387,-0.4999999999999998,1.2246467991473532e-16,-1.0,8.0,51.0,West,32,0,0,0,0.3,0,1,0,0,0,0,0,0,0,0,2.4,9.6,408.0,1828219.15,63.0,29019.351587301586,439446.96,14.418853455911163,4
965c835f-de86-4dc7-9e9c-6544530ae346,ff3ab941a2d5a6da5d96987624f6742a9f9d4db3,1462,KS,Severe Storm,2003-05-06 00:00:00+00:00,2003-05-04 00:00:00+00:00,2003-05-30 00:00:00+00:00,DR,2024-08-27T18:22:14.800Z,2003,5,2,0.49999999999999994,-0.8660254037844387,1.2246467991473532e-16,-1.0,26.0,2.0,Midwest,26,0,0,0,0.3,0,1,0,0,0,0,0,0,0,0,7.8,7.8,52.0,5944481.83,122.0,48725.26090163935,1873285.09,15.597974091892345,0
3cc0d492-4682-47dd-8164-16a091a9cb85,9e2772d9ca0f39a06ad4e9c900b149971ff854cc,1463,MO,Severe Storm,2003-05-06 00:00:00+00:00,2003-05-04 00:00:00+00:00,2003-05-30 00:00:00+00:00,DR,2024-08-27T18:22:14.800Z,2003,5,2,0.49999999999999994,-0.8660254037844387,1.2246467991473532e-16,-1.0,26.0,2.0,Midwest,34,0,0,0,0.3,0,1,0,0,0,0,0,0,0,0,7.8,10.2,52.0,19019325.41,481.0,39541.21706860707,2078826.76,16.7609661996279,0
001c8cf4-5804-4e5f-89b3-d3d463c1469d,dc0619027baed106af5f89ac1070baa484d40b3a,1464,TN,Severe Storm,2003-05-08 00:00:00+00:00,2003-05-04 00:00:00+00:00,2003-05-30 00:00:00+00:00,DR,2024-08-27T18:22:14.800Z,2003,5,2,0.49999999999999994,-0.8660254037844387,1.2246467991473532e-16,-1.0,26.0,4.0,South,41,0,0,0,0.3,0,1,0,0,0,0,0,0,0,0,7.8,12.299999999999999,104.0,37716639.96,970.0,38883.13397938145,6840202.57,17.445611959802346,3
697a7ffd-eb6f-44a2-8ce1-b49ce219e37c,de34f82ad4cf619366f97899b721ec9e6aab9494,1465,OK,Severe Storm,2003-05-10 00:00:00+00:00,2003-05-08 00:00:00+00:00,2003-05-30 00:00:00+00:00,DR,2024-08-27T18:22:14.800Z,2003,5,2,0.49999999999999994,-0.8660254037844387,1.2246467991473532e-16,-1.0,22.0,2.0,South,62,0,0,0,0.3,0,1,0,0,0,0,0,0,0,0,6.6,18.599999999999998,44.0,4182955.0,176.0,23766.789772727272,487494.32,15.246528731602577,3
f00eb654-39dd-46a6-b923-6548fb9fb905,83392ffcbfede6a630399fd579c51aa0b4d4ebd3,1466,AL,Severe Storm,2003-05-12 00:00:00+00:00,2003-05-05 00:00:00+00:00,2003-05-30 00:00:00+00:00,DR,2024-08-27T18:22:14.800Z,2003,5,2,0.49999999999999994,-0.8660254037844387,1.2246467991473532e-16,-1.0,25.0,7.0,South,57,0,0,0,0.3,0,1,0,0,0,0,0,0,0,0,7.5,17.099999999999998,175.0,12137608.45,625.0,19420.17352,561595.22,16.311819409048784,3
59e2b28b-3c62-4e25-b116-08988cd95d39,0e87038fcf352038c7a7c17bb04a8de47a4ac905,1467,NY,Severe Ice Storm,2003-05-12 00:00:00+00:00,2003-04-03 00:00:00+00:00,2003-04-05 00:00:00+00:00,DR,2024-08-27T18:22:14.800Z,2003,5,2,0.49999999999999994,-0.8660254037844387,1.2246467991473532e-16,-1.0,2.0,39.0,Northeast,59,0,0,0,0.3,0,0,0,0,0,0,0,1,0,0,0.6,17.7,78.0,17143855.81,898.0,19091.15346325167,795122.05,16.657150463907485,1
e3e53511-3e37-42db-ab92-aa321150925a,5f4daa75f77c6d543d15bda32f18f803e1321c1d,1468,ME,Freezing,2003-05-14 00:00:00+00:00,2002-12-17 00:00:00+00:00,2003-06-01 00:00:00+00:00,DR,2024-08-27T18:22:14.800Z,2003,5,2,0.49999999999999994,-0.8660254037844387,1.2246467991473532e-16,-1.0,166.0,148.0,Northeast,31,0,0,0,0.0,0,0,0,0,0,0,0,0,0,0,0.0,0.0,24568.0,1649844.61,191.0,8637.929895287958,101522.63,14.316192271801876,1
d39728ca-60b7-4938-962c-8cf7353af903,ce186389ccfb46dbf0db869c9242df506fa6300f,1471,KY,Severe Storm,2003-06-03 00:00:00+00:00,2003-05-04 00:00:00+00:00,2003-05-27 00:00:00+00:00,DR,2024-08-27T18:22:14.800Z,2003,6,2,1.2246467991473532e-16,-1.0,1.2246467991473532e-16,-1.0,23.0,30.0,South,46,0,0,0,0.3,0,1,0,0,0,0,0,0,0,0,6.8999999999999995,13.799999999999999,690.0,4778226.71,425.0,11242.886376470587,149536.31,15.37958026374819,3
cbe35fb4-0e11-4500-97e2-43c140042288,7e25643f1747c90625a2c81890c5023f53322a26,1472,AR,Severe Storm,2003-06-06 00:00:00+00:00,2003-05-02 00:00:00+00:00,2003-06-10 00:00:00+00:00,DR,2024-08-27T18:22:14.800Z,2003,6,2,1.2246467991473532e-16,-1.0,1.2246467991473532e-16,-1.0,39.0,35.0,South,43,0,0,0,0.3,0,1,0,0,0,0,0,0,0,0,11.7,12.9,1365.0,5088374.63,470.0,10826.329,275209.92,15.442469207927985,3
5b378fda-1abd-497d-8d32-060331d19ec4,8477a0914e01302aea88fda6834d6fa442560353,1473,AS,Severe Storm,2003-06-06 00:00:00+00:00,2003-05-19 00:00:00+00:00,2003-05-21 00:00:00+00:00,DR,2024-08-27T18:22:14.800Z,2003,6,2,1.2246467991473532e-16,-1.0,1.2246467991473532e-16,-1.0,2.0,18.0,Other,7,0,0,0,0.3,0,1,0,0,0,0,0,0,0,0,0.6,2.1,36.0,1449085.18,77.0,18819.28805194805,289323.82,14.186443695034567,2
956ed60c-0065-4ed9-afdb-a578c7c9d91c,442f981225ea82cd08a65e44417b7fdf36705f02,1474,WV,Severe Storm,2003-06-21 00:00:00+00:00,2003-06-11 00:00:00+00:00,2003-07-15 00:00:00+00:00,DR,2024-08-27T18:22:14.800Z,2003,6,2,1.2246467991473532e-16,-1.0,1.2246467991473532e-16,-1.0,34.0,10.0,South,38,0,0,0,0.3,0,1,0,0,0,0,0,0,0,0,10.2,11.4,340.0,4688031.11,386.0,12145.158316062178,213285.22,15.360523459618259,3
8b6d87cc-d82a-4079-8e0e-250a7bffad7e,f38f663cc5e3883fae304be3a4bb0ea6b71dacc6,1475,KY,Severe Storm,2003-07-02 00:00:00+00:00,2003-06-14 00:00:00+00:00,2003-06-27 00:00:00+00:00,DR,2024-08-27T18:22:14.800Z,2003,7,3,-0.4999999999999997,-0.8660254037844388,-1.0,-1.8369701987210297e-16,13.0,18.0,South,47,0,0,0,0.3,0,1,0,0,0,0,0,0,0,0,3.9,14.1,234.0,8613669.23,724.0,11897.333190607735,146137.51,15.96886106083575,3
a9a2015a-6f56-4164-87ea-4931a3ecf080,b97a899c9910da59bf9a791547b23ff37e8b2341,1476,IN,Severe Storm,2003-07-11 00:00:00+00:00,2003-07-04 00:00:00+00:00,2003-08-06 00:00:00+00:00,DR,2024-08-27T18:22:14.800Z,2003,7,3,-0.4999999999999997,-0.8660254037844388,-1.0,-1.8369701987210297e-16,33.0,7.0,Midwest,29,0,0,0,0.3,0,1,0,0,0,0,0,0,0,0,9.9,8.7,231.0,6700639.03,415.0,16146.118144578313,925326.7,15.717713606664466,0
94c05ba9-9e74-4483-a221-d8d43c601ce4,1875fa03d9c9048fa6f5aeb54ed20717d175e43e,1477,AZ,Fire,2003-07-14 00:00:00+00:00,2003-06-17 00:00:00+00:00,2003-07-15 00:00:00+00:00,DR,2024-08-27T18:22:14.800Z,2003,7,3,-0.4999999999999997,-0.8660254037844388,-1.0,-1.8369701987210297e-16,28.0,27.0,West,40,0,0,0,0.3,1,0,0,0,0,0,0,0,0,0,8.4,12.0,756.0,5195324.09,26.0,199820.1573076923,2667409.35,15.46326975803592,4
3bbac46a-68a6-42c8-9e8d-712d74fd3c19,8949a8f1ee68830c5c58533606f5d10f19aa9915,1479,TX,Hurricane,2003-07-17 00:00:00+00:00,2003-07-15 00:00:00+00:00,2003-07-28 00:00:00+00:00,DR,2024-08-27T18:22:14.800Z,2003,7,3,-0.4999999999999997,-0.8660254037844388,-1.0,-1.8369701987210297e-16,13.0,2.0,South,198,0,0,0,0.6,0,0,0,1,0,0,0,0,0,0,7.8,118.8,26.0,17330047.82,551.0,31451.992413793105,1355817.41,16.66795247876803,3
7f1860f2-5e88-45c9-874d-4aab29695b9a,e879bf66e0090ccc56dfd9fcb3a20b1c9996d4f0,1480,NE,Severe Storm,2003-07-21 00:00:00+00:00,2003-06-09 00:00:00+00:00,2003-07-14 00:00:00+00:00,DR,2024-08-27T18:22:14.800Z,2003,7,3,-0.4999999999999997,-0.8660254037844388,-1.0,-1.8369701987210297e-16,35.0,42.0,Midwest,28,0,0,0,0.3,0,1,0,0,0,0,0,0,0,0,10.5,8.4,1470.0,3724337.04,138.0,26987.94956521739,695826.11,15.130399686621418,0
f811cf49-f011-497e-a9c7-d080ae2cef48,d859d75e5c113412e887324a06dd9f2c473bb9f5,1481,FL,Severe Storm,2003-07-29 00:00:00+00:00,2003-06-13 00:00:00+00:00,2003-08-22 00:00:00+00:00,DR,2024-08-27T18:22:14.800Z,2003,7,3,-0.4999999999999997,-0.8660254037844388,-1.0,-1.8369701987210297e-16,70.0,46.0,South,104,0,0,0,0.3,0,1,0,0,0,0,0,0,0,0,21.0,31.2,3220.0,11406602.64,262.0,43536.65129770993,3513769.08,16.249703012321216,3
9e505de3-012e-47a2-9a90-f502807bc55c,d7ae224a26d507f8daaa7ba4f57d4a591497018f,1482,TN,Severe Storm,2003-07-29 00:00:00+00:00,2003-07-21 00:00:00+00:00,2003-07-22 00:00:00+00:00,DR,2024-08-27T18:22:14.800Z,2003,7,3,-0.4999999999999997,-0.8660254037844388,-1.0,-1.8369701987210297e-16,1.0,8.0,South,42,0,0,0,0.3,0,1,0,0,0,0,0,0,0,0,0.3,12.6,8.0,34804324.32,171.0,203534.0603508772,17867339.43,17.365252227825838,3
cddc014a-2ae6-47a6-89af-7ee5694322a9,4ecd7baf1a43019f387d61f9bbcb34000613b689,1483,ND,Severe Storm,2003-08-01 00:00:00+00:00,2003-06-24 00:00:00+00:00,2003-06-25 00:00:00+00:00,DR,2024-08-27T18:22:14.800Z,2003,8,3,-0.8660254037844385,-0.5000000000000004,-1.0,-1.8369701987210297e-16,1.0,38.0,Midwest,32,0,0,0,0.3,0,1,0,0,0,0,0,0,0,0,0.3,9.6,38.0,846161.0,2.0,423080.5,843458.25,13.648466109618315,0
68a3da1f-2082-4cfb-aa99-425b274b9353,2d05d5c39b4a3a0e7178cc33365041947d17e6c2,1484,OH,Tornado,2003-08-01 00:00:00+00:00,2003-07-21 00:00:00+00:00,2003-08-25 00:00:00+00:00,DR,2024-08-27T18:22:14.800Z,2003,8,3,-0.8660254037844385,-0.5000000000000004,-1.0,-1.8369701987210297e-16,35.0,11.0,Midwest,37,0,0,0,0.44999999999999996,0,0,0,0,1,0,0,0,0,0,15.749999999999998,16.65,385.0,10527935.79,724.0,14541.347776243092,601401.0,16.16954292853985,0
4b94c6dd-88a7-4808-82b8-73b735d22e62,4314ca96bc5ea12406472cc5bbdc603ca1a1ca7b,1485,PA,Severe Storm,2003-08-23 00:00:00+00:00,2003-07-21 00:00:00+00:00,2003-09-12 00:00:00+00:00,DR,2024-08-27T18:22:14.800Z,2003,8,3,-0.8660254037844385,-0.5000000000000004,-1.0,-1.8369701987210297e-16,53.0,33.0,Northeast,38,0,0,0,0.3,0,1,0,0,0,0,0,0,0,0,15.899999999999999,11.4,1749.0,28108751.09,1133.0,24809.136001765226,16901579.25,17.151591548087247,1
617de3c9-bd92-4696-a4eb-f8ed3cfe402a,4f084401f47a69bec40897c93a4685b5ede63238,3186,NY,Other,2003-08-23 00:00:00+00:00,2003-08-14 00:00:00+00:00,2003-08-16 00:00:00+00:00,EM,2024-08-27T18:22:14.800Z,2003,8,3,-0.8660254037844385,-0.5000000000000004,-1.0,-1.8369701987210297e-16,2.0,9.0,Northeast,60,0,0,0,0.0,0,0,0,0,0,0,0,0,0,0,0.0,0.0,18.0,5249961.19,243.0,21604.778559670784,1871744.42,15.473731432637111,1
ec67c339-0755-4b2b-a63d-2ac78657a336,f24ebcf0d115dba30ff10b064c4e4c30b22ec951,1486,NY,Severe Storm,2003-08-29 00:00:00+00:00,2003-07-21 00:00:00+00:00,2003-08-13 00:00:00+00:00,DR,2024-08-27T18:22:14.800Z,2003,8,3,-0.8660254037844385,-0.5000000000000004,-1.0,-1.8369701987210297e-16,23.0,39.0,Northeast,61,0,0,0,0.3,0,1,0,0,0,0,0,0,0,0,6.8999999999999995,18.3,897.0,23021472.33,1169.0,19693.303960650126,539781.56,16.951937961381983,1
c2408feb-aa71-4176-875b-14d018663d4b,9e922b87afb70599e8efc793fe56103bc44a06c1,1488,VT,Severe Storm,2003-09-12 00:00:00+00:00,2003-07-21 00:00:00+00:00,2003-08-18 00:00:00+00:00,DR,2024-08-27T18:22:14.800Z,2003,9,3,-1.0,-1.8369701987210297e-16,-1.0,-1.8369701987210297e-16,28.0,53.0,Northeast,22,0,0,0,0.3,0,1,0,0,0,0,0,0,0,0,8.4,6.6,1484.0,929769.9,101.0,9205.642574257427,129495.65,13.742693490695729,1
8e303ca1-728b-4403-934a-50d5ae0acbe7,a092bb9da65ac784a7e321873c2c129fa3151b50,1489,NH,Severe Storm,2003-09-12 00:00:00+00:00,2003-07-21 00:00:00+00:00,2003-08-18 00:00:00+00:00,DR,2024-08-27T18:22:14.800Z,2003,9,3,-1.0,-1.8369701987210297e-16,-1.0,-1.8369701987210297e-16,28.0,53.0,Northeast,19,0,0,0,0.3,0,1,0,0,0,0,0,0,0,0,8.4,5.7,1484.0,941330.5599999999,64.0,14708.289999999999,254200.8,13.755050705072694,1
9d5ed928-4f3e-4280-ada3-3bad9152986f,e78d6b32dc25c51bebc96a54a49a3381711f6423,1490,NC,Hurricane,2003-09-18 00:00:00+00:00,2003-09-18 00:00:00+00:00,2003-09-26 00:00:00+00:00,DR,2024-10-10T14:02:49.284Z,2003,9,3,-1.0,-1.8369701987210297e-16,-1.0,-1.8369701987210297e-16,8.0,0.0,South,37,0,0,0,0.6,0,0,0,1,0,0,0,0,0,0,4.8,22.2,0.0,69210755.89,1263.0,54798.698250197944,4283969.66,18.052666854894643,3
07458fc4-bd3f-4191-a910-8f4cfa6f2aac,37db2710c542b0fd59699d31a1e900cf11fbb3df,1491,VA,Hurricane,2003-09-18 00:00:00+00:00,2003-09-18 00:00:00+00:00,2003-10-01 00:00:00+00:00,DR,2024-08-27T18:22:14.800Z,2003,9,3,-1.0,-1.8369701987210297e-16,-1.0,-1.8369701987210297e-16,13.0,0.0,South,41,0,0,0,0.6,0,0,0,1,0,0,0,0,0,0,7.8,24.599999999999998,0.0,202307326.22,2226.0,90883.79434860736,10836686.16,19.12529852105695,3
92ef91fd-1207-4655-a811-7856df978749,544dbad9ec2bc2f1535842f9bbc7766c017844ce,1492,MD,Hurricane,2003-09-19 00:00:00+00:00,2003-09-18 00:00:00+00:00,2003-09-29 00:00:00+00:00,DR,2024-08-27T18:22:14.800Z,2003,9,3,-1.0,-1.8369701987210297e-16,-1.0,-1.8369701987210297e-16,11.0,1.0,South,18,0,0,0,0.6,0,0,0,1,0,0,0,0,0,0,6.6,10.799999999999999,11.0,39545990.52,1312.0,30141.761067073174,1015338.91,17.492974894829064,3
515145cb-f1b9-4778-9e36-5d708d33efc7,72a7c4dcbd5b345fa20caa148be1f57a2b215f4a,1493,DC,Hurricane,2003-09-20 00:00:00+00:00,2003-09-18 00:00:00+00:00,2003-09-29 00:00:00+00:00,DR,2024-08-27T18:22:14.800Z,2003,9,3,-1.0,-1.8369701987210297e-16,-1.0,-1.8369701987210297e-16,11.0,2.0,South,8,0,0,0,0.6,0,0,0,1,0,0,0,0,0,0,6.6,4.8,22.0,4838480.33,75.0,64513.07106666667,1084405.06,15.392111454661816,3
904e5ac4-53fb-453a-93bb-717203acd0d2,77beebd977aa9c3e1ce775cfcd518a1693cc0c53,1494,DE,Hurricane,2003-09-20 00:00:00+00:00,2003-09-18 00:00:00+00:00,2003-09-29 00:00:00+00:00,DR,2024-08-27T18:22:14.800Z,2003,9,3,-1.0,-1.8369701987210297e-16,-1.0,-1.8369701987210297e-16,11.0,2.0,South,10,0,0,0,0.6,0,0,0,1,0,0,0,0,0,0,6.6,6.0,22.0,2109249.42,181.0,11653.311712707182,222107.87,14.561843191150764,3
3f06fad6-4131-40c7-bac1-0a66e673ba46,f497bca9acc72a1606eff9f49efbe2c15140d40b,1495,DE,Hurricane,2003-09-23 00:00:00+00:00,2003-09-15 00:00:00+00:00,2003-09-15 00:00:00+00:00,DR,2024-08-27T18:22:14.800Z,2003,9,3,-1.0,-1.8369701987210297e-16,-1.0,-1.8369701987210297e-16,0.0,8.0,South,11,0,0,0,0.6,0,0,0,1,0,0,0,0,0,0,0.0,6.6,0.0,8536786.79,57.0,149768.1892982456,1379034.0,15.959895358005145,3
bbc77b7e-1fc4-4a82-aa71-10181a0e0591,dc34612aef20a8ef01fde4dd827e59e92a84af62,1496,WV,Hurricane,2003-09-23 00:00:00+00:00,2003-09-18 00:00:00+00:00,2003-09-30 00:00:00+00:00,DR,2024-08-27T18:22:14.800Z,2003,9,3,-1.0,-1.8369701987210297e-16,-1.0,-1.8369701987210297e-16,12.0,5.0,South,39,0,0,0,0.6,0,0,0,1,0,0,0,0,0,0,7.199999999999999,23.4,60.0,1434964.9,227.0,6321.431277533039,83206.47,14.176651643827311,3
288fe7a6-2f10-419d-9a2a-75909fdf853e,bb6b7a92589ffc847531836d0201db5e1d0afbb0,3187,OH,Other,2003-09-23 00:00:00+00:00,2003-08-14 00:00:00+00:00,2003-08-17 00:00:00+00:00,EM,2024-08-27T18:22:14.800Z,2003,9,3,-1.0,-1.8369701987210297e-16,-1.0,-1.8369701987210297e-16,3.0,40.0,Midwest,38,0,0,0,0.0,0,0,0,0,0,0,0,0,0,0,0.0,0.0,120.0,1541269.1,132.0,11676.281060606061,162554.25,14.248117374738184,0
37ffb99b-b891-45ff-a1fe-671f96cb4268,366a4892217806a559435750487c3b9bc2d76870,3188,NJ,Other,2003-09-23 00:00:00+00:00,2003-08-14 00:00:00+00:00,2003-08-16 00:00:00+00:00,EM,2024-08-27T18:22:14.800Z,2003,9,3,-1.0,-1.8369701987210297e-16,-1.0,-1.8369701987210297e-16,2.0,40.0,Northeast,27,0,0,0,0.0,0,0,0,0,0,0,0,0,0,0,0.0,0.0,80.0,1421713.03,134.0,10609.798731343284,147173.25,14.167373765042424,1
8867129b-728e-4cc1-8af9-948d7293de08,25908fea6f97a21dc7027f5fda2c91fe92cac67a,3189,MI,Other,2003-09-23 00:00:00+00:00,2003-08-14 00:00:00+00:00,2003-08-17 00:00:00+00:00,EM,2024-08-27T18:22:14.800Z,2003,9,3,-1.0,-1.8369701987210297e-16,-1.0,-1.8369701987210297e-16,3.0,40.0,Midwest,29,0,0,0,0.0,0,0,0,0,0,0,0,0,0,0,0.0,0.0,120.0,4779331.97,236.0,20251.406652542373,953881.14,15.379811548705081,0
6f9c2c2c-9845-499b-9c2b-56e72a6ee3b2,b6dfbc27d4fdc49d28fa4c456e4c0ba36203ea94,1498,CA,Fire,2003-10-27 00:00:00+00:00,2003-10-21 00:00:00+00:00,2004-03-31 00:00:00+00:00,DR,2026-07-20T21:43:12.371Z,2003,10,4,-0.8660254037844386,0.5000000000000001,-2.4492935982947064e-16,1.0,162.0,6.0,West,101,0,0,0,0.3,1,0,0,0,0,0,0,0,0,0,48.6,30.299999999999997,972.0,106360159.16000001,813.0,130824.30400984011,51250335.74,18.48234163016722,4
87f97acd-ec33-4b9d-9539-8b8d5d0aa721,8776b22353fc883436b24c47504953ec3b07efd0,1499,WA,Severe Storm,2003-11-07 00:00:00+00:00,2003-10-15 00:00:00+00:00,2003-10-23 00:00:00+00:00,DR,2024-08-27T18:22:14.800Z,2003,11,4,-0.5000000000000004,0.8660254037844384,-2.4492935982947064e-16,1.0,8.0,23.0,West,72,0,0,0,0.3,0,1,0,0,0,0,0,0,0,0,2.4,21.599999999999998,184.0,8844310.459999999,260.0,34016.57869230769,1717059.67,15.995285037435703,4
358613c2-e247-4b32-b115-b5ef45611717,e51886e6cc729061db3ed8b54b6ef71907e58067,1500,WV,Severe Storm,2003-11-21 00:00:00+00:00,2003-11-11 00:00:00+00:00,2003-11-30 00:00:00+00:00,DR,2026-07-20T21:43:12.371Z,2003,11,4,-0.5000000000000004,0.8660254037844384,-2.4492935982947064e-16,1.0,19.0,10.0,South,40,0,0,0,0.3,0,1,0,0,0,0,0,0,0,0,5.7,12.0,190.0,15379669.32,1229.0,12513.970154597233,619695.86,16.548557086181336,3
96893c84-b694-4484-ba9f-aa1a64594687,1676e28bfe899df87b315568448fa17d78de4ede,1501,PR,Severe Storm,2003-11-21 00:00:00+00:00,2003-11-10 00:00:00+00:00,2003-11-23 00:00:00+00:00,DR,2026-07-20T21:43:12.371Z,2003,11,4,-0.5000000000000004,0.8660254037844384,-2.4492935982947064e-16,1.0,13.0,11.0,Other,21,0,0,0,0.3,0,1,0,0,0,0,0,0,0,0,3.9,6.3,143.0,6870351.17,496.0,13851.514455645161,202116.0,15.742725924893413,2
3f8fb623-aca2-4bb5-8a5e-585385461753,02ec4e2b4217f5204882188eb920313378035fb2,1503,VI,Severe Storm,2003-12-09 00:00:00+00:00,2003-11-10 00:00:00+00:00,2003-11-16 00:00:00+00:00,DR,2026-07-20T21:43:12.371Z,2003,12,4,-2.4492935982947064e-16,1.0,-2.4492935982947064e-16,1.0,6.0,29.0,Other,15,0,0,0,0.3,0,1,0,0,0,0,0,0,0,0,1.7999999999999998,4.5,174.0,1520686.3900000001,51.0,29817.380196078433,246395.0,14.23467302086033,2
2bb212b1-c7f2-4993-9cd3-66e390b6eef3,0ef07f72e8303ac0b5273afb9103fff6dd00b2a5,1504,FM,Typhoon,2003-12-19 00:00:00+00:00,2003-11-22 00:00:00+00:00,2003-11-26 00:00:00+00:00,DR,2024-08-27T18:22:14.800Z,2003,12,4,-2.4492935982947064e-16,1.0,-2.4492935982947064e-16,1.0,4.0,27.0,Other,18,0,0,0,0.6,0,0,0,0,0,0,0,0,1,0,2.4,10.799999999999999,108.0,1174019.25,133.0,8827.212406015038,92052.91,13.975944527943739,2
81831bc0-ed12-4442-8bb9-f705c6021ec4,6ffec7a6613822062f0cdcfe083a6130e8d664fb,1505,CA,Earthquake,2004-01-13 00:00:00+00:00,2003-12-22 00:00:00+00:00,2004-02-06 00:00:00+00:00,DR,2024-08-27T18:22:14.800Z,2004,1,1,0.49999999999999994,0.8660254037844387,1.0,6.123233995736766e-17,46.0,22.0,West,103,0,0,0,0.6,0,0,0,0,0,0,0,0,0,0,27.599999999999998,61.8,1012.0,46990955.14,226.0,207924.58026548673,14358964.83,17.665465718605546,4
71551bc6-a723-40b4-b598-854db968f11b,1822f59cf63a8f1ad04867f5aca25c8161f18214,1506,AS,Typhoon,2004-01-13 00:00:00+00:00,2004-01-02 00:00:00+00:00,2004-01-06 00:00:00+00:00,DR,2024-08-27T18:22:14.800Z,2004,1,1,0.49999999999999994,0.8660254037844387,1.0,6.123233995736766e-17,4.0,11.0,Other,8,0,0,0,0.6,0,0,0,0,0,0,0,0,1,0,2.4,4.8,44.0,11889074.08,281.0,42309.872170818504,815141.99,16.29113047590191,2
849725ea-3e60-47ac-8d05-cf1d7b9bc0fe,3d6520712fef0777e461427e48af4ed6e4779fb0,3190,ME,Snowstorm,2004-01-15 00:00:00+00:00,2003-12-06 00:00:00+00:00,2003-12-07 00:00:00+00:00,EM,2024-08-27T18:22:14.800Z,2004,1,1,0.49999999999999994,0.8660254037844387,1.0,6.123233995736766e-17,1.0,40.0,Northeast,32,0,0,0,0.15,0,0,0,0,0,1,0,0,0,0,0.15,4.8,40.0,2193062.41,200.0,10965.31205,489733.11,14.600809941710684,1
d2a96949-5fd1-4306-a5f8-2d2f94530954,062eff49d658d7a53efd346fa938f646308d7d9d,3191,MA,Snowstorm,2004-01-15 00:00:00+00:00,2003-12-06 00:00:00+00:00,2003-12-07 00:00:00+00:00,EM,2024-08-27T18:22:14.800Z,2004,1,1,0.49999999999999994,0.8660254037844387,1.0,6.123233995736766e-17,1.0,40.0,Northeast,24,0,0,0,0.15,0,0,0,0,0,1,0,0,0,0,0.15,3.5999999999999996,40.0,34491571.61,667.0,51711.50166416792,1713693.4,17.35622557998837,1
7a9b1d4a-2272-42c1-9101-fd3ec983f87d,272e4d143389aa15c9c0c87c563f59ead1607704,3192,CT,Snowstorm,2004-01-15 00:00:00+00:00,2003-12-05 00:00:00+00:00,2003-12-07 00:00:00+00:00,EM,2024-08-27T18:22:14.800Z,2004,1,1,0.49999999999999994,0.8660254037844387,1.0,6.123233995736766e-17,2.0,41.0,Northeast,14,0,0,0,0.15,0,0,0,0,0,1,0,0,0,0,0.3,2.1,82.0,9171675.0,207.0,44307.608695652176,1082464.73,16.031630597434116,1
2254dd59-8355-4e28-bf87-c18652744e9c,e459adf7a9a10c3f4a0ce361e83ed2b729eddc7b,3193,NH,Snowstorm,2004-01-15 00:00:00+00:00,2003-12-06 00:00:00+00:00,2003-12-07 00:00:00+00:00,EM,2024-08-27T18:22:14.800Z,2004,1,1,0.49999999999999994,0.8660254037844387,1.0,6.123233995736766e-17,1.0,40.0,Northeast,20,0,0,0,0.15,0,0,0,0,0,1,0,0,0,0,0.15,3.0,40.0,2537149.86,132.0,19220.83227272727,217851.77,14.74655230074729,1
1e2a876f-33af-4057-a0e3-c23440f58c68,01d7a4f427188b71319fbfc98b5a428d5fe0b6a3,1507,OH,Severe Storm,2004-01-26 00:00:00+00:00,2004-01-03 00:00:00+00:00,2004-01-30 00:00:00+00:00,DR,2026-07-20T21:43:12.371Z,2004,1,1,0.49999999999999994,0.8660254037844387,1.0,6.123233995736766e-17,27.0,23.0,Midwest,39,0,0,0,0.3,0,1,0,0,0,0,0,0,0,0,8.1,11.7,621.0,11451302.63,675.0,16964.892785185188,461431.53,16.253614135632102,0
26724716-868b-4a16-9edb-4a5b0ce55ff1,2b09b7ac409ec37ee5b883ff046567163a1dd9c8,3194,ME,Snowstorm,2004-01-26 00:00:00+00:00,2003-12-14 00:00:00+00:00,2003-12-15 00:00:00+00:00,EM,2024-08-27T18:22:14.800Z,2004,1,1,0.49999999999999994,0.8660254037844387,1.0,6.123233995736766e-17,1.0,43.0,Northeast,33,0,0,0,0.15,0,0,0,0,0,1,0,0,0,0,0.15,4.95,43.0,1144936.63,103.0,11115.889611650484,348906.22,13.950860721871123,1
7c11f928-a2a5-41fc-9161-45d247562ddd,893e7bdb826baf73aaf5445305f35e83f5c35a8c,1508,ME,Severe Storm,2004-02-05 00:00:00+00:00,2003-12-10 00:00:00+00:00,2003-12-31 00:00:00+00:00,DR,2024-08-27T18:22:14.800Z,2004,2,1,0.8660254037844386,0.5000000000000001,1.0,6.123233995736766e-17,21.0,57.0,Northeast,34,0,0,0,0.3,0,1,0,0,0,0,0,0,0,0,6.3,10.2,1197.0,2291076.4,405.0,5656.978765432099,245784.98,14.644532745238589,1
a6030619-76f2-4e30-8ebe-2734d234c9d3,498ff66803dd09b19c0a135e28e8975f827827c4,1509,SC,Severe Ice Storm,2004-02-13 00:00:00+00:00,2004-01-26 00:00:00+00:00,2004-01-30 00:00:00+00:00,DR,2024-08-27T18:22:14.800Z,2004,2,1,0.8660254037844386,0.5000000000000001,1.0,6.123233995736766e-17,4.0,18.0,South,14,0,0,0,0.3,0,0,0,0,0,0,0,1,0,0,1.2,4.2,72.0,15740526.49,339.0,46432.2315339233,975704.62,16.571749313098472,3
82a3cb42-9182-4f24-a4c3-c97bac2012d0,a36866296b7a048a544efe71a8b7f4604f90395b,1510,OR,Severe Storm,2004-02-19 00:00:00+00:00,2003-12-26 00:00:00+00:00,2004-01-14 00:00:00+00:00,DR,2024-08-27T18:22:14.800Z,2004,2,1,0.8660254037844386,0.5000000000000001,1.0,6.123233995736766e-17,19.0,55.0,West,60,0,0,0,0.3,0,1,0,0,0,0,0,0,0,0,5.7,18.0,1045.0,9974904.68,335.0,29775.83486567164,944957.44,16.1155830650564,4
3ed46374-72c8-4a05-899b-da2fa58d22d1,0afe2bfdcf6d5e970c6dc711516e860e51c3b123,3195,NY,Snowstorm,2004-03-03 00:00:00+00:00,2004-01-28 00:00:00+00:00,2004-01-31 00:00:00+00:00,EM,2024-08-27T18:22:14.800Z,2004,3,1,1.0,6.123233995736766e-17,1.0,6.123233995736766e-17,3.0,35.0,Northeast,62,0,0,0,0.15,0,0,0,0,0,1,0,0,0,0,0.44999999999999996,9.299999999999999,105.0,2613314.09,254.0,10288.638149606299,377631.27,14.776130122766768,1
f821f63b-fac3-4e4c-995a-c64ba5ac05ca,98cdec588450a23b55c6d14ea6a2afc5c1d80d7f,3196,ND,Snowstorm,2004-04-02 00:00:00+00:00,2004-01-23 00:00:00+00:00,2004-01-27 00:00:00+00:00,EM,2024-08-27T18:22:14.800Z,2004,4,2,0.8660254037844387,-0.4999999999999998,1.2246467991473532e-16,-1.0,4.0,70.0,Midwest,33,0,0,0,0.15,0,0,0,0,0,1,0,0,0,0,0.6,4.95,280.0,306565.57,46.0,6664.468913043478,44337.26,12.633190204902416,0
8b41de64-0c8a-4891-b2c6-959b2e07a9cb,4968629882e69c9e11f9c997bf86be11fbaa8d72,1511,FM,Typhoon,2004-04-10 00:00:00+00:00,2004-04-08 00:00:00+00:00,2004-04-14 00:00:00+00:00,DR,2024-08-27T18:22:14.800Z,2004,4,2,0.8660254037844387,-0.4999999999999998,1.2246467991473532e-16,-1.0,6.0,2.0,Other,19,0,0,0,0.6,0,0,0,0,0,0,0,0,1,0,3.5999999999999996,11.4,12.0,13564506.36,490.0,27682.666040816326,1100828.35,16.42296718642343,2
31c1db31-40e9-4b36-a1f6-fa994b0027b3,70ae2246b9cb1e564eb84aaadffd96e7b9a272d3,1513,IL,Severe Storm,2004-04-23 00:00:00+00:00,2004-04-20 00:00:00+00:00,2004-04-23 00:00:00+00:00,DR,2024-08-27T18:22:14.800Z,2004,4,2,0.8660254037844387,-0.4999999999999998,1.2246467991473532e-16,-1.0,3.0,3.0,Midwest,41,0,0,0,0.3,0,1,0,0,0,0,0,0,0,0,0.8999999999999999,12.299999999999999,9.0,2094068.68,76.0,27553.535263157893,342851.08,14.554619945885728,0
342ff597-7b02-4089-89bc-20cc7b607c2c,01a1731554570b3a8172f283585de4b4498c7535,1514,NM,Severe Storm,2004-04-29 00:00:00+00:00,2004-04-02 00:00:00+00:00,2004-04-11 00:00:00+00:00,DR,2024-08-27T18:22:14.800Z,2004,4,2,0.8660254037844387,-0.4999999999999998,1.2246467991473532e-16,-1.0,9.0,27.0,West,41,0,0,0,0.3,0,1,0,0,0,0,0,0,0,0,2.6999999999999997,12.299999999999999,243.0,4342031.130000001,99.0,43858.900303030314,2355905.18,15.28385302920875,4
8bfeceac-5898-4a26-8748-e2bf10845d74,423e9be6010c49ea4b6a62eb94d95d6335144272,1515,ND,Severe Storm,2004-05-05 00:00:00+00:00,2004-03-26 00:00:00+00:00,2004-06-14 00:00:00+00:00,DR,2024-08-27T18:22:14.800Z,2004,5,2,0.49999999999999994,-0.8660254037844387,1.2246467991473532e-16,-1.0,80.0,40.0,Midwest,34,0,0,0,0.3,0,1,0,0,0,0,0,0,0,0,24.0,10.2,3200.0,12210678.63,863.0,14149.10617612978,516269.01,16.317821506290493,0
b81cca36-41d5-4f09-9481-b4e229d2261d,c31f9bc08ddcd8a3b93f799a1bb126788ab27850,1516,AR,Severe Storm,2004-05-07 00:00:00+00:00,2004-04-19 00:00:00+00:00,2004-05-18 00:00:00+00:00,DR,2024-08-27T18:22:14.800Z,2004,5,2,0.49999999999999994,-0.8660254037844387,1.2246467991473532e-16,-1.0,29.0,18.0,South,44,0,0,0,0.3,0,1,0,0,0,0,0,0,0,0,8.7,13.2,522.0,6863334.13,388.0,17689.00548969072,685063.94,15.74170405211339,3
7cecac72-5d57-4000-8426-a090943d5653,9a52a61908feee0b35f0ab62e9fcd479f5c2a8de,1517,NE,Severe Storm,2004-05-25 00:00:00+00:00,2004-05-20 00:00:00+00:00,2004-06-01 00:00:00+00:00,DR,2024-08-27T18:22:14.800Z,2004,5,2,0.49999999999999994,-0.8660254037844387,1.2246467991473532e-16,-1.0,12.0,5.0,Midwest,29,0,0,0,0.3,0,1,0,0,0,0,0,0,0,0,3.5999999999999996,8.7,60.0,12935637.0,333.0,38845.75675675676,1058171.6,16.37549669592668,0
7c6736fa-cefe-47f7-9ccf-051e732f4b82,0e10546c90b3c36257597d77ba4de40ce5536b80,1518,IA,Severe Storm,2004-05-25 00:00:00+00:00,2004-05-19 00:00:00+00:00,2004-06-24 00:00:00+00:00,DR,2024-08-27T18:22:14.800Z,2004,5,2,0.49999999999999994,-0.8660254037844387,1.2246467991473532e-16,-1.0,36.0,6.0,Midwest,35,0,0,0,0.3,0,1,0,0,0,0,0,0,0,0,10.799999999999999,10.5,216.0,14233771.34,1127.0,12629.788234250222,518196.41,16.47112803261481,0
1833e0da-c557-4dc2-a540-d641d12e2dbd,04f2477f839f3452fe59c293a9b0120080e7998b,1519,OH,Severe Storm,2004-06-03 00:00:00+00:00,2004-05-18 00:00:00+00:00,2004-06-21 00:00:00+00:00,DR,2024-08-27T18:22:14.800Z,2004,6,2,1.2246467991473532e-16,-1.0,1.2246467991473532e-16,-1.0,34.0,16.0,Midwest,40,0,0,0,0.3,0,1,0,0,0,0,0,0,0,0,10.2,12.0,544.0,10325148.92,792.0,13036.804191919191,1207163.25,16.15009321680281,0
caac0d0f-ae0e-487f-a3c7-0292d44f975a,bde2f37839289401c3eceba6b40004eb4aa4d5d8,1520,IN,Severe Storm,2004-06-03 00:00:00+00:00,2004-05-25 00:00:00+00:00,2004-06-25 00:00:00+00:00,DR,2024-08-27T18:22:14.800Z,2004,6,2,1.2246467991473532e-16,-1.0,1.2246467991473532e-16,-1.0,31.0,9.0,Midwest,31,0,0,0,0.3,0,1,0,0,0,0,0,0,0,0,9.299999999999999,9.299999999999999,279.0,4008511.46,275.0,14576.40530909091,269808.75,15.203930772854974,0
275a456f-3957-400d-9613-9cd1f84b958d,598a48d8b5dfdad2f014d4d0905e3c91e8e20f7b,1522,WV,Severe Storm,2004-06-07 00:00:00+00:00,2004-05-27 00:00:00+00:00,2004-06-28 00:00:00+00:00,DR,2024-08-27T18:22:14.800Z,2004,6,2,1.2246467991473532e-16,-1.0,1.2246467991473532e-16,-1.0,32.0,11.0,South,41,0,0,0,0.3,0,1,0,0,0,0,0,0,0,0,9.6,12.299999999999999,352.0,9197103.95,500.0,18394.207899999998,665331.73,16.034399313149507,3
89583cc5-9891-4b94-bb87-27a9f0742220,aca0e4a332ab22d07564b7a88c2177f99605aa09,1523,KY,Severe Storm,2004-06-10 00:00:00+00:00,2004-05-26 00:00:00+00:00,2004-06-18 00:00:00+00:00,DR,2026-07-20T21:43:12.371Z,2004,6,2,1.2246467991473532e-16,-1.0,1.2246467991473532e-16,-1.0,23.0,15.0,South,48,0,0,0,0.3,0,1,0,0,0,0,0,0,0,0,6.8999999999999995,14.399999999999999,345.0,16922453.09,1371.0,12343.14594456601,596861.64,16.644151942405095,3
1d0840e2-3230-43ed-9e7b-77298a091ebf,16c4e22f54881ae5be051861ab2f11f647b5dddd,1526,WI,Severe Storm,2004-06-18 00:00:00+00:00,2004-05-07 00:00:00+00:00,2004-07-03 00:00:00+00:00,DR,2024-08-27T18:22:14.800Z,2004,6,2,1.2246467991473532e-16,-1.0,1.2246467991473532e-16,-1.0,57.0,42.0,Midwest,35,0,0,0,0.3,0,1,0,0,0,0,0,0,0,0,17.099999999999998,10.5,2394.0,10502854.03,774.0,13569.578850129197,1152722.25,16.167157685786623,0
32953be6-8c30-4b89-8755-6c9bf31858bb,3bd90181a40ece6557d0a3a446b1e169ec75598d,1528,AR,Severe Storm,2004-06-30 00:00:00+00:00,2004-05-30 00:00:00+00:00,2004-07-09 00:00:00+00:00,DR,2024-08-27T18:22:14.800Z,2004,6,2,1.2246467991473532e-16,-1.0,1.2246467991473532e-16,-1.0,40.0,31.0,South,45,0,0,0,0.3,0,1,0,0,0,0,0,0,0,0,12.0,13.5,1240.0,3195708.96,322.0,9924.56198757764,243797.89,14.977319830811513,3
aab9dd64-fee8-479e-a725-de17fff9e09e,bfa0137ef0a4841f1e012d022dd4786a7378a202,1529,CA,Dam/Levee Break,2004-06-30 00:00:00+00:00,2004-06-03 00:00:00+00:00,2004-07-12 00:00:00+00:00,DR,2024-08-27T18:22:14.800Z,2004,6,2,1.2246467991473532e-16,-1.0,1.2246467991473532e-16,-1.0,39.0,27.0,West,108,0,0,0,0.6,0,0,0,0,0,0,0,0,0,0,23.4,64.8,1053.0,20600697.78,55.0,374558.1414545455,8112826.97,16.840835554543716,4
c9e0ac05-d62e-471d-89cc-a809d1604142,0c2600ce2a51ec5c81deac3d9ee364c6e91e7f1a,1530,NJ,Severe Storm,2004-07-16 00:00:00+00:00,2004-07-12 00:00:00+00:00,2004-07-23 00:00:00+00:00,DR,2024-08-27T18:22:14.800Z,2004,7,3,-0.4999999999999997,-0.8660254037844388,-1.0,-1.8369701987210297e-16,11.0,4.0,Northeast,28,0,0,0,0.3,0,1,0,0,0,0,0,0,0,0,3.3,8.4,44.0,7100237.33,194.0,36599.161494845364,1655151.96,15.775638909053798,1
d077384f-0a00-4ec7-b2e8-c9b026ebc105,11e5ab0fb5b7b9cc43280151a4a871782aea7180,1531,SD,Severe Storm,2004-07-20 00:00:00+00:00,2004-05-28 00:00:00+00:00,2004-06-16 00:00:00+00:00,DR,2024-08-27T18:22:14.800Z,2004,7,3,-0.4999999999999997,-0.8660254037844388,-1.0,-1.8369701987210297e-16,19.0,53.0,Midwest,37,0,0,0,0.3,0,1,0,0,0,0,0,0,0,0,5.7,11.1,1007.0,1001757.9,116.0,8635.843965517242,266062.5,13.817267912911133,0
445af66a-c7d5-4405-8466-50cd0a100f9a,045d9512f9b8294c88ea18493cdd216e7d728278,1532,MP,Typhoon,2004-07-29 00:00:00+00:00,2004-06-27 00:00:00+00:00,2004-06-29 00:00:00+00:00,DR,2024-08-27T18:22:14.800Z,2004,7,3,-0.4999999999999997,-0.8660254037844388,-1.0,-1.8369701987210297e-16,2.0,32.0,Other,11,0,0,0,0.6,0,0,0,0,0,0,0,0,1,0,1.2,6.6,64.0,1834643.5499999998,102.0,17986.701470588232,315984.6,14.422361314985361,2
93839fe3-83dc-4c82-82ca-17b5a66a9a63,19f4ae79ee1d27f30b89aa45e47167b7877561d6,1533,GU,Severe Storm,2004-07-29 00:00:00+00:00,2004-06-26 00:00:00+00:00,2004-06-29 00:00:00+00:00,DR,2024-08-27T18:22:14.800Z,2004,7,3,-0.4999999999999997,-0.8660254037844388,-1.0,-1.8369701987210297e-16,3.0,33.0,Other,12,0,0,0,0.3,0,1,0,0,0,0,0,0,0,0,0.8999999999999999,3.5999999999999996,99.0,883773.17,55.0,16068.603090909091,282234.31,13.69195684518244,2
4484fefb-963e-4291-8a90-80c7fc154cc6,51636c8a0991ae64c201f6778dd5f0ff2249ac70,1534,NY,Severe Storm,2004-08-03 00:00:00+00:00,2004-05-13 00:00:00+00:00,2004-06-17 00:00:00+00:00,DR,2024-08-27T18:22:14.800Z,2004,8,3,-0.8660254037844385,-0.5000000000000004,-1.0,-1.8369701987210297e-16,35.0,82.0,Northeast,63,0,0,0,0.3,0,1,0,0,0,0,0,0,0,0,10.5,18.9,2870.0,17895312.95,995.0,17985.239145728643,1924422.19,16.700049446035074,1
6a07a0e9-883f-478b-895e-53ac9fdfeeee,1b4bbc8f1d04c7517e8913b21e6f092d3516c875,1535,KS,Severe Storm,2004-08-03 00:00:00+00:00,2004-06-12 00:00:00+00:00,2004-07-25 00:00:00+00:00,DR,2024-08-27T18:22:14.800Z,2004,8,3,-0.8660254037844385,-0.5000000000000004,-1.0,-1.8369701987210297e-16,43.0,52.0,Midwest,27,0,0,0,0.3,0,1,0,0,0,0,0,0,0,0,12.9,8.1,2236.0,9886616.35,300.0,32955.387833333334,3325333.49,16.106692617793914,0
b77d3f59-8c35-4411-a22a-1476e30b343f,ee268cb638bfb80f821df6fbacdd5be444702928,1537,KY,Severe Storm,2004-08-06 00:00:00+00:00,2004-07-13 00:00:00+00:00,2004-07-15 00:00:00+00:00,DR,2024-08-27T18:22:14.800Z,2004,8,3,-0.8660254037844385,-0.5000000000000004,-1.0,-1.8369701987210297e-16,2.0,24.0,South,49,0,0,0,0.3,0,1,0,0,0,0,0,0,0,0,0.6,14.7,48.0,3321685.2,177.0,18766.583050847457,362727.98,15.015983103525668,3
df2ee26e-64dd-40b0-a6b0-57a378ee39c7,e1037ae1e9fb8f1a0d56a13b11311394f7bae7a1,1539,FL,Hurricane,2004-08-13 00:00:00+00:00,2004-08-11 00:00:00+00:00,2004-08-30 00:00:00+00:00,DR,2026-06-03T20:41:14.285Z,2004,8,3,-0.8660254037844385,-0.5000000000000004,-1.0,-1.8369701987210297e-16,19.0,2.0,South,105,0,0,0,0.6,0,0,0,1,0,0,0,0,0,0,11.4,63.0,38.0,612139412.61,6005.0,101938.28686261449,20843367.02,20.232470614550458,3
b5c95077-5d0d-4850-8185-89c99aa3e788,da22fc7bee2276ada5ee2b7fc0f8eab050bba6c3,1540,NV,Fire,2004-08-26 00:00:00+00:00,2004-07-14 00:00:00+00:00,2004-07-27 00:00:00+00:00,DR,2024-08-27T18:22:14.800Z,2004,8,3,-0.8660254037844385,-0.5000000000000004,-1.0,-1.8369701987210297e-16,13.0,43.0,West,44,0,0,0,0.3,1,0,0,0,0,0,0,0,0,0,3.9,13.2,559.0,6196187.55,29.0,213661.63965517242,3912702.37,15.639444910979062,4
01c56e8c-5788-4a14-b191-146738e5c989,fb00886964ce3fe6b1fb3b9c1b3f0d507d99c1de,1541,MP,Typhoon,2004-08-26 00:00:00+00:00,2004-08-21 00:00:00+00:00,2004-08-26 00:00:00+00:00,DR,2024-08-27T18:22:14.800Z,2004,8,3,-0.8660254037844385,-0.5000000000000004,-1.0,-1.8369701987210297e-16,5.0,5.0,Other,12,0,0,0,0.6,0,0,0,0,0,0,0,0,1,0,3.0,7.199999999999999,25.0,6141408.48,308.0,19939.637922077924,900000.0,15.630564830782406,2
a844c61d-2906-4fba-aea8-4928d8b91669,da7f962467210f133babfd71f0c921644acdece5,1542,IN,Severe Storm,2004-09-01 00:00:00+00:00,2004-07-03 00:00:00+00:00,2004-07-18 00:00:00+00:00,DR,2024-08-27T18:22:14.800Z,2004,9,3,-1.0,-1.8369701987210297e-16,-1.0,-1.8369701987210297e-16,15.0,60.0,Midwest,32,0,0,0,0.3,0,1,0,0,0,0,0,0,0,0,4.5,9.6,900.0,2800889.68,164.0,17078.5956097561,200543.55,14.845448024562353,0
979bf2af-da77-453d-8641-f29b5c39f3b0,617c3cef0778db310ef341f44c8c793b3e919fac,1543,SC,Hurricane,2004-09-01 00:00:00+00:00,2004-08-14 00:00:00+00:00,2004-08-15 00:00:00+00:00,DR,2024-08-27T18:22:14.800Z,2004,9,3,-1.0,-1.8369701987210297e-16,-1.0,-1.8369701987210297e-16,1.0,18.0,South,15,0,0,0,0.6,0,0,0,1,0,0,0,0,0,0,0.6,9.0,18.0,2350942.71,94.0,25010.028829787232,472596.75,14.670327384232591,3
c9456a68-f778-457e-a71b-186c1993903e,cda1b05d5b83755de0943d35417fa608e6fd9580,1544,VA,Severe Storm,2004-09-03 00:00:00+00:00,2004-08-30 00:00:00+00:00,2004-09-08 00:00:00+00:00,DR,2024-08-27T18:22:14.800Z,2004,9,3,-1.0,-1.8369701987210297e-16,-1.0,-1.8369701987210297e-16,9.0,4.0,South,44,0,0,0,0.3,0,1,0,0,0,0,0,0,0,0,2.6999999999999997,13.2,36.0,20353567.52,415.0,49044.741012048195,3452366.79,16.82876681172775,3
cee4eb11-8a5c-4524-824d-9c75718cdb5e,2fce1dd81f8dede7f6ca01f78ff729462ee59bde,1545,FL,Hurricane,2004-09-04 00:00:00+00:00,2004-09-03 00:00:00+00:00,2004-10-08 00:00:00+00:00,DR,2026-06-03T20:41:14.285Z,2004,9,3,-1.0,-1.8369701987210297e-16,-1.0,-1.8369701987210297e-16,35.0,1.0,South,106,0,0,0,0.6,0,0,0,1,0,0,0,0,0,0,21.0,63.599999999999994,35.0,673257699.01,8319.0,80930.1236939536,22884185.56,20.327638726664475,3
26fe2ac5-4508-45b7-97bf-4770352454a5,d9ea77de378039a1452bf1f414f2c9d639acb4b0,1546,NC,Hurricane,2004-09-10 00:00:00+00:00,2004-09-07 00:00:00+00:00,2004-09-12 00:00:00+00:00,DR,2026-06-03T20:41:14.285Z,2004,9,3,-1.0,-1.8369701987210297e-16,-1.0,-1.8369701987210297e-16,5.0,3.0,South,38,0,0,0,0.6,0,0,0,1,0,0,0,0,0,0,3.0,22.8,15.0,17885256.31,789.0,22668.258948035487,1018879.8,16.699487317488174,3
c9775867-6d7a-4bf9-bc1c-36372b1d55b7,91238a91cd162cadbc1088988ef9d705fcc4784b,1547,SC,Severe Storm,2004-09-15 00:00:00+00:00,2004-08-28 00:00:00+00:00,2004-08-30 00:00:00+00:00,DR,2024-08-27T18:22:14.800Z,2004,9,3,-1.0,-1.8369701987210297e-16,-1.0,-1.8369701987210297e-16,2.0,18.0,South,16,0,0,0,0.3,0,1,0,0,0,0,0,0,0,0,0.6,4.8,36.0,12597279.51,117.0,107669.05564102564,2816192.79,16.34899151608683,3
7ceb77c0-4932-46b5-b9a6-8570676f8917,beb7b5ae1f9f9c45693694f20602f137fe3e4680,1548,LA,Hurricane,2004-09-15 00:00:00+00:00,2004-09-13 00:00:00+00:00,2004-09-26 00:00:00+00:00,DR,2024-08-27T18:22:14.800Z,2004,9,3,-1.0,-1.8369701987210297e-16,-1.0,-1.8369701987210297e-16,13.0,2.0,South,52,0,0,0,0.6,0,0,0,1,0,0,0,0,0,0,7.8,31.2,26.0,8846289.43,271.0,32643.13442804428,566265.39,15.995508768659837,3
9f9d8b67-252c-4ac1-933d-7f9ba4f7e96c,6c9b8c9694f3f85495c469f966e279cfa1a87ee8,1549,AL,Hurricane,2004-09-15 00:00:00+00:00,2004-09-13 00:00:00+00:00,2004-09-30 00:00:00+00:00,DR,2026-06-03T20:41:14.285Z,2004,9,3,-1.0,-1.8369701987210297e-16,-1.0,-1.8369701987210297e-16,17.0,2.0,South,58,0,0,0,0.6,0,0,0,1,0,0,0,0,0,0,10.2,34.8,34.0,221251297.01,2782.0,79529.58195902228,15071673.01,19.21480970854697,3
f998d484-967d-40d6-bcd0-86c1521d11e6,6b2107afdb20c3221e76bb079287382e198a2e91,1550,MS,Hurricane,2004-09-15 00:00:00+00:00,2004-09-13 00:00:00+00:00,2004-09-20 00:00:00+00:00,DR,2024-08-27T18:22:14.800Z,2004,9,3,-1.0,-1.8369701987210297e-16,-1.0,-1.8369701987210297e-16,7.0,2.0,South,47,0,0,0,0.6,0,0,0,1,0,0,0,0,0,0,4.2,28.2,14.0,14253311.21,614.0,23213.861905537462,603017.69,16.472499873459395,3
28290e3d-6420-4bd2-b434-05fe4504d73f,f498afbd0d87327d5f221df38dead5b16079104e,1551,FL,Hurricane,2004-09-16 00:00:00+00:00,2004-09-13 00:00:00+00:00,2004-11-17 00:00:00+00:00,DR,2026-06-03T20:41:14.285Z,2004,9,3,-1.0,-1.8369701987210297e-16,-1.0,-1.8369701987210297e-16,65.0,3.0,South,107,0,0,0,0.6,0,0,0,1,0,0,0,0,0,0,39.0,64.2,195.0,685917671.95,3201.0,214282.3092627304,120925707.3,20.34626816821138,3
e04f911d-0e5c-45ce-951e-122e82c5c413,81493b4425d80c770a3d7939c88d2edb2100303b,1552,PR,Severe Storm,2004-09-17 00:00:00+00:00,2004-09-14 00:00:00+00:00,2004-09-19 00:00:00+00:00,DR,2026-06-25T13:41:09.434Z,2004,9,3,-1.0,-1.8369701987210297e-16,-1.0,-1.8369701987210297e-16,5.0,3.0,Other,22,0,0,0,0.3,0,1,0,0,0,0,0,0,0,0,1.5,6.6,15.0,40270031.72,1090.0,36944.9832293578,5474006.43,17.511118145342827,2
bf451197-d2a2-47e9-a6dc-6ecb2c0cde7e,9503914c06410901d43dd03e016a59e2e61c0e80,1553,NC,Hurricane,2004-09-18 00:00:00+00:00,2004-09-16 00:00:00+00:00,2004-09-23 00:00:00+00:00,DR,2026-06-03T20:41:14.285Z,2004,9,3,-1.0,-1.8369701987210297e-16,-1.0,-1.8369701987210297e-16,7.0,2.0,South,39,0,0,0,0.6,0,0,0,1,0,0,0,0,0,0,4.2,23.4,14.0,31989891.68,1251.0,25571.456179056753,1554949.14,17.2809305571217,3
43ec821b-4317-4f0e-a9f7-b7410a60e321,c1ea953a1d8e04459670f6e50638edad1d09b338,1554,GA,Hurricane,2004-09-18 00:00:00+00:00,2004-09-14 00:00:00+00:00,2004-10-30 00:00:00+00:00,DR,2024-08-27T18:22:14.800Z,2004,9,3,-1.0,-1.8369701987210297e-16,-1.0,-1.8369701987210297e-16,46.0,4.0,South,35,0,0,0,0.6,0,0,0,1,0,0,0,0,0,0,27.599999999999998,21.0,184.0,11529604.74,599.0,19248.088046744575,612715.3,16.260428697384803,3
4669c1f1-2aae-4eab-958c-a975e38d1028,d0295a2f95c480d1a9a093cdfd11563260686ace,1556,OH,Severe Storm,2004-09-19 00:00:00+00:00,2004-08-27 00:00:00+00:00,2004-09-27 00:00:00+00:00,DR,2024-08-27T18:22:14.800Z,2004,9,3,-1.0,-1.8369701987210297e-16,-1.0,-1.8369701987210297e-16,31.0,23.0,Midwest,41,0,0,0,0.3,0,1,0,0,0,0,0,0,0,0,9.299999999999999,12.299999999999999,713.0,25177748.54,1572.0,16016.3794783715,475003.42,17.041471207685586,0
17c691db-ec54-4955-bdc8-a5600c8423f6,4da264896e927aaf5fca7b8d65ad52ab652b4766,1557,PA,Hurricane,2004-09-19 00:00:00+00:00,2004-09-17 00:00:00+00:00,2004-10-01 00:00:00+00:00,DR,2024-08-27T18:22:14.800Z,2004,9,3,-1.0,-1.8369701987210297e-16,-1.0,-1.8369701987210297e-16,14.0,2.0,Northeast,42,0,0,0,0.6,0,0,0,1,0,0,0,0,0,0,8.4,25.2,28.0,82741210.56,5032.0,16443.006868044515,1923882.26,18.231228361868336,1
b6a45a18-40df-4474-99cb-fdf9fccedb05,232472889126f06e3e8007cb85162c0c4e4a0e92,1558,WV,Severe Storm,2004-09-20 00:00:00+00:00,2004-09-16 00:00:00+00:00,2004-09-27 00:00:00+00:00,DR,2024-08-27T18:22:14.800Z,2004,9,3,-1.0,-1.8369701987210297e-16,-1.0,-1.8369701987210297e-16,11.0,4.0,South,43,0,0,0,0.3,0,1,0,0,0,0,0,0,0,0,3.3,12.9,44.0,15714529.16,819.0,19187.45929181929,723654.17,16.570096330216753,3
d68bce0d-3261-405e-8ecb-7aaaf6722394,955247664b49b746bb72ba136e892bc71b7708f9,1559,VT,Severe Storm,2004-09-23 00:00:00+00:00,2004-08-12 00:00:00+00:00,2004-09-12 00:00:00+00:00,DR,2024-08-27T18:22:14.800Z,2004,9,3,-1.0,-1.8369701987210297e-16,-1.0,-1.8369701987210297e-16,31.0,42.0,Northeast,23,0,0,0,0.3,0,1,0,0,0,0,0,0,0,0,9.299999999999999,6.8999999999999995,1302.0,2260798.72,288.0,7849.995555555556,136930.76,14.631229167062427,1
abbbd4c3-c8cc-4fcf-967e-a6e58b36766e,10a15d567ce9d0c7935a49fa7ca672254bf6b504,1560,GA,Hurricane,2004-09-24 00:00:00+00:00,2004-09-03 00:00:00+00:00,2004-10-30 00:00:00+00:00,DR,2024-08-27T18:22:14.800Z,2004,9,3,-1.0,-1.8369701987210297e-16,-1.0,-1.8369701987210297e-16,57.0,21.0,South,36,0,0,0,0.6,0,0,0,1,0,0,0,0,0,0,34.199999999999996,21.599999999999998,1197.0,14770804.73,828.0,17839.136147342997,437210.11,16.508163204813844,3
6b148db0-b664-4ca1-8ac2-1d70892e78d6,f209f920c147c31cbc5708f8a5038c487803fe54,1561,FL,Hurricane,2004-09-26 00:00:00+00:00,2004-09-24 00:00:00+00:00,2004-11-17 00:00:00+00:00,DR,2026-06-03T20:41:14.285Z,2004,9,3,-1.0,-1.8369701987210297e-16,-1.0,-1.8369701987210297e-16,54.0,2.0,South,108,0,0,0,0.6,0,0,0,1,0,0,0,0,0,0,32.4,64.8,108.0,512957710.81,5738.0,89396.6034872778,10983118.46,20.05570396661834,3
a2cf2f35-e544-4568-924e-ae0a11db8861,e8bf85bf0bfc5812bb17d04f206880022f4f356d,1562,KS,Severe Storm,2004-09-30 00:00:00+00:00,2004-08-27 00:00:00+00:00,2004-08-30 00:00:00+00:00,DR,2024-08-27T18:22:14.800Z,2004,9,3,-1.0,-1.8369701987210297e-16,-1.0,-1.8369701987210297e-16,3.0,34.0,Midwest,28,0,0,0,0.3,0,1,0,0,0,0,0,0,0,0,0.8999999999999999,8.4,102.0,1604644.91,53.0,30276.319056603774,363979.49,14.288413673384353,0
557ba533-cf3d-4f36-8738-d592130d215c,0f0463770c208631b56a6d75f7a578afc18d9733,1563,NJ,Severe Storm,2004-10-01 00:00:00+00:00,2004-09-18 00:00:00+00:00,2004-10-01 00:00:00+00:00,DR,2024-08-27T18:22:14.800Z,2004,10,4,-0.8660254037844386,0.5000000000000001,-2.4492935982947064e-16,1.0,13.0,13.0,Northeast,29,0,0,0,0.3,0,1,0,0,0,0,0,0,0,0,3.9,8.7,169.0,4171230.33,283.0,14739.329787985866,425907.97,15.243721833161167,1
723689c2-1e01-4107-b6df-1ea773ac327a,d4c3b23a9ed53b7c8f16c1075db21452cf09000d,1564,NY,Severe Storm,2004-10-01 00:00:00+00:00,2004-08-13 00:00:00+00:00,2004-09-16 00:00:00+00:00,DR,2024-08-27T18:22:14.800Z,2004,10,4,-0.8660254037844386,0.5000000000000001,-2.4492935982947064e-16,1.0,34.0,49.0,Northeast,64,0,0,0,0.3,0,1,0,0,0,0,0,0,0,0,10.2,19.2,1666.0,13583511.09,720.0,18865.987625,1487007.89,16.424367268896443,1
5227069f-1312-4905-882b-fac679c16a70,bc6249feefc33db89d5164c2cc10c2bdd19d3988,1565,NY,Severe Storm,2004-10-01 00:00:00+00:00,2004-09-16 00:00:00+00:00,2004-09-24 00:00:00+00:00,DR,2024-08-27T18:22:14.800Z,2004,10,4,-0.8660254037844386,0.5000000000000001,-2.4492935982947064e-16,1.0,8.0,15.0,Northeast,65,0,0,0,0.3,0,1,0,0,0,0,0,0,0,0,2.4,19.5,120.0,11170396.86,691.0,16165.552619392185,932874.79,16.228777789032364,1
1412e247-0ab1-4d09-81ae-fd9415d51c75,5ab464d868e73f3e5cdf90d365be8a8e14b1cc99,1567,VI,Hurricane,2004-10-07 00:00:00+00:00,2004-09-14 00:00:00+00:00,2004-09-17 00:00:00+00:00,DR,2024-08-27T18:22:14.800Z,2004,10,4,-0.8660254037844386,0.5000000000000001,-2.4492935982947064e-16,1.0,3.0,23.0,Other,16,0,0,0,0.6,0,0,0,1,0,0,0,0,0,0,1.7999999999999998,9.6,69.0,1631088.39,55.0,29656.152545454544,232622.0,14.304758686968261,2
3d2dae51-8cbe-4a8b-b7bb-e2b71381c99e,726496e981f2010d83b6e376c4f8893d0eafedfe,1568,TN,Severe Storm,2004-10-07 00:00:00+00:00,2004-09-16 00:00:00+00:00,2004-09-20 00:00:00+00:00,DR,2024-08-27T18:22:14.800Z,2004,10,4,-0.8660254037844386,0.5000000000000001,-2.4492935982947064e-16,1.0,4.0,21.0,South,43,0,0,0,0.3,0,1,0,0,0,0,0,0,0,0,1.2,12.9,84.0,5800713.89,182.0,31872.05434065934,803057.49,15.573491724817693,3
a20d52d9-7469-40b1-bcd6-5a135576f960,8e357dfd3e93e025e3e484e8dbcbf14b818ef791,1569,MN,Severe Storm,2004-10-07 00:00:00+00:00,2004-09-14 00:00:00+00:00,2004-09-27 00:00:00+00:00,DR,2024-08-27T18:22:14.800Z,2004,10,4,-0.8660254037844386,0.5000000000000001,-2.4492935982947064e-16,1.0,13.0,23.0,Midwest,46,0,0,0,0.3,0,1,0,0,0,0,0,0,0,0,3.9,13.799999999999999,299.0,3914254.15,270.0,14497.237592592592,281532.45,15.180135613878338,0
a0c77838-7849-463c-87ff-3bc4b5d7aed3,1a09bba65de20d46b5d0f6d462c9d0ee12c83fca,1571,AK,Severe Storm,2004-11-15 00:00:00+00:00,2004-10-18 00:00:00+00:00,2004-10-24 00:00:00+00:00,DR,2024-08-27T18:22:14.800Z,2004,11,4,-0.5000000000000004,0.8660254037844384,-2.4492935982947064e-16,1.0,6.0,28.0,West,36,0,0,0,0.3,0,1,0,0,0,0,0,0,0,0,1.7999999999999998,10.799999999999999,168.0,12091857.37,83.0,145685.02855421687,6508230.64,16.30804292211028,4
0b18105f-520c-44ea-a7ac-0eb0463a631c,281ccd054d375f704237621fa4de7c3bbbd2fd48,1572,DE,Severe Storm,2004-11-15 00:00:00+00:00,2004-09-28 00:00:00+00:00,2004-10-02 00:00:00+00:00,DR,2026-07-20T21:43:12.371Z,2004,11,4,-0.5000000000000004,0.8660254037844384,-2.4492935982947064e-16,1.0,4.0,48.0,South,12,0,0,0,0.3,0,1,0,0,0,0,0,0,0,0,1.2,3.5999999999999996,192.0,807026.91,79.0,10215.530506329114,112270.07,13.601113531536322,3
1e555aca-ea6a-4dda-8355-e0d78f07fe52,bfe60c841b41ef6340c4b815386c9adc86a8abbb,3197,IN,Snowstorm,2005-01-11 00:00:00+00:00,2004-12-21 00:00:00+00:00,2004-12-23 00:00:00+00:00,EM,2024-08-27T18:22:14.800Z,2005,1,1,0.49999999999999994,0.8660254037844387,1.0,6.123233995736766e-17,2.0,21.0,Midwest,33,0,0,0,0.15,0,0,0,0,0,1,0,0,0,0,0.3,4.95,42.0,5631178.69,261.0,21575.397279693487,461484.02,15.543829514578263,0
57bbb433-2ced-4fb4-9e1c-30d6fba9953e,4e93f9c3b69324d91903491656a4658e480977cd,3198,OH,Snowstorm,2005-01-11 00:00:00+00:00,2004-12-22 00:00:00+00:00,2004-12-24 00:00:00+00:00,EM,2024-08-27T18:22:14.800Z,2005,1,1,0.49999999999999994,0.8660254037844387,1.0,6.123233995736766e-17,2.0,20.0,Midwest,42,0,0,0,0.15,0,0,0,0,0,1,0,0,0,0,0.3,6.3,40.0,8337298.84,613.0,13600.813768352366,1319969.05,15.936249961721437,0
91413fde-4b87-4dbd-a8df-ab2b33a0297b,24751fe019eee414c161e37c97c10db0bc3fbf59,1573,IN,Severe Storm,2005-01-21 00:00:00+00:00,2005-01-01 00:00:00+00:00,2005-02-11 00:00:00+00:00,DR,2024-08-27T18:22:14.800Z,2005,1,1,0.49999999999999994,0.8660254037844387,1.0,6.123233995736766e-17,41.0,20.0,Midwest,34,0,0,0,0.3,0,1,0,0,0,0,0,0,0,0,12.299999999999999,10.2,820.0,17814612.94,607.0,29348.620988467876,1147171.5,16.69552968628488,0
c4a337f1-8bb7-465e-9529-ca69e2bac00e,ef72f13bdeeebb6be8bdbafac8816385577b5af2,1574,WV,Severe Storm,2005-02-01 00:00:00+00:00,2005-01-04 00:00:00+00:00,2005-01-25 00:00:00+00:00,DR,2024-08-27T18:22:14.800Z,2005,2,1,0.8660254037844386,0.5000000000000001,1.0,6.123233995736766e-17,21.0,28.0,South,44,0,0,0,0.3,0,1,0,0,0,0,0,0,0,0,6.3,13.2,588.0,8651772.5,331.0,26138.285498489426,372126.26,15.973274886794243,3
1d52b9fc-c295-4c08-ade9-cbf60e378371,6412b5cebb4ba9e4e6e4a502b5e4d521d94f19e2,1575,HI,Severe Storm,2005-02-01 00:00:00+00:00,2004-10-30 00:00:00+00:00,2004-10-30 00:00:00+00:00,DR,2024-08-27T18:22:14.800Z,2005,2,1,0.8660254037844386,0.5000000000000001,1.0,6.123233995736766e-17,0.0,94.0,West,27,0,0,0,0.3,0,1,0,0,0,0,0,0,0,0,0.0,8.1,0.0,18431837.29,100.0,184318.3729,4432709.83,16.729590069110277,4
ecc34d24-a0cc-4850-9b57-3eeaa17071e8,8760b1796c7c04dae6147e133fa4296f84938b96,1576,UT,Severe Storm,2005-02-01 00:00:00+00:00,2005-01-08 00:00:00+00:00,2005-01-12 00:00:00+00:00,DR,2024-08-27T18:22:14.800Z,2005,2,1,0.8660254037844386,0.5000000000000001,1.0,6.123233995736766e-17,4.0,24.0,West,12,0,0,0,0.3,0,1,0,0,0,0,0,0,0,0,1.2,3.5999999999999996,96.0,6579095.1,142.0,46331.65563380282,860028.88,15.699407923044596,4
07c12802-13aa-4252-b660-26497c0366b8,e5bc84980e0bf578e7fe7e78c8a31427e110ed9e,3199,IL,Snowstorm,2005-02-01 00:00:00+00:00,2004-12-21 00:00:00+00:00,2004-12-23 00:00:00+00:00,EM,2024-08-27T18:22:14.800Z,2005,2,1,0.8660254037844386,0.5000000000000001,1.0,6.123233995736766e-17,2.0,42.0,Midwest,42,0,0,0,0.15,0,0,0,0,0,1,0,0,0,0,0.3,6.3,84.0,865798.5700000001,131.0,6609.149389312977,257788.94,13.671408717339398,0
31c5e233-bf89-4c76-b1a1-d6bc0f7c383e,5f4a1a36325126ba668d0ca35c69a996c9e1cb42,1577,CA,Severe Storm,2005-02-04 00:00:00+00:00,2004-12-27 00:00:00+00:00,2005-01-11 00:00:00+00:00,DR,2024-08-27T18:22:14.800Z,2005,2,1,0.8660254037844386,0.5000000000000001,1.0,6.123233995736766e-17,15.0,39.0,West,126,0,0,0,0.3,0,1,0,0,0,0,0,0,0,0,4.5,37.8,585.0,193661841.23,2521.0,76819.45308607694,8820948.76,19.081624114805088,4
f57e7345-0b6f-4a57-b6e2-5fa18968d5e3,5d0231eecc8645e9396dc87b1ebcf5bd32f4ed5a,1578,KY,Snowstorm,2005-02-08 00:00:00+00:00,2004-12-21 00:00:00+00:00,2004-12-23 00:00:00+00:00,DR,2024-08-27T18:22:14.800Z,2005,2,1,0.8660254037844386,0.5000000000000001,1.0,6.123233995736766e-17,2.0,49.0,South,50,0,0,0,0.15,0,0,0,0,0,1,0,0,0,0,0.3,7.5,98.0,2618817.83,165.0,15871.623212121212,224251.42,14.778233945839398,3
e55ccb34-fe07-45c3-99c0-7f45a96aeb0f,edacc734633c0a4f8a5ec5861ded66c85e2cacb5,1579,KS,Severe Storm,2005-02-08 00:00:00+00:00,2005-01-04 00:00:00+00:00,2005-01-06 00:00:00+00:00,DR,2024-08-27T18:22:14.800Z,2005,2,1,0.8660254037844386,0.5000000000000001,1.0,6.123233995736766e-17,2.0,35.0,Midwest,29,0,0,0,0.3,0,1,0,0,0,0,0,0,0,0,0.6,8.7,70.0,80703967.67,706.0,114311.56893767706,12421399.86,18.20629831009789,0
e4067a1f-cc98-4b11-974e-b08ceab77441,cf7c03f4ee469200a0a932a651e3484892413286,1580,OH,Severe Storm,2005-02-15 00:00:00+00:00,2004-12-22 00:00:00+00:00,2005-02-01 00:00:00+00:00,DR,2024-08-27T18:22:14.800Z,2005,2,1,0.8660254037844386,0.5000000000000001,1.0,6.123233995736766e-17,41.0,55.0,Midwest,43,0,0,0,0.3,0,1,0,0,0,0,0,0,0,0,12.299999999999999,12.9,2255.0,95900677.21,3000.0,31966.89240333333,2506102.46,18.378823611882883,0
d37ec205-f9bc-4398-985f-384e096b8d26,22c2db6d2ecb737ac25272a10438a97090aab43a,1581,AZ,Severe Storm,2005-02-17 00:00:00+00:00,2004-12-28 00:00:00+00:00,2005-01-12 00:00:00+00:00,DR,2024-08-27T18:22:14.800Z,2005,2,1,0.8660254037844386,0.5000000000000001,1.0,6.123233995736766e-17,15.0,51.0,West,44,0,0,0,0.3,0,1,0,0,0,0,0,0,0,0,4.5,13.2,765.0,5949613.57,223.0,26679.88147982063,343374.04,15.598836997272358,4
58bedc5d-abea-4cff-b478-67252e4f54ca,d2582e9089700ac0c5428d5978bb00d2e12ec6b8,3200,CT,Snowstorm,2005-02-17 00:00:00+00:00,2005-01-22 00:00:00+00:00,2005-01-23 00:00:00+00:00,EM,2024-08-27T18:22:14.800Z,2005,2,1,0.8660254037844386,0.5000000000000001,1.0,6.123233995736766e-17,1.0,26.0,Northeast,15,0,0,0,0.15,0,0,0,0,0,1,0,0,0,0,0.15,2.25,26.0,12068877.56,243.0,49666.162798353915,665565.05,16.30614067740673,1
aa715d2c-eef8-4343-826d-1a412842ec70,f1c9512bff1116dd4e12fa91d92f11542a16f488,3201,MA,Snowstorm,2005-02-17 00:00:00+00:00,2005-01-22 00:00:00+00:00,2005-01-23 00:00:00+00:00,EM,2024-08-27T18:22:14.800Z,2005,2,1,0.8660254037844386,0.5000000000000001,1.0,6.123233995736766e-17,1.0,26.0,Northeast,26,0,0,0,0.15,0,0,0,0,0,1,0,0,0,0,0.15,3.9,26.0,48298360.54,851.0,56754.830246768506,1591679.55,17.69290819548013,1
dc0e1f03-191a-43d2-aaff-87cb77d21905,2da6878556396ec6e8374476558a46e3a5672291,3202,NV,Snowstorm,2005-02-17 00:00:00+00:00,2004-12-29 00:00:00+00:00,2005-01-02 00:00:00+00:00,EM,2024-08-27T18:22:14.800Z,2005,2,1,0.8660254037844386,0.5000000000000001,1.0,6.123233995736766e-17,4.0,50.0,West,45,0,0,0,0.15,0,0,0,0,0,1,0,0,0,0,0.6,6.75,200.0,1625076.1700000002,43.0,37792.469069767445,602351.78,14.301065861849166,4
c0c2a867-b6a3-4aad-9894-3d07052bd943,57ef623439f45861a3fd20b0417294dc904e6a26,3203,RI,Snowstorm,2005-02-17 00:00:00+00:00,2005-01-22 00:00:00+00:00,2005-01-23 00:00:00+00:00,EM,2024-08-27T18:22:14.800Z,2005,2,1,0.8660254037844386,0.5000000000000001,1.0,6.123233995736766e-17,1.0,26.0,Northeast,11,0,0,0,0.15,0,0,0,0,0,1,0,0,0,0,0.15,1.65,26.0,6086578.79,124.0,49085.31282258064,730864.39,15.621596871086204,1
e72a09aa-a7d7-416b-9076-54b08ff71178,c8e5d80221faf09f45bb29d7811f6a3ef66dacc9,1582,AS,Typhoon,2005-02-18 00:00:00+00:00,2005-02-15 00:00:00+00:00,2005-02-21 00:00:00+00:00,DR,2024-08-27T18:22:14.800Z,2005,2,1,0.8660254037844386,0.5000000000000001,1.0,6.123233995736766e-17,6.0,3.0,Other,9,0,0,0,0.6,0,0,0,0,0,0,0,0,1,0,3.5999999999999996,5.3999999999999995,18.0,5503787.54,71.0,77518.13436619718,625395.31,15.52094723852588,2
4000bad0-d852-4463-9d70-1a52417c48ce,7caa4df1bd952ad6e1f6d3024168a156ca366021,3204,NV,Snowstorm,2005-02-23 00:00:00+00:00,2005-01-06 00:00:00+00:00,2005-01-10 00:00:00+00:00,EM,2024-08-27T18:22:14.800Z,2005,2,1,0.8660254037844386,0.5000000000000001,1.0,6.123233995736766e-17,4.0,48.0,West,46,0,0,0,0.15,0,0,0,0,0,1,0,0,0,0,0.6,6.8999999999999995,192.0,2384956.86,48.0,49686.60125,692882.21,14.684692013385382,4
bc0cbb3f-6113-4082-a8f8-3f5662ef6b06,5e9b982b558ec9e3ac9ed6c082ff19e4abea0ad2,1583,NV,Severe Storm,2005-03-07 00:00:00+00:00,2005-01-07 00:00:00+00:00,2005-01-13 00:00:00+00:00,DR,2024-08-27T18:22:14.800Z,2005,3,1,1.0,6.123233995736766e-17,1.0,6.123233995736766e-17,6.0,59.0,West,47,0,0,0,0.3,0,1,0,0,0,0,0,0,0,0,1.7999999999999998,14.1,354.0,3796919.93,84.0,45201.42773809524,815996.24,15.149701014662108,4
441c07e0-14e0-4c7c-96e3-12758f88297a,64a6b03410a2b2d31032a8ae1e72dff61d21ec27,1584,AK,Severe Storm,2005-03-14 00:00:00+00:00,2005-01-07 00:00:00+00:00,2005-01-12 00:00:00+00:00,DR,2024-08-27T18:22:14.800Z,2005,3,1,1.0,6.123233995736766e-17,1.0,6.123233995736766e-17,5.0,66.0,West,37,0,0,0,0.3,0,1,0,0,0,0,0,0,0,0,1.5,11.1,330.0,2381846.54,20.0,119092.327,718829.28,14.683387021811189,4
910aa27c-177b-4dc0-9b67-529783b3f67c,6b761096f8edf4dda7c8804a25289b14d9b289c1,3205,ME,Snowstorm,2005-03-14 00:00:00+00:00,2005-01-22 00:00:00+00:00,2005-01-23 00:00:00+00:00,EM,2024-08-27T18:22:14.800Z,2005,3,1,1.0,6.123233995736766e-17,1.0,6.123233995736766e-17,1.0,51.0,Northeast,35,0,0,0,0.15,0,0,0,0,0,1,0,0,0,0,0.15,5.25,51.0,1418363.94,69.0,20555.999130434782,196419.03,14.165015315444537,1
7928af4f-f818-4486-8918-905789f0ef1f,0d896034e578465b6ae61725609b0b59b64acf81,3206,ME,Snowstorm,2005-03-14 00:00:00+00:00,2005-02-10 00:00:00+00:00,2005-02-11 00:00:00+00:00,EM,2024-08-27T18:22:14.800Z,2005,3,1,1.0,6.123233995736766e-17,1.0,6.123233995736766e-17,1.0,32.0,Northeast,36,0,0,0,0.15,0,0,0,0,0,1,0,0,0,0,0.15,5.3999999999999995,32.0,3805768.99,275.0,13839.159963636364,667613.3,15.152028891486042,1
1ab2f4fd-145e-4f0f-9af1-e41d81a5da7c,7ff4a38adc86c994490830d575b8638a351cb673,3207,NH,Snowstorm,2005-03-30 00:00:00+00:00,2005-01-22 00:00:00+00:00,2005-01-23 00:00:00+00:00,EM,2024-08-27T18:22:14.800Z,2005,3,1,1.0,6.123233995736766e-17,1.0,6.123233995736766e-17,1.0,67.0,Northeast,21,0,0,0,0.15,0,0,0,0,0,1,0,0,0,0,0.15,3.15,67.0,3491053.58,177.0,19723.466553672315,370327.44,15.065714420453642,1
e414ac84-5bab-471f-a3a0-7de277a95373,df62b9c1ddf8430dd069fc11959c40af45a41874,3208,NH,Snowstorm,2005-03-30 00:00:00+00:00,2005-02-10 00:00:00+00:00,2005-02-11 00:00:00+00:00,EM,2024-08-27T18:22:14.800Z,2005,3,1,1.0,6.123233995736766e-17,1.0,6.123233995736766e-17,1.0,48.0,Northeast,22,0,0,0,0.15,0,0,0,0,0,1,0,0,0,0,0.15,3.3,48.0,1062846.89,70.0,15183.526999999998,151217.57,13.876462552070906,1
2d1c7b1d-80ad-457f-bc95-89cd98c55667,2c5fa327e08ab4622ebd12440d7d9e0dee1afac7,3209,ME,Snowstorm,2005-04-01 00:00:00+00:00,2005-03-09 00:00:00+00:00,2005-03-09 00:00:00+00:00,EM,2024-08-27T18:22:14.800Z,2005,4,2,0.8660254037844387,-0.4999999999999998,1.2246467991473532e-16,-1.0,0.0,23.0,Northeast,37,0,0,0,0.15,0,0,0,0,0,1,0,0,0,0,0.0,5.55,0.0,3101870.31,211.0,14700.807156398105,548910.4,14.947516135720072,1
ac2cce80-a3c7-459c-97ec-761fecdfd403,d95bbf2693ed450ae9f0085c325d0f0d5beacba8,1585,CA,Severe Storm,2005-04-14 00:00:00+00:00,2005-02-16 00:00:00+00:00,2005-02-23 00:00:00+00:00,DR,2024-08-27T18:22:14.800Z,2005,4,2,0.8660254037844387,-0.4999999999999998,1.2246467991473532e-16,-1.0,7.0,57.0,West,127,0,0,0,0.3,0,1,0,0,0,0,0,0,0,0,2.1,38.1,399.0,76177474.19,704.0,108206.63947443181,15377179.57,18.148576375777132,4
573074b1-f8a6-44ca-89cc-9d89b3c56b3b,6c543b2e6f66ef674b22d0a5ee10f63070552dd0,1586,AZ,Severe Storm,2005-04-14 00:00:00+00:00,2005-02-10 00:00:00+00:00,2005-02-15 00:00:00+00:00,DR,2024-08-27T18:22:14.800Z,2005,4,2,0.8660254037844387,-0.4999999999999998,1.2246467991473532e-16,-1.0,5.0,63.0,West,45,0,0,0,0.3,0,1,0,0,0,0,0,0,0,0,1.5,13.5,315.0,9622701.08,175.0,54986.863314285714,1115466.82,16.079635664698948,4
4b577b42-4a24-49f4-a970-168761fc12b0,6f0e0841357d1c4e65e012dd62cc3b45a5cfc628,1587,PA,Severe Storm,2005-04-14 00:00:00+00:00,2005-04-02 00:00:00+00:00,2005-04-23 00:00:00+00:00,DR,2024-08-27T18:22:14.800Z,2005,4,2,0.8660254037844387,-0.4999999999999998,1.2246467991473532e-16,-1.0,21.0,12.0,Northeast,43,0,0,0,0.3,0,1,0,0,0,0,0,0,0,0,6.3,12.9,252.0,18327164.5,704.0,26032.90411931818,2706177.53,16.723894970651557,1
b671a54b-6f8b-46d0-8092-99d5cc62a881,72a2f2dc9876bcc0ae1da59c086ce75124929e75,1589,NY,Severe Storm,2005-04-19 00:00:00+00:00,2005-04-02 00:00:00+00:00,2005-04-04 00:00:00+00:00,DR,2024-08-27T18:22:14.800Z,2005,4,2,0.8660254037844387,-0.4999999999999998,1.2246467991473532e-16,-1.0,2.0,17.0,Northeast,66,0,0,0,0.3,0,1,0,0,0,0,0,0,0,0,0.6,19.8,34.0,50494295.39,2775.0,18196.142482882882,2329875.18,17.737370945094796,1
445f1d62-84cf-49fa-9ee0-6014438a89dc,948ae74c9ddf031828dc675afef6b8f14411484a,3210,ME,Snowstorm,2005-04-21 00:00:00+00:00,2005-03-11 00:00:00+00:00,2005-03-12 00:00:00+00:00,EM,2024-08-27T18:22:14.800Z,2005,4,2,0.8660254037844387,-0.4999999999999998,1.2246467991473532e-16,-1.0,1.0,41.0,Northeast,38,0,0,0,0.15,0,0,0,0,0,1,0,0,0,0,0.15,5.7,41.0,1225558.57,86.0,14250.681046511629,164988.93,14.01890808950007,1
7ba88ea2-d96a-44a5-a35f-e5432eba27ef,312e0213acca37f84fb10a55b913651e7e997c0c,3211,NH,Snowstorm,2005-04-28 00:00:00+00:00,2005-03-11 00:00:00+00:00,2005-03-12 00:00:00+00:00,EM,2024-08-27T18:22:14.800Z,2005,4,2,0.8660254037844387,-0.4999999999999998,1.2246467991473532e-16,-1.0,1.0,48.0,Northeast,23,0,0,0,0.15,0,0,0,0,0,1,0,0,0,0,0.15,3.4499999999999997,48.0,2008152.03,91.0,22067.604725274727,167282.34,14.512725967049272,1
6e5caa2e-6c4f-4289-9db0-b202a46e69dd,a412ded3d3e535ec2ca09dc291cf7fd5ad7f5c32,1590,NE,Severe Storm,2005-06-23 00:00:00+00:00,2005-05-11 00:00:00+00:00,2005-05-12 00:00:00+00:00,DR,2024-08-27T18:22:14.800Z,2005,6,2,1.2246467991473532e-16,-1.0,1.2246467991473532e-16,-1.0,1.0,43.0,Midwest,30,0,0,0,0.3,0,1,0,0,0,0,0,0,0,0,0.3,9.0,43.0,1603281.27,139.0,11534.39762589928,138936.92,14.28756350467382,0
176fa3d2-0e7e-4554-b0bb-450e1b0dc00e,06619b741b5b89bf164e178a2d9a64dbddbd7e60,1591,ME,Severe Storm,2005-06-29 00:00:00+00:00,2005-03-29 00:00:00+00:00,2005-05-03 00:00:00+00:00,DR,2024-08-27T18:22:14.800Z,2005,6,2,1.2246467991473532e-16,-1.0,1.2246467991473532e-16,-1.0,35.0,92.0,Northeast,39,0,0,0,0.3,0,1,0,0,0,0,0,0,0,0,10.5,11.7,3220.0,6706644.03,901.0,7443.5560821309655,207513.59,15.718609388379358,1
9e586385-a76c-43f7-8396-228f339ecbfe,857ebb61f899c9c241baa3feec9fafa591026164,1592,ID,Flood,2005-07-06 00:00:00+00:00,2005-05-06 00:00:00+00:00,2005-05-20 00:00:00+00:00,DR,2024-08-27T18:22:14.800Z,2005,7,3,-0.4999999999999997,-0.8660254037844388,-1.0,-1.8369701987210297e-16,14.0,61.0,West,21,0,0,0,0.44999999999999996,0,0,1,0,0,0,0,0,0,0,6.299999999999999,9.45,854.0,1856978.78,23.0,80738.20782608696,598665.81,14.434461951745675,4
e4bd1a7b-3274-4a5b-b3fd-f760840c8a74,16afe373c7bf9b0ca5b2123d36fea5c83f40e193,1593,AL,Hurricane,2005-07-10 00:00:00+00:00,2005-07-10 00:00:00+00:00,2005-07-16 00:00:00+00:00,DR,2024-08-27T18:22:14.800Z,2005,7,3,-0.4999999999999997,-0.8660254037844388,-1.0,-1.8369701987210297e-16,6.0,0.0,South,59,0,0,0,0.6,0,0,0,1,0,0,0,0,0,0,3.5999999999999996,35.4,0.0,19864082.7,723.0,27474.526556016597,876767.89,16.8044238198141,3
24c6cf8c-3493-4dfa-aa32-dc713c38515c,8afcd03be8c172c02e6576c3ddd7da4574cfa076,1594,MS,Hurricane,2005-07-10 00:00:00+00:00,2005-07-10 00:00:00+00:00,2005-07-15 00:00:00+00:00,DR,2024-08-27T18:22:14.800Z,2005,7,3,-0.4999999999999997,-0.8660254037844388,-1.0,-1.8369701987210297e-16,5.0,0.0,South,48,0,0,0,0.6,0,0,0,1,0,0,0,0,0,0,3.0,28.799999999999997,0.0,1659133.28,132.0,12569.191515151515,141074.12,14.321806506222588,3
6d4f9fb7-5eef-4881-9122-eb39a33e578e,17a784ed85d068f02e3667cb905684793a86bf82,1595,FL,Hurricane,2005-07-10 00:00:00+00:00,2005-07-07 00:00:00+00:00,2005-07-20 00:00:00+00:00,DR,2024-08-27T18:22:14.800Z,2005,7,3,-0.4999999999999997,-0.8660254037844388,-1.0,-1.8369701987210297e-16,13.0,3.0,South,109,0,0,0,0.6,0,0,0,1,0,0,0,0,0,0,7.8,65.39999999999999,39.0,195980842.79,1453.0,134880.13956641432,17991407.3,19.093527476653033,3
acfd45a7-ca26-4e6d-aca5-07f54c18d565,667d8f56f48b72c0c11791862cf031304d429326,1596,SD,Severe Storm,2005-07-22 00:00:00+00:00,2005-06-07 00:00:00+00:00,2005-06-08 00:00:00+00:00,DR,2024-08-27T18:22:14.800Z,2005,7,3,-0.4999999999999997,-0.8660254037844388,-1.0,-1.8369701987210297e-16,1.0,45.0,Midwest,41,0,0,0,0.3,0,1,0,0,0,0,0,0,0,0,0.3,12.299999999999999,45.0,640944.04,38.0,16866.94842105263,250518.23,13.370698991197195,0
5d027b17-d28b-4b21-8ee9-7dde2120ac99,3fb4187134ace40a46b968a6b0215b086da456ca,1597,ND,Severe Storm,2005-07-22 00:00:00+00:00,2005-06-01 00:00:00+00:00,2005-07-07 00:00:00+00:00,DR,2024-08-27T18:22:14.800Z,2005,7,3,-0.4999999999999997,-0.8660254037844388,-1.0,-1.8369701987210297e-16,36.0,51.0,Midwest,35,0,0,0,0.3,0,1,0,0,0,0,0,0,0,0,10.799999999999999,10.5,1836.0,13963812.04,899.0,15532.605161290321,2984133.03,16.4519797584036,0
0846db83-610a-4b3f-8cf7-9918539dce2f,43aa451a982cf4ef1ecd4ffb846677a08f86dd7d,1598,UT,Flood,2005-08-01 00:00:00+00:00,2005-04-28 00:00:00+00:00,2005-06-29 00:00:00+00:00,DR,2024-08-27T18:22:14.800Z,2005,8,3,-0.8660254037844385,-0.5000000000000004,-1.0,-1.8369701987210297e-16,62.0,95.0,West,14,0,0,0,0.44999999999999996,0,0,1,0,0,0,0,0,0,0,27.9,6.299999999999999,5890.0,1899389.58,173.0,10979.130520231214,160477.5,14.457043645317809,4
a63c1a0a-97db-49cc-94ed-da9e7b1060c4,a3c128ae48c40999a1cd183373c33c9f21f4e8c6,1600,KS,Severe Storm,2005-08-23 00:00:00+00:00,2005-06-30 00:00:00+00:00,2005-07-01 00:00:00+00:00,DR,2024-08-27T18:22:14.800Z,2005,8,3,-0.8660254037844385,-0.5000000000000004,-1.0,-1.8369701987210297e-16,1.0,54.0,Midwest,30,0,0,0,0.3,0,1,0,0,0,0,0,0,0,0,0.3,9.0,54.0,3309310.38,69.0,47961.02,1047511.44,15.012250683413372,0
6d0f7a00-aa28-49b7-95a1-0db98255699c,cff72b7f6aa78d0077d28b0f0d3a21e8ac84e924,1601,LA,Severe Storm,2005-08-23 00:00:00+00:00,2005-07-05 00:00:00+00:00,2005-07-06 00:00:00+00:00,DR,2024-08-27T18:22:14.800Z,2005,8,3,-0.8660254037844385,-0.5000000000000004,-1.0,-1.8369701987210297e-16,1.0,49.0,South,53,0,0,0,0.3,0,1,0,0,0,0,0,0,0,0,0.3,15.899999999999999,49.0,2801032.35,32.0,87532.2609375,1751573.78,14.845498960633343,3
8893be34-2b2d-4ab0-8bf6-789f45ea0d15,800eacb5cb84427f3cf0171431a33cacce8d92bb,1602,FL,Hurricane,2005-08-28 00:00:00+00:00,2005-08-24 00:00:00+00:00,2005-09-06 00:00:00+00:00,DR,2024-08-27T18:22:14.800Z,2005,8,3,-0.8660254037844385,-0.5000000000000004,-1.0,-1.8369701987210297e-16,13.0,4.0,South,110,0,0,0,0.6,0,0,0,1,0,0,0,0,0,0,7.8,66.0,52.0,185910937.84,1391.0,133652.72310567938,43754933.07,19.040778293564063,3
1713f292-cce2-4c3a-a9bf-8cf851622dfe,17d397fa8244fb6e685a1110a19877e8e6c499b2,1603,LA,Hurricane,2005-08-29 00:00:00+00:00,2005-08-29 00:00:00+00:00,2005-11-01 00:00:00+00:00,DR,2024-08-27T18:22:14.800Z,2005,8,3,-0.8660254037844385,-0.5000000000000004,-1.0,-1.8369701987210297e-16,64.0,0.0,South,55,0,0,0,0.6,0,0,0,1,0,0,0,0,0,0,38.4,33.0,0.0,13464885582.47,11405.0,1180612.5017509863,1399420109.37,23.32335106584524,3
ddea2f93-bd4b-4761-bd98-d262cdcd6be8,42b83c4fd4e83791e93da047025b4fdd99c712e1,1604,MS,Hurricane,2005-08-29 00:00:00+00:00,2005-08-29 00:00:00+00:00,2005-10-14 00:00:00+00:00,DR,2024-08-27T18:22:14.800Z,2005,8,3,-0.8660254037844385,-0.5000000000000004,-1.0,-1.8369701987210297e-16,46.0,0.0,South,50,0,0,0,0.6,0,0,0,1,0,0,0,0,0,0,27.599999999999998,30.0,0.0,3184453517.2,8055.0,395338.7358410925,75883717.25,21.88154653140602,3
6db7bf35-c0e6-49c6-b118-0da1c0c2c23b,395866065dc1782264cf14bc1ec157c672ad5baa,1605,AL,Hurricane,2005-08-29 00:00:00+00:00,2005-08-29 00:00:00+00:00,2005-09-26 00:00:00+00:00,DR,2024-08-27T18:22:14.800Z,2005,8,3,-0.8660254037844385,-0.5000000000000004,-1.0,-1.8369701987210297e-16,28.0,0.0,South,61,0,0,0,0.6,0,0,0,1,0,0,0,0,0,0,16.8,36.6,0.0,116810155.4,1350.0,86526.04103703704,11792012.28,18.576060580057444,3
baf1e0fa-dc44-4846-8c22-a8ab3a6bc411,6654d2bfd90091c73ffe4bba5b4d14665a055370,3215,AR,Hurricane,2005-09-02 00:00:00+00:00,2005-08-29 00:00:00+00:00,2005-10-01 00:00:00+00:00,EM,2024-08-27T18:22:14.800Z,2005,9,3,-1.0,-1.8369701987210297e-16,-1.0,-1.8369701987210297e-16,33.0,4.0,South,46,0,0,0,0.6,0,0,0,1,0,0,0,0,0,0,19.8,27.599999999999998,132.0,45370557.69,277.0,163792.6270397112,4844931.78,17.630373965648527,3
9143137f-57b0-4482-ae32-9556a3fe520e,a464c349e006ebf7d664e3c3fd75da891eb5f9b2,3216,TX,Hurricane,2005-09-02 00:00:00+00:00,2005-08-29 00:00:00+00:00,2005-10-01 00:00:00+00:00,EM,2024-08-27T18:22:14.800Z,2005,9,3,-1.0,-1.8369701987210297e-16,-1.0,-1.8369701987210297e-16,33.0,4.0,South,199,0,0,0,0.6,0,0,0,1,0,0,0,0,0,0,19.8,119.39999999999999,132.0,514542277.12,681.0,755568.6888693098,234904972.4,20.05878828307906,3
4aacb8ae-51c5-4f41-9510-992d9a75fcbc,70b775330b5f429482d7586df483d4cf611f4380,3217,TN,Hurricane,2005-09-05 00:00:00+00:00,2005-08-29 00:00:00+00:00,2005-10-01 00:00:00+00:00,EM,2024-08-27T18:22:14.800Z,2005,9,3,-1.0,-1.8369701987210297e-16,-1.0,-1.8369701987210297e-16,33.0,7.0,South,44,0,0,0,0.6,0,0,0,1,0,0,0,0,0,0,19.8,26.4,231.0,34396972.559999995,43.0,799929.5944186045,31080306.83,17.353479140566368,3
70e2d51c-cf81-4079-bfcf-bd01d7562c9c,a49f153f0c20409e4740d1d6493fac0e3c68b93b,3218,GA,Hurricane,2005-09-05 00:00:00+00:00,2005-08-27 00:00:00+00:00,2005-10-01 00:00:00+00:00,EM,2024-08-27T18:22:14.800Z,2005,9,3,-1.0,-1.8369701987210297e-16,-1.0,-1.8369701987210297e-16,35.0,9.0,South,37,0,0,0,0.6,0,0,0,1,0,0,0,0,0,0,21.0,22.2,315.0,9199292.0,72.0,127767.94444444444,2303455.69,16.034637191240236,3
cf0866ea-9f2e-4399-91c9-5ffe42504a18,b6564abb0b51a2eaa1c88e14d809dd8562420ead,3219,OK,Hurricane,2005-09-05 00:00:00+00:00,2005-08-29 00:00:00+00:00,2005-10-01 00:00:00+00:00,EM,2024-08-27T18:22:14.800Z,2005,9,3,-1.0,-1.8369701987210297e-16,-1.0,-1.8369701987210297e-16,33.0,7.0,South,64,0,0,0,0.6,0,0,0,1,0,0,0,0,0,0,19.8,38.4,231.0,12505905.25,49.0,255222.556122449,2791504.67,16.341711590679555,3
a768a03f-ff7f-4a5b-802f-e8f75c21bbab,8f43d67ef125a9d63644736fbfb4d53c60bea4b6,3220,FL,Hurricane,2005-09-05 00:00:00+00:00,2005-08-29 00:00:00+00:00,2005-10-01 00:00:00+00:00,EM,2024-08-27T18:22:14.800Z,2005,9,3,-1.0,-1.8369701987210297e-16,-1.0,-1.8369701987210297e-16,33.0,7.0,South,111,0,0,0,0.6,0,0,0,1,0,0,0,0,0,0,19.8,66.6,231.0,3758918.9299999997,10.0,375891.893,1837013.9,15.139642221441555,3
bacddb34-e8c2-43dd-b12b-f113431398ad,6c0e54884f45dd9a803d1cc8b38d118255720525,3221,WV,Hurricane,2005-09-05 00:00:00+00:00,2005-08-29 00:00:00+00:00,2005-10-01 00:00:00+00:00,EM,2024-08-27T18:22:14.800Z,2005,9,3,-1.0,-1.8369701987210297e-16,-1.0,-1.8369701987210297e-16,33.0,7.0,South,45,0,0,0,0.6,0,0,0,1,0,0,0,0,0,0,19.8,27.0,231.0,797634.85,8.0,99704.35625,280055.32,13.58940744396169,3
2490315a-4105-47f1-853f-7fe011f8bdee,9a38bb2607134ac010c4817abd4f54f5e87df54d,3222,NC,Hurricane,2005-09-05 00:00:00+00:00,2005-08-29 00:00:00+00:00,2005-10-01 00:00:00+00:00,EM,2024-08-27T18:22:14.800Z,2005,9,3,-1.0,-1.8369701987210297e-16,-1.0,-1.8369701987210297e-16,33.0,7.0,South,40,0,0,0,0.6,0,0,0,1,0,0,0,0,0,0,19.8,24.0,231.0,2322706.02,16.0,145169.12625,728915.74,14.658243882403825,3
696dec82-9202-47e5-a034-2fa51a410706,184a315b48b8f041aed1514af515a1a7a9afd973,3223,UT,Coastal Storm,2005-09-05 00:00:00+00:00,2005-08-29 00:00:00+00:00,2005-10-01 00:00:00+00:00,EM,2024-08-27T18:22:14.800Z,2005,9,3,-1.0,-1.8369701987210297e-16,-1.0,-1.8369701987210297e-16,33.0,7.0,West,15,0,0,0,0.3,0,0,0,0,0,0,0,0,0,0,9.9,4.5,231.0,2130453.48,29.0,73463.91310344827,1138816.27,14.571845885817295,4
d1292af3-b212-4a8c-bd6e-c54f08596b6e,6bb7119c143482f2481977644935ecce4c19db89,3224,CO,Coastal Storm,2005-09-05 00:00:00+00:00,2005-08-29 00:00:00+00:00,2005-10-01 00:00:00+00:00,EM,2024-08-27T18:22:14.800Z,2005,9,3,-1.0,-1.8369701987210297e-16,-1.0,-1.8369701987210297e-16,33.0,7.0,West,54,0,0,0,0.3,0,0,0,0,0,0,0,0,0,0,9.9,16.2,231.0,13091587.719999999,6.0,2181931.2866666666,8073123.56,16.387480499505422,4
68216189-9acc-42fb-8a40-2719d487c646,cff16ab7951994ceb1ae32e594d250c50de0c577,3225,MI,Hurricane,2005-09-07 00:00:00+00:00,2005-08-29 00:00:00+00:00,2005-10-01 00:00:00+00:00,EM,2024-08-27T18:22:14.800Z,2005,9,3,-1.0,-1.8369701987210297e-16,-1.0,-1.8369701987210297e-16,33.0,9.0,Midwest,31,0,0,0,0.6,0,0,0,1,0,0,0,0,0,0,19.8,18.599999999999998,297.0,2028666.07,41.0,49479.66024390244,308686.52,14.522889519587881,0
c8d09df8-e543-4914-92aa-a397dbc55dfc,7a9f81d8ec97a53f08c63be9800b96c94ac2f1f4,3226,DC,Hurricane,2005-09-07 00:00:00+00:00,2005-08-29 00:00:00+00:00,2005-10-01 00:00:00+00:00,EM,2024-08-27T18:22:14.800Z,2005,9,3,-1.0,-1.8369701987210297e-16,-1.0,-1.8369701987210297e-16,33.0,9.0,South,9,0,0,0,0.6,0,0,0,1,0,0,0,0,0,0,19.8,5.3999999999999995,297.0,1856421.47,21.0,88401.02238095237,641098.0,14.434161790348302,3
ae7c9b52-6523-4ea0-aa3f-e6ca732345fd,2eb9a39ed42509cf618992a19846a9aaddf5c261,3227,WA,Coastal Storm,2005-09-07 00:00:00+00:00,2005-08-29 00:00:00+00:00,2005-10-01 00:00:00+00:00,EM,2024-08-27T18:22:14.800Z,2005,9,3,-1.0,-1.8369701987210297e-16,-1.0,-1.8369701987210297e-16,33.0,9.0,West,80,0,0,0,0.3,0,0,0,0,0,0,0,0,0,0,9.9,24.0,297.0,1699130.94,17.0,99948.8788235294,622214.68,14.345628055084441,4
f1815aa1-30c8-4d2c-8b94-2d51781102dd,409e10126a6f950de536f56f627b8bf643a3eda2,3228,OR,Coastal Storm,2005-09-07 00:00:00+00:00,2005-08-29 00:00:00+00:00,2005-10-01 00:00:00+00:00,EM,2024-08-27T18:22:14.800Z,2005,9,3,-1.0,-1.8369701987210297e-16,-1.0,-1.8369701987210297e-16,33.0,9.0,West,64,0,0,0,0.3,0,0,0,0,0,0,0,0,0,0,9.9,19.2,297.0,901337.36,15.0,60089.15733333333,340482.19,13.711636004384408,4
5dca080d-8639-446b-a44d-0020ece5faa6,90ed1db3555a4e55fb4e7ce35a4a6268265170f2,3229,NM,Hurricane,2005-09-07 00:00:00+00:00,2005-08-29 00:00:00+00:00,2005-10-01 00:00:00+00:00,EM,2024-08-27T18:22:14.800Z,2005,9,3,-1.0,-1.8369701987210297e-16,-1.0,-1.8369701987210297e-16,33.0,9.0,West,44,0,0,0,0.6,0,0,0,1,0,0,0,0,0,0,19.8,26.4,297.0,1014260.1799999999,15.0,67617.34533333333,654965.66,13.829671003931283,4
e0bff1a7-9210-4eed-ab3d-2a800927a3c9,c1b3c2268865db4fd65c772ccdf6185145c32871,3230,IL,Hurricane,2005-09-07 00:00:00+00:00,2005-08-29 00:00:00+00:00,2005-10-01 00:00:00+00:00,EM,2024-08-27T18:22:14.800Z,2005,9,3,-1.0,-1.8369701987210297e-16,-1.0,-1.8369701987210297e-16,33.0,9.0,Midwest,43,0,0,0,0.6,0,0,0,1,0,0,0,0,0,0,19.8,25.8,297.0,4456082.93,42.0,106097.21261904761,933213.28,15.309780895690151,0
0910aac7-2f8e-40c1-8e08-577d435514ba,572cbb87c41b8f69f41c31c771b7a91af1a1f0d9,3231,KY,Hurricane,2005-09-10 00:00:00+00:00,2005-08-29 00:00:00+00:00,2005-10-01 00:00:00+00:00,EM,2026-07-20T21:43:12.371Z,2005,9,3,-1.0,-1.8369701987210297e-16,-1.0,-1.8369701987210297e-16,33.0,12.0,South,51,0,0,0,0.6,0,0,0,1,0,0,0,0,0,0,19.8,30.599999999999998,396.0,1953118.89,49.0,39859.56918367347,391267.81,14.48493859558348,3
59191b4b-2489-4b45-a54c-890469906613,5c6506974a1bc10b884f7c9393367f1eb3976b14,3232,MO,Hurricane,2005-09-10 00:00:00+00:00,2005-08-29 00:00:00+00:00,2005-10-01 00:00:00+00:00,EM,2024-08-27T18:22:14.800Z,2005,9,3,-1.0,-1.8369701987210297e-16,-1.0,-1.8369701987210297e-16,33.0,12.0,Midwest,36,0,0,0,0.6,0,0,0,1,0,0,0,0,0,0,19.8,21.599999999999998,396.0,1751641.33,21.0,83411.4919047619,785484.9,14.37606438009374,0
9b393854-823b-45eb-b9e1-f0e0bb265135,bb260fe5546ef7f844502089ee4633c366a6ecc4,3233,SC,Hurricane,2005-09-10 00:00:00+00:00,2005-08-29 00:00:00+00:00,2005-10-01 00:00:00+00:00,EM,2024-08-27T18:22:14.800Z,2005,9,3,-1.0,-1.8369701987210297e-16,-1.0,-1.8369701987210297e-16,33.0,12.0,South,18,0,0,0,0.6,0,0,0,1,0,0,0,0,0,0,19.8,10.799999999999999,396.0,5450028.4,35.0,155715.09714285715,1297994.33,15.511131561120289,3
ea793ed2-6284-47fb-90cf-66f6ce2c617d,959360f050633e5f33462fec79eff325916be133,3234,SD,Coastal Storm,2005-09-10 00:00:00+00:00,2005-09-06 00:00:00+00:00,2005-10-01 00:00:00+00:00,EM,2024-08-27T18:22:14.800Z,2005,9,3,-1.0,-1.8369701987210297e-16,-1.0,-1.8369701987210297e-16,25.0,4.0,Midwest,42,0,0,0,0.3,0,0,0,0,0,0,0,0,0,0,7.5,12.6,100.0,208997.24000000002,5.0,41799.448000000004,203217.72,12.25008110985886,0
4aa07049-fa92-46d2-bfc2-a76e8a89b7fb,aa07752fc91311f6fcd66c0024803452c991cb90,3235,PA,Hurricane,2005-09-10 00:00:00+00:00,2005-08-29 00:00:00+00:00,2005-10-01 00:00:00+00:00,EM,2026-07-20T21:43:12.371Z,2005,9,3,-1.0,-1.8369701987210297e-16,-1.0,-1.8369701987210297e-16,33.0,12.0,Northeast,44,0,0,0,0.6,0,0,0,1,0,0,0,0,0,0,19.8,26.4,396.0,3941290.95,34.0,115920.32205882354,1137157.37,15.187019133616035,1
f29b612a-6355-455e-953f-ae27657a8fc0,a71034cc1a61e36071ff907393f49ad3db7c36d2,3236,KS,Hurricane,2005-09-10 00:00:00+00:00,2005-09-01 00:00:00+00:00,2005-10-01 00:00:00+00:00,EM,2024-08-27T18:22:14.800Z,2005,9,3,-1.0,-1.8369701987210297e-16,-1.0,-1.8369701987210297e-16,30.0,9.0,Midwest,31,0,0,0,0.6,0,0,0,1,0,0,0,0,0,0,18.0,18.599999999999998,270.0,154988.79,15.0,10332.586000000001,29013.64,11.951114522764055,0
6a847921-d131-45aa-a94f-a75ae84c320a,af5a73563a8c3652854d0ef45d1cd645fdcc1416,3237,AL,Hurricane,2005-09-10 00:00:00+00:00,2005-08-29 00:00:00+00:00,2005-10-01 00:00:00+00:00,EM,2024-08-27T18:22:14.800Z,2005,9,3,-1.0,-1.8369701987210297e-16,-1.0,-1.8369701987210297e-16,33.0,12.0,South,62,0,0,0,0.6,0,0,0,1,0,0,0,0,0,0,19.8,37.199999999999996,396.0,2942630.82,50.0,58852.6164,351258.72,14.894814915753752,3
2313bf1f-3817-49e6-b48e-dd8a848c61cd,c4ab9407f9c26e920e5f4f098c904d645bd17602,3238,IN,Hurricane,2005-09-10 00:00:00+00:00,2005-08-29 00:00:00+00:00,2005-10-01 00:00:00+00:00,EM,2024-08-27T18:22:14.800Z,2005,9,3,-1.0,-1.8369701987210297e-16,-1.0,-1.8369701987210297e-16,33.0,12.0,Midwest,35,0,0,0,0.6,0,0,0,1,0,0,0,0,0,0,19.8,21.0,396.0,2064487.6500000001,11.0,187680.69545454546,1890889.0,14.540393126593969,0
376e04b8-21bc-4e62-9391-acda04b9a6cd,9ad418bb7b73edc407416aeba3bd1064befbba94,3239,IA,Hurricane,2005-09-10 00:00:00+00:00,2005-08-29 00:00:00+00:00,2005-10-01 00:00:00+00:00,EM,2024-08-27T18:22:14.800Z,2005,9,3,-1.0,-1.8369701987210297e-16,-1.0,-1.8369701987210297e-16,33.0,12.0,Midwest,36,0,0,0,0.6,0,0,0,1,0,0,0,0,0,0,19.8,21.599999999999998,396.0,232383.23,16.0,14523.951875,64591.22,12.356147444514637,0
ce2c4fc2-3c6d-40a3-a24a-e286bbcd0cd8,6ea551747da5dcb61a7c34434b1f651b01baf79a,3240,VA,Hurricane,2005-09-12 00:00:00+00:00,2005-08-29 00:00:00+00:00,2005-10-01 00:00:00+00:00,EM,2024-08-27T18:22:14.800Z,2005,9,3,-1.0,-1.8369701987210297e-16,-1.0,-1.8369701987210297e-16,33.0,14.0,South,46,0,0,0,0.6,0,0,0,1,0,0,0,0,0,0,19.8,27.599999999999998,462.0,264113.42,15.0,17607.56133333333,64155.5,12.48413769732477,3
e0123456-37b4-4f5e-b410-76b6e1284212,37d561900fb00c5b4e0c552c3e67604ee511a3c6,3241,AZ,Hurricane,2005-09-12 00:00:00+00:00,2005-08-29 00:00:00+00:00,2005-10-01 00:00:00+00:00,EM,2024-08-27T18:22:14.800Z,2005,9,3,-1.0,-1.8369701987210297e-16,-1.0,-1.8369701987210297e-16,33.0,14.0,West,52,0,0,0,0.6,0,0,0,1,0,0,0,0,0,0,19.8,31.2,462.0,5542196.2700000005,99.0,55981.78050505051,437250.29,15.527901599224462,4
2a00763e-2f55-4561-a888-f3e35246745c,a9fd0eeff44fe3a3c704b5d4544748d9ee596f25,3242,MN,Hurricane,2005-09-13 00:00:00+00:00,2005-08-29 00:00:00+00:00,2005-10-01 00:00:00+00:00,EM,2024-08-27T18:22:14.800Z,2005,9,3,-1.0,-1.8369701987210297e-16,-1.0,-1.8369701987210297e-16,33.0,15.0,Midwest,47,0,0,0,0.6,0,0,0,1,0,0,0,0,0,0,19.8,28.2,495.0,2430795.84,19.0,127936.62315789473,1769898.4,14.703729679258947,0
f28c13b3-5b00-451a-9fc4-b27633f03394,78083e94cfdc15717c78965cc8e1ee4467d7a192,3243,NV,Hurricane,2005-09-13 00:00:00+00:00,2005-08-29 00:00:00+00:00,2005-10-01 00:00:00+00:00,EM,2024-08-27T18:22:14.800Z,2005,9,3,-1.0,-1.8369701987210297e-16,-1.0,-1.8369701987210297e-16,33.0,15.0,West,53,0,0,0,0.6,0,0,0,1,0,0,0,0,0,0,19.8,31.799999999999997,495.0,1195964.49,17.0,70350.85235294118,400612.98,13.994464358561364,4
90f765c3-3bd3-489e-9f49-835bd724b21e,f6d2b5b462b34e7f5fc6e1a8e20b1a4b4f002eed,3244,ID,Hurricane,2005-09-13 00:00:00+00:00,2005-08-29 00:00:00+00:00,2005-10-01 00:00:00+00:00,EM,2024-08-27T18:22:14.800Z,2005,9,3,-1.0,-1.8369701987210297e-16,-1.0,-1.8369701987210297e-16,33.0,15.0,West,22,0,0,0,0.6,0,0,0,1,0,0,0,0,0,0,19.8,13.2,495.0,212036.0,3.0,70678.66666666667,101309.25,12.264516066727744,4
6037273d-eb36-4c37-904c-39078673fa3e,a30431b7390941aebd820b6279b16f0a263cd2ec,3245,NE,Hurricane,2005-09-13 00:00:00+00:00,2005-08-29 00:00:00+00:00,2005-10-01 00:00:00+00:00,EM,2024-08-27T18:22:14.800Z,2005,9,3,-1.0,-1.8369701987210297e-16,-1.0,-1.8369701987210297e-16,33.0,15.0,Midwest,31,0,0,0,0.6,0,0,0,1,0,0,0,0,0,0,19.8,18.599999999999998,495.0,376579.46,1.0,376579.46,376579.46,12.83888700856967,0
de06bebf-a4ed-4c69-89a5-48a4aab705a0,a0278f91cbc6afdb67f441c334607179bdbe415f,3246,CT,Hurricane,2005-09-13 00:00:00+00:00,2005-08-29 00:00:00+00:00,2005-10-01 00:00:00+00:00,EM,2024-08-27T18:22:14.800Z,2005,9,3,-1.0,-1.8369701987210297e-16,-1.0,-1.8369701987210297e-16,33.0,15.0,Northeast,16,0,0,0,0.6,0,0,0,1,0,0,0,0,0,0,19.8,9.6,495.0,655209.1399999999,4.0,163802.28499999997,605066.69,13.392711287591718,1
7741c9dc-21d0-4d04-b407-50a8f9ffadb1,2fdc2e0c2ac87300e719fb6181882f9e6ae0bd1b,3247,ND,Coastal Storm,2005-09-13 00:00:00+00:00,2005-08-29 00:00:00+00:00,2005-10-01 00:00:00+00:00,EM,2024-08-27T18:22:14.800Z,2005,9,3,-1.0,-1.8369701987210297e-16,-1.0,-1.8369701987210297e-16,33.0,15.0,Midwest,36,0,0,0,0.3,0,0,0,0,0,0,0,0,0,0,9.9,10.799999999999999,495.0,22842.18,1.0,22842.18,22842.18,10.036407883500496,0
dfd3900b-4942-4efd-b950-f18bca87e5d2,5ff1190383bf4e394fdf4ea723c7772907aee659,3248,CA,Hurricane,2005-09-13 00:00:00+00:00,2005-08-29 00:00:00+00:00,2005-10-01 00:00:00+00:00,EM,2024-08-27T18:22:14.800Z,2005,9,3,-1.0,-1.8369701987210297e-16,-1.0,-1.8369701987210297e-16,33.0,15.0,West,131,0,0,0,0.6,0,0,0,1,0,0,0,0,0,0,19.8,78.6,495.0,947486.85,15.0,63165.79,207686.82,13.761569392637503,4
09b3d911-914a-4e2d-a9bf-77224c14e538,547aec8958c1bd364a3ee12d1b34d3010c93a96b,3249,WI,Hurricane,2005-09-13 00:00:00+00:00,2005-08-29 00:00:00+00:00,2005-10-01 00:00:00+00:00,EM,2024-08-27T18:22:14.800Z,2005,9,3,-1.0,-1.8369701987210297e-16,-1.0,-1.8369701987210297e-16,33.0,15.0,Midwest,36,0,0,0,0.6,0,0,0,1,0,0,0,0,0,0,19.8,21.599999999999998,495.0,1209343.32,12.0,100778.61,684856.32,14.005588886403046,0
f4e870c7-7adc-46ce-a86e-11ded5155de2,e0e2bbbb5718208c4aa11adc2692c1a8280d69da,3250,OH,Hurricane,2005-09-13 00:00:00+00:00,2005-08-29 00:00:00+00:00,2005-10-01 00:00:00+00:00,EM,2024-08-27T18:22:14.800Z,2005,9,3,-1.0,-1.8369701987210297e-16,-1.0,-1.8369701987210297e-16,33.0,15.0,Midwest,44,0,0,0,0.6,0,0,0,1,0,0,0,0,0,0,19.8,26.4,495.0,2492582.65,18.0,138476.8138888889,1674785.0,14.72883034093703,0
15bc7d01-53bf-4ec7-8f64-a467d06082f6,60776cf22f95171486ff94217e83e4a850bfb18a,3251,MD,Hurricane,2005-09-13 00:00:00+00:00,2005-08-29 00:00:00+00:00,2005-10-01 00:00:00+00:00,EM,2024-08-27T18:22:14.800Z,2005,9,3,-1.0,-1.8369701987210297e-16,-1.0,-1.8369701987210297e-16,33.0,15.0,South,19,0,0,0,0.6,0,0,0,1,0,0,0,0,0,0,19.8,11.4,495.0,1502419.68,49.0,30661.62612244898,207351.2,14.222588151984642,3
2c9806ab-1a20-4381-86d4-d602f45832e3,bbc2b4f4b2d4ca51f83496cb5857427656aa76b5,3252,MA,Hurricane,2005-09-13 00:00:00+00:00,2005-08-29 00:00:00+00:00,2005-10-01 00:00:00+00:00,EM,2024-08-27T18:22:14.800Z,2005,9,3,-1.0,-1.8369701987210297e-16,-1.0,-1.8369701987210297e-16,33.0,15.0,Northeast,27,0,0,0,0.6,0,0,0,1,0,0,0,0,0,0,19.8,16.2,495.0,5722706.08,39.0,146736.05333333334,1543887.43,15.55995251713534,1
26736f34-573b-4ae6-831a-fd5bf96a2a3f,b8b3458ebd1fd2346fb66e6c5cbf3098ee48187f,3253,MT,Hurricane,2005-09-13 00:00:00+00:00,2005-08-29 00:00:00+00:00,2005-10-01 00:00:00+00:00,EM,2024-08-27T18:22:14.800Z,2005,9,3,-1.0,-1.8369701987210297e-16,-1.0,-1.8369701987210297e-16,33.0,15.0,West,44,0,0,0,0.6,0,0,0,1,0,0,0,0,0,0,19.8,26.4,495.0,114693.39,2.0,57346.695,86486.28,11.650026391720797,4
468b4e23-e900-447c-8ce7-121397fab80c,54245cddb6ce438d4b30039b49f8e751afd6c946,3254,NC,Hurricane,2005-09-14 00:00:00+00:00,2005-09-11 00:00:00+00:00,2005-09-17 00:00:00+00:00,EM,2024-08-27T18:22:14.800Z,2005,9,3,-1.0,-1.8369701987210297e-16,-1.0,-1.8369701987210297e-16,6.0,3.0,South,41,0,0,0,0.6,0,0,0,1,0,0,0,0,0,0,3.5999999999999996,24.599999999999998,18.0,5042618.34,114.0,44233.49421052632,1155361.93,15.433436215362377,3
61e724ec-7c77-4384-8297-33eb27d24180,92ba74e6ffe45f7d56901da082dd5828de71238a,3255,RI,Hurricane,2005-09-19 00:00:00+00:00,2005-08-29 00:00:00+00:00,2005-10-01 00:00:00+00:00,EM,2024-08-27T18:22:14.800Z,2005,9,3,-1.0,-1.8369701987210297e-16,-1.0,-1.8369701987210297e-16,33.0,21.0,Northeast,12,0,0,0,0.6,0,0,0,1,0,0,0,0,0,0,19.8,7.199999999999999,693.0,1083944.61,11.0,98540.4190909091,788754.49,13.896118284446155,1
387c094d-43ce-42c6-9ffa-c1cfcdc95bde,5e4580b67fd8dd9c06b9cd4af5e4ac9dbaff85d1,3256,ME,Hurricane,2005-09-19 00:00:00+00:00,2005-08-29 00:00:00+00:00,2005-10-01 00:00:00+00:00,EM,2024-08-27T18:22:14.800Z,2005,9,3,-1.0,-1.8369701987210297e-16,-1.0,-1.8369701987210297e-16,33.0,21.0,Northeast,40,0,0,0,0.6,0,0,0,1,0,0,0,0,0,0,19.8,24.0,693.0,48332.97,1.0,48332.97,48332.97,10.785889905061639,1
70245518-618c-4935-819a-cf4306b3540e,327629cbc7a525f3e92b1a74aa8605fc3f667445,3257,NJ,Hurricane,2005-09-19 00:00:00+00:00,2005-08-29 00:00:00+00:00,2005-10-01 00:00:00+00:00,EM,2024-08-27T18:22:14.800Z,2005,9,3,-1.0,-1.8369701987210297e-16,-1.0,-1.8369701987210297e-16,33.0,21.0,Northeast,31,0,0,0,0.6,0,0,0,1,0,0,0,0,0,0,19.8,18.599999999999998,693.0,349390.13,14.0,24956.437857142857,205294.55,12.763947289983209,1
15ac998f-0248-406d-bd6e-df1686eda8c6,721f2effc96a88aeb430355c5b6852b5b4a1ba26,3258,NH,Hurricane,2005-09-19 00:00:00+00:00,2005-08-29 00:00:00+00:00,2005-10-01 00:00:00+00:00,EM,2024-08-27T18:22:14.800Z,2005,9,3,-1.0,-1.8369701987210297e-16,-1.0,-1.8369701987210297e-16,33.0,21.0,Northeast,24,0,0,0,0.6,0,0,0,1,0,0,0,0,0,0,19.8,14.399999999999999,693.0,9319.83,1.0,9319.83,9319.83,9.140006959508396,1
10efdd2c-0b85-4cde-a75a-28abea9f3b5e,28419de31de5eff610f1a27e3bb5df5a94bb61f0,3259,FL,Hurricane,2005-09-20 00:00:00+00:00,2005-09-18 00:00:00+00:00,2005-10-23 00:00:00+00:00,EM,2026-07-20T21:43:12.371Z,2005,9,3,-1.0,-1.8369701987210297e-16,-1.0,-1.8369701987210297e-16,35.0,2.0,South,112,0,0,0,0.6,0,0,0,1,0,0,0,0,0,0,21.0,67.2,70.0,7296978.39,145.0,50323.988896551724,635403.71,15.802971038295365,3
7d5bebd0-639c-4119-a9fa-09b353afa9dd,8f164b7e2dac3a872e3038a496587f20d190358c,3261,TX,Hurricane,2005-09-21 00:00:00+00:00,2005-09-20 00:00:00+00:00,2005-10-14 00:00:00+00:00,EM,2024-08-27T18:22:14.800Z,2005,9,3,-1.0,-1.8369701987210297e-16,-1.0,-1.8369701987210297e-16,24.0,1.0,South,200,0,0,0,0.6,0,0,0,1,0,0,0,0,0,0,14.399999999999999,120.0,24.0,6093212.07,329.0,18520.40142857143,640076.0,15.622686098256496,3
02019b71-6b8c-47ba-9341-4070e172b61e,7b97cf35707b246bbc2c76b610f158d4ebb1625b,1606,TX,Hurricane,2005-09-24 00:00:00+00:00,2005-09-23 00:00:00+00:00,2005-10-14 00:00:00+00:00,DR,2026-07-20T21:43:12.371Z,2005,9,3,-1.0,-1.8369701987210297e-16,-1.0,-1.8369701987210297e-16,21.0,1.0,South,201,0,0,0,0.6,0,0,0,1,0,0,0,0,0,0,12.6,120.6,21.0,363251603.49,2836.0,128085.89685825106,24203941.52,19.710606277445518,3
c1ebf586-9034-4c78-bd49-e23738fe1e76,ae0eb78b9b0dd10163184cb7b2d4dcb2b1d1dd22,1607,LA,Hurricane,2005-09-24 00:00:00+00:00,2005-09-23 00:00:00+00:00,2005-11-01 00:00:00+00:00,DR,2026-07-20T21:43:12.371Z,2005,9,3,-1.0,-1.8369701987210297e-16,-1.0,-1.8369701987210297e-16,39.0,1.0,South,57,0,0,0,0.6,0,0,0,1,0,0,0,0,0,0,23.4,34.199999999999996,39.0,666448077.61,3614.0,184407.32640011067,43467370.16,20.317472792988163,3
e2eeecf3-692d-450a-ac2c-f8c1689af506,edae3b8f87f2cdb752c21cd803253e0e0be58341,3262,NY,Hurricane,2005-09-30 00:00:00+00:00,2005-08-29 00:00:00+00:00,2005-10-01 00:00:00+00:00,EM,2024-08-27T18:22:14.800Z,2005,9,3,-1.0,-1.8369701987210297e-16,-1.0,-1.8369701987210297e-16,33.0,32.0,Northeast,67,0,0,0,0.6,0,0,0,1,0,0,0,0,0,0,19.8,40.199999999999996,1056.0,2709183.72,36.0,75255.10333333333,377449.0,14.81215830626564,1
92c95f65-431d-4c7c-83f4-5eb33537eb18,9564ff9cf408f49342d967b9e24b23b1be33426b,3263,DE,Hurricane,2005-09-30 00:00:00+00:00,2005-08-29 00:00:00+00:00,2005-10-01 00:00:00+00:00,EM,2024-08-27T18:22:14.800Z,2005,9,3,-1.0,-1.8369701987210297e-16,-1.0,-1.8369701987210297e-16,33.0,32.0,South,13,0,0,0,0.6,0,0,0,1,0,0,0,0,0,0,19.8,7.8,1056.0,94529.31,5.0,18905.862,53377.68,11.45667580279626,3
ba03b69c-fa50-4835-8fbf-077355be336b,cc84beefdb79fb153a96cffad31e0e48ccd3b40c,1608,NC,Hurricane,2005-10-07 00:00:00+00:00,2005-09-11 00:00:00+00:00,2005-09-17 00:00:00+00:00,DR,2024-08-27T18:22:14.800Z,2005,10,4,-0.8660254037844386,0.5000000000000001,-2.4492935982947064e-16,1.0,6.0,26.0,South,42,0,0,0,0.6,0,0,0,1,0,0,0,0,0,0,3.5999999999999996,25.2,156.0,16491742.950000001,199.0,82873.08015075377,5114691.57,16.618370446978968,3
a00c421b-e48e-4e6d-8502-f3d3183911bd,0c836276b73832654ff82f345f3aa2826dbd51ed,3264,MA,Severe Storm,2005-10-19 00:00:00+00:00,2005-10-07 00:00:00+00:00,2005-10-22 00:00:00+00:00,EM,2024-08-27T18:22:14.800Z,2005,10,4,-0.8660254037844386,0.5000000000000001,-2.4492935982947064e-16,1.0,15.0,12.0,Northeast,28,0,0,0,0.3,0,1,0,0,0,0,0,0,0,0,4.5,8.4,180.0,562503.38,24.0,23437.640833333335,232094.25,13.240154199697063,1
df9f0e5e-7c7c-41bb-8ca8-75a6369fd1e3,21a3a7851ed499c01d68a165ecbb007b3605143c,1609,FL,Hurricane,2005-10-24 00:00:00+00:00,2005-10-23 00:00:00+00:00,2005-11-18 00:00:00+00:00,DR,2026-06-03T20:41:14.285Z,2005,10,4,-0.8660254037844386,0.5000000000000001,-2.4492935982947064e-16,1.0,26.0,1.0,South,113,0,0,0,0.6,0,0,0,1,0,0,0,0,0,0,15.6,67.8,26.0,1471296923.86,8292.0,177435.71199469367,67107200.64,21.10941011058239,3
6f567fb3-e254-47ed-9409-376a95091450,9d1f00b15e30b67ba37d91dbd1f9c35eb4529901,1610,NH,Severe Storm,2005-10-26 00:00:00+00:00,2005-10-07 00:00:00+00:00,2005-10-18 00:00:00+00:00,DR,2024-08-27T18:22:14.800Z,2005,10,4,-0.8660254037844386,0.5000000000000001,-2.4492935982947064e-16,1.0,11.0,19.0,Northeast,25,0,0,0,0.3,0,1,0,0,0,0,0,0,0,0,3.3,7.5,209.0,11915436.92,615.0,19374.694178861788,1503099.35,16.29334542151142,1
7f9db9a9-8a30-4b78-a8b9-886898fa602a,0a46d20ca2a7e057f2b444fb577ae6772bd3be94,1611,MP,Typhoon,2005-11-08 00:00:00+00:00,2005-08-30 00:00:00+00:00,2005-09-01 00:00:00+00:00,DR,2024-08-27T18:22:14.800Z,2005,11,4,-0.5000000000000004,0.8660254037844384,-2.4492935982947064e-16,1.0,2.0,70.0,Other,13,0,0,0,0.6,0,0,0,0,0,0,0,0,1,0,1.2,7.8,140.0,995106.97,39.0,25515.56333333333,217071.64,13.810606522816482,2
64e5d93c-2ce9-45e8-801c-1453564447e3,8d12a6b295e743e9866a9b660611dd79d1d8c980,1612,IN,Tornado,2005-11-08 00:00:00+00:00,2005-11-06 00:00:00+00:00,2005-11-06 00:00:00+00:00,DR,2024-08-27T18:22:14.800Z,2005,11,4,-0.5000000000000004,0.8660254037844384,-2.4492935982947064e-16,1.0,0.0,2.0,Midwest,36,0,0,0,0.44999999999999996,0,0,0,0,1,0,0,0,0,0,0.0,16.2,0.0,2434577.9899999998,76.0,32033.920921052628,321544.97,14.705284400166022,0
48aa6691-d18d-4670-b226-d7d6c1712112,8ea2c6c1e0250f47a11d81bcd4b59ca3724a2cfa,1613,PR,Severe Storm,2005-11-10 00:00:00+00:00,2005-10-09 00:00:00+00:00,2005-10-15 00:00:00+00:00,DR,2024-08-27T18:22:14.800Z,2005,11,4,-0.5000000000000004,0.8660254037844384,-2.4492935982947064e-16,1.0,6.0,32.0,Other,23,0,0,0,0.3,0,1,0,0,0,0,0,0,0,0,1.7999999999999998,6.8999999999999995,192.0,11451685.61,485.0,23611.722907216492,599175.0,16.25364757930003,2
0da35a79-0547-43d7-b137-f43595f2b569,b9c35c51cbea38a917f9c58d2b5256eb4c7f40e9,1614,MA,Severe Storm,2005-11-10 00:00:00+00:00,2005-10-07 00:00:00+00:00,2005-10-16 00:00:00+00:00,DR,2024-08-27T18:22:14.800Z,2005,11,4,-0.5000000000000004,0.8660254037844384,-2.4492935982947064e-16,1.0,9.0,34.0,Northeast,29,0,0,0,0.3,0,1,0,0,0,0,0,0,0,0,2.6999999999999997,8.7,306.0,6897519.92,717.0,9619.9719944212,266620.06,15.746672618051944,1
dd48f3ab-5e61-4d5a-9938-c41b665a3e00,81becad4f3ec015790f8a76ec0b1fb360549dfeb,1615,KS,Severe Storm,2005-11-15 00:00:00+00:00,2005-10-01 00:00:00+00:00,2005-10-02 00:00:00+00:00,DR,2024-08-27T18:22:14.800Z,2005,11,4,-0.5000000000000004,0.8660254037844384,-2.4492935982947064e-16,1.0,1.0,45.0,Midwest,32,0,0,0,0.3,0,1,0,0,0,0,0,0,0,0,0.3,9.6,45.0,7861711.47,184.0,42726.69277173913,1125191.25,15.877515012176113,0
5ff82014-e927-4bdb-9929-49c68d789c70,8159a2c7159bd1fc8a67e52aa07d43f0d6bda26b,1616,ND,Snowstorm,2005-11-21 00:00:00+00:00,2005-10-04 00:00:00+00:00,2005-10-06 00:00:00+00:00,DR,2024-08-27T18:22:14.800Z,2005,11,4,-0.5000000000000004,0.8660254037844384,-2.4492935982947064e-16,1.0,2.0,48.0,Midwest,37,0,0,0,0.15,0,0,0,0,0,1,0,0,0,0,0.3,5.55,96.0,1924513.06,116.0,16590.629827586206,222915.01,14.470184057472963,0
ab539c6b-ef4b-4974-a834-77c7af74d50e,ae164dc181b5b512142f641c0aadaa5930a624fa,1618,AK,Severe Storm,2005-12-09 00:00:00+00:00,2005-09-22 00:00:00+00:00,2005-09-26 00:00:00+00:00,DR,2024-08-27T18:22:14.800Z,2005,12,4,-2.4492935982947064e-16,1.0,-2.4492935982947064e-16,1.0,4.0,78.0,West,38,0,0,0,0.3,0,1,0,0,0,0,0,0,0,0,1.2,11.4,312.0,1380730.48,26.0,53105.018461538464,407936.13,14.138123974673297,4
e6280921-897f-43b7-998a-0b2db6091bae,73eefb038f3833c29cbe6cd691582d734e43c56c,1619,CT,Severe Storm,2005-12-16 00:00:00+00:00,2005-10-14 00:00:00+00:00,2005-10-15 00:00:00+00:00,DR,2024-08-27T18:22:14.800Z,2005,12,4,-2.4492935982947064e-16,1.0,-2.4492935982947064e-16,1.0,1.0,63.0,Northeast,17,0,0,0,0.3,0,1,0,0,0,0,0,0,0,0,0.3,5.1,63.0,3568201.4,330.0,10812.731515151514,222318.03,15.087572497530552,1
9b117ae1-6b4c-4e33-8a6d-be7edda11dd6,d2f8a91ccbc77c26bd38980037a9ff549a32cc15,1620,SD,Severe Storm,2005-12-20 00:00:00+00:00,2005-11-27 00:00:00+00:00,2005-11-29 00:00:00+00:00,DR,2024-08-27T18:22:14.800Z,2005,12,4,-2.4492935982947064e-16,1.0,-2.4492935982947064e-16,1.0,2.0,23.0,Midwest,43,0,0,0,0.3,0,1,0,0,0,0,0,0,0,0,0.6,12.9,46.0,24018669.69,282.0,85172.5875531915,4384146.7,16.994342031286198,0
729232e0-c738-47cd-845d-e432336e895b,1c7731384bd7f7dc3a86e8dab19e96883401ead5,1621,ND,Severe Storm,2006-01-04 00:00:00+00:00,2005-11-27 00:00:00+00:00,2005-11-30 00:00:00+00:00,DR,2024-08-27T18:22:14.800Z,2006,1,1,0.49999999999999994,0.8660254037844387,1.0,6.123233995736766e-17,3.0,38.0,Midwest,38,0,0,0,0.3,0,1,0,0,0,0,0,0,0,0,0.8999999999999999,11.4,114.0,1931615.16,26.0,74292.89076923077,1045983.28,14.473867599067878,0
f11e3c70-c1e7-461a-81cc-872253b6adc8,66cb2fb96d67a91ea4973679e3327ab11d25552d,1622,MN,Severe Storm,2006-01-04 00:00:00+00:00,2005-11-27 00:00:00+00:00,2005-11-29 00:00:00+00:00,DR,2024-08-27T18:22:14.800Z,2006,1,1,0.49999999999999994,0.8660254037844387,1.0,6.123233995736766e-17,2.0,38.0,Midwest,48,0,0,0,0.3,0,1,0,0,0,0,0,0,0,0,0.6,14.399999999999999,76.0,7985142.74,80.0,99814.28425,2118479.35,15.893093340721578,0
7edb2a24-3b7a-4be1-a624-ca2ecbf033a9,10102522b174600903e388e3dd3b3a0150012233,1623,OK,Fire,2006-01-10 00:00:00+00:00,2005-11-27 00:00:00+00:00,2006-03-31 00:00:00+00:00,DR,2024-08-27T18:22:14.800Z,2006,1,1,0.49999999999999994,0.8660254037844387,1.0,6.123233995736766e-17,124.0,44.0,South,84,0,0,0,0.3,1,0,0,0,0,0,0,0,0,0,37.199999999999996,25.2,5456.0,9580703.48,592.0,16183.620743243244,1358723.21,16.07526168377781,3
0233f0b5-5d5b-4ae0-aff4-e07776ea5f7c,57c1b469225734c7bf6e99c02d949edfe618379a,1624,TX,Fire,2006-01-11 00:00:00+00:00,2005-11-27 00:00:00+00:00,2006-05-14 00:00:00+00:00,DR,2024-08-27T18:22:14.800Z,2006,1,1,0.49999999999999994,0.8660254037844387,1.0,6.123233995736766e-17,168.0,45.0,South,211,0,0,0,0.3,1,0,0,0,0,0,0,0,0,0,50.4,63.3,7560.0,33713121.980000004,422.0,79888.91464454978,22412488.85,17.333397725458493,3
cbe5e0a8-2557-49e8-a896-66299991a1e8,5d39079cc0cbdcb99df38facaddcffd519ae8bea,1625,SC,Severe Ice Storm,2006-01-20 00:00:00+00:00,2005-12-15 00:00:00+00:00,2005-12-16 00:00:00+00:00,DR,2024-08-27T18:22:14.800Z,2006,1,1,0.49999999999999994,0.8660254037844387,1.0,6.123233995736766e-17,1.0,36.0,South,19,0,0,0,0.3,0,0,0,0,0,0,0,1,0,0,0.3,5.7,36.0,10975517.64,233.0,47105.22592274678,1630388.06,16.211177772300985,3
c3b213bd-222e-449c-b95f-cb03cf801b4d,875e19305c569a02635da874a71db60b6f469a45,1626,KS,Severe Storm,2006-01-26 00:00:00+00:00,2005-11-27 00:00:00+00:00,2005-11-28 00:00:00+00:00,DR,2024-08-27T18:22:14.800Z,2006,1,1,0.49999999999999994,0.8660254037844387,1.0,6.123233995736766e-17,1.0,60.0,Midwest,33,0,0,0,0.3,0,1,0,0,0,0,0,0,0,0,0.3,9.9,60.0,37772346.69,48.0,786923.8893749999,19325073.44,17.447087850289375,0
4522623b-b941-4df2-bfc1-a7215e6e7de7,c4d1675463c36181473da2157d37718515565cdf,1627,NE,Severe Storm,2006-01-26 00:00:00+00:00,2005-11-27 00:00:00+00:00,2005-11-28 00:00:00+00:00,DR,2024-08-27T18:22:14.800Z,2006,1,1,0.49999999999999994,0.8660254037844387,1.0,6.123233995736766e-17,1.0,60.0,Midwest,32,0,0,0,0.3,0,1,0,0,0,0,0,0,0,0,0.3,9.6,60.0,5229296.57,100.0,52292.9657,595156.99,15.469787519181612,0
9e0b8e3e-960f-4e7a-8a48-d0dfc23637c6,65f2b635f74fb441297e1258874666e77cd1d0d8,1628,CA,Severe Storm,2006-02-03 00:00:00+00:00,2005-12-17 00:00:00+00:00,2006-01-03 00:00:00+00:00,DR,2024-08-27T18:22:14.800Z,2006,2,1,0.8660254037844386,0.5000000000000001,1.0,6.123233995736766e-17,17.0,48.0,West,136,0,0,0,0.3,0,1,0,0,0,0,0,0,0,0,5.1,40.8,816.0,151343496.34,3061.0,49442.501254491995,5997473.82,18.835062628121825,4
19ee122c-d88a-4c3e-9b78-016871549177,76acffd7d34fed7651185510cc972e26fbc4017c,1629,NV,Severe Storm,2006-02-03 00:00:00+00:00,2005-12-31 00:00:00+00:00,2006-01-04 00:00:00+00:00,DR,2024-08-27T18:22:14.800Z,2006,2,1,0.8660254037844386,0.5000000000000001,1.0,6.123233995736766e-17,4.0,34.0,West,54,0,0,0,0.3,0,1,0,0,0,0,0,0,0,0,1.2,16.2,136.0,7532473.18,393.0,19166.598422391857,417922.24,15.834734122167907,4
b8daff17-bdb3-4dd4-91ce-f2fa1345118e,8f1805aa2ebfbab87b96033f382701999002db4e,3265,ME,Snowstorm,2006-02-24 00:00:00+00:00,2005-12-25 00:00:00+00:00,2005-12-27 00:00:00+00:00,EM,2024-08-27T18:22:14.800Z,2006,2,1,0.8660254037844386,0.5000000000000001,1.0,6.123233995736766e-17,2.0,61.0,Northeast,41,0,0,0,0.15,0,0,0,0,0,1,0,0,0,0,0.3,6.1499999999999995,122.0,533910.78,43.0,12416.529767441862,148225.67,13.18798589830181,1
133b9fa3-5f8c-4fcf-a19f-7263f41b5de4,4aca8629e432345207e38dbb7bedd6293137a04d,1630,ID,Severe Storm,2006-02-27 00:00:00+00:00,2005-12-30 00:00:00+00:00,2006-01-04 00:00:00+00:00,DR,2024-08-27T18:22:14.800Z,2006,2,1,0.8660254037844386,0.5000000000000001,1.0,6.123233995736766e-17,5.0,59.0,West,23,0,0,0,0.3,0,1,0,0,0,0,0,0,0,0,1.5,6.8999999999999995,295.0,1079268.66,15.0,71951.24399999999,707438.37,13.891795129605757,4
285dfb6b-a9f8-4ba4-aa17-137d6fc7a8ab,f731b0dac37e8e8a8fdc61f154fa9f0eb5f614a9,1631,MO,Severe Storm,2006-03-16 00:00:00+00:00,2006-03-08 00:00:00+00:00,2006-03-13 00:00:00+00:00,DR,2024-08-27T18:22:14.800Z,2006,3,1,1.0,6.123233995736766e-17,1.0,6.123233995736766e-17,5.0,8.0,Midwest,37,0,0,0,0.3,0,1,0,0,0,0,0,0,0,0,1.5,11.1,40.0,5305344.2,216.0,24561.778703703705,760270.8,15.484225398601245,0
6be1255b-4f58-4697-b3c3-d24999e237b2,34efd89efb8211566ce7ca81af5c0cdedd72efa2,1632,OR,Severe Storm,2006-03-20 00:00:00+00:00,2005-12-18 00:00:00+00:00,2006-01-21 00:00:00+00:00,DR,2024-08-27T18:22:14.800Z,2006,3,1,1.0,6.123233995736766e-17,1.0,6.123233995736766e-17,34.0,92.0,West,65,0,0,0,0.3,0,1,0,0,0,0,0,0,0,0,10.2,19.5,3128.0,7377246.83,443.0,16652.92738148984,596370.77,15.81391120425944,4
5888ba1d-262d-4f16-b5b7-d367bf660fed,8729c325061812f1fba31e949318f394bd754c49,1633,IL,Severe Storm,2006-03-28 00:00:00+00:00,2006-03-11 00:00:00+00:00,2006-03-13 00:00:00+00:00,DR,2024-08-27T18:22:14.800Z,2006,3,1,1.0,6.123233995736766e-17,1.0,6.123233995736766e-17,2.0,17.0,Midwest,44,0,0,0,0.3,0,1,0,0,0,0,0,0,0,0,0.6,13.2,34.0,10844425.75,169.0,64168.19970414201,6314590.84,16.199161842385934,0
44975d35-7fd6-449d-9932-67b2ccea6f41,65939d82f5019237b54475377357c8064ef75c2c,1634,TN,Severe Storm,2006-04-05 00:00:00+00:00,2006-04-02 00:00:00+00:00,2006-04-08 00:00:00+00:00,DR,2024-08-27T18:22:14.800Z,2006,4,2,0.8660254037844387,-0.4999999999999998,1.2246467991473532e-16,-1.0,6.0,3.0,South,45,0,0,0,0.3,0,1,0,0,0,0,0,0,0,0,1.7999999999999998,13.5,18.0,12061764.77,156.0,77319.00493589744,3340675.35,16.30555115396851,3
0814cfb8-a1b4-4174-84fc-9a5bbbdd9aaf,dbf7e0d6383571e0475a8a64fc58e6906e9f9378,1635,MO,Severe Storm,2006-04-05 00:00:00+00:00,2006-03-30 00:00:00+00:00,2006-04-03 00:00:00+00:00,DR,2024-08-27T18:22:14.800Z,2006,4,2,0.8660254037844387,-0.4999999999999998,1.2246467991473532e-16,-1.0,4.0,6.0,Midwest,38,0,0,0,0.3,0,1,0,0,0,0,0,0,0,0,1.2,11.4,24.0,15974386.629999999,88.0,181527.12079545454,6946432.67,16.5864972244728,0
df4cbf6f-2cbf-4387-be8b-9eb89d73275c,b6b14f3595ce075578f8565ec99bcb6da91c2465,1636,AR,Severe Storm,2006-04-12 00:00:00+00:00,2006-04-01 00:00:00+00:00,2006-04-03 00:00:00+00:00,DR,2024-08-27T18:22:14.800Z,2006,4,2,0.8660254037844387,-0.4999999999999998,1.2246467991473532e-16,-1.0,2.0,11.0,South,47,0,0,0,0.3,0,1,0,0,0,0,0,0,0,0,0.6,14.1,22.0,2193337.07,58.0,37816.15637931034,421849.92,14.600935174205526,3
985c0292-1469-4b76-bfb3-921a0f8eab13,bd61cd927aca447cea2c7c8843bf533181cc43fc,1638,KS,Severe Storm,2006-04-13 00:00:00+00:00,2006-03-12 00:00:00+00:00,2006-03-12 00:00:00+00:00,DR,2024-08-27T18:22:14.800Z,2006,4,2,0.8660254037844387,-0.4999999999999998,1.2246467991473532e-16,-1.0,0.0,32.0,Midwest,35,0,0,0,0.3,0,1,0,0,0,0,0,0,0,0,0.0,10.5,0.0,4767552.58,73.0,65308.939452054794,750101.25,15.37734385498821,0
2384db4d-7840-424a-867f-b1499772d38a,e71b83d27baa5addcd775958f6fbc6395f9d8364,1640,HI,Severe Storm,2006-05-02 00:00:00+00:00,2006-02-20 00:00:00+00:00,2006-04-02 00:00:00+00:00,DR,2024-08-27T18:22:14.800Z,2006,5,2,0.49999999999999994,-0.8660254037844387,1.2246467991473532e-16,-1.0,41.0,71.0,West,32,0,0,0,0.3,0,1,0,0,0,0,0,0,0,0,12.299999999999999,9.6,2911.0,7865734.76,134.0,58699.51313432836,3156299.51,15.8780266387323,4
ce1db47f-e5af-45e6-b270-24fd0ea440ba,cb83ec46a65a630b021b6314af097f37e0192f19,3266,CT,Snowstorm,2006-05-02 00:00:00+00:00,2006-02-11 00:00:00+00:00,2006-02-12 00:00:00+00:00,EM,2024-08-27T18:22:14.800Z,2006,5,2,0.49999999999999994,-0.8660254037844387,1.2246467991473532e-16,-1.0,1.0,80.0,Northeast,18,0,0,0,0.15,0,0,0,0,0,1,0,0,0,0,0.15,2.6999999999999997,80.0,9602505.7,160.0,60015.660625,659070.56,16.07753473693692,1
35a08982-a465-44da-88c1-d5614d4407ef,c79ca80381d47c36a6819d92f7514405e86356e2,1641,WA,Severe Storm,2006-05-17 00:00:00+00:00,2006-01-27 00:00:00+00:00,2006-02-04 00:00:00+00:00,DR,2024-08-27T18:22:14.800Z,2006,5,2,0.49999999999999994,-0.8660254037844387,1.2246467991473532e-16,-1.0,8.0,110.0,West,81,0,0,0,0.3,0,1,0,0,0,0,0,0,0,0,2.4,24.3,880.0,6351170.25,162.0,39204.75462962963,562129.55,15.66414980267918,4
03fb0119-8915-4335-a25c-70ce56ee5c8e,7909a38a2b878fff2f72a865f3a50f3e7052a475,1642,MA,Severe Storm,2006-05-25 00:00:00+00:00,2006-05-12 00:00:00+00:00,2006-05-23 00:00:00+00:00,DR,2024-08-27T18:22:14.800Z,2006,5,2,0.49999999999999994,-0.8660254037844387,1.2246467991473532e-16,-1.0,11.0,13.0,Northeast,30,0,0,0,0.3,0,1,0,0,0,0,0,0,0,0,3.3,9.0,143.0,18258928.96,458.0,39866.65711790393,2924612.99,16.720164831194978,1
3036a156-04d3-4a8e-b49c-c087e66bb699,e088a99da6cb8deff79c71e17ee8dd85025b2558,1643,NH,Severe Storm,2006-05-25 00:00:00+00:00,2006-05-12 00:00:00+00:00,2006-05-23 00:00:00+00:00,DR,2024-08-27T18:22:14.800Z,2006,5,2,0.49999999999999994,-0.8660254037844387,1.2246467991473532e-16,-1.0,11.0,13.0,Northeast,26,0,0,0,0.3,0,1,0,0,0,0,0,0,0,0,3.3,7.8,143.0,13974316.87,930.0,15026.147172043009,559080.1,16.452731765080703,1
e19b071b-15e6-4a99-b3ce-08afe6848c92,a5984657154d5dd8c10cc66e6981486ee61b4d3b,1644,ME,Severe Storm,2006-05-25 00:00:00+00:00,2006-05-13 00:00:00+00:00,2006-05-23 00:00:00+00:00,DR,2024-08-27T18:22:14.800Z,2006,5,2,0.49999999999999994,-0.8660254037844387,1.2246467991473532e-16,-1.0,10.0,12.0,Northeast,42,0,0,0,0.3,0,1,0,0,0,0,0,0,0,0,3.0,12.6,120.0,3646570.11,224.0,16279.330848214286,509393.27,15.109297862107551,1
b06b7bb3-f27e-4ce6-8282-48eef999f89d,f556f39a5620d57ffde9be897297c05ed22f648b,1645,ND,Severe Storm,2006-06-05 00:00:00+00:00,2006-03-30 00:00:00+00:00,2006-04-30 00:00:00+00:00,DR,2024-08-27T18:22:14.800Z,2006,6,2,1.2246467991473532e-16,-1.0,1.2246467991473532e-16,-1.0,31.0,67.0,Midwest,39,0,0,0,0.3,0,1,0,0,0,0,0,0,0,0,9.299999999999999,11.7,2077.0,7128130.78,621.0,11478.471465378423,536660.14,15.779559735616209,0
03f2f8a8-f578-418f-b285-ee11a3ac4698,dcb9513753f3eb4650b3c89760f6f27cf7685a25,1646,CA,Severe Storm,2006-06-05 00:00:00+00:00,2006-03-29 00:00:00+00:00,2006-04-16 00:00:00+00:00,DR,2024-08-27T18:22:14.800Z,2006,6,2,1.2246467991473532e-16,-1.0,1.2246467991473532e-16,-1.0,18.0,68.0,West,138,0,0,0,0.3,0,1,0,0,0,0,0,0,0,0,5.3999999999999995,41.4,1224.0,34392152.86,637.0,53990.82081632653,2474067.14,17.353339010863063,4
756eb984-3891-4695-b014-7057a8fb5345,9a855a574c117b67d39075cf60032d1761cae8a7,1647,SD,Severe Storm,2006-06-05 00:00:00+00:00,2006-04-18 00:00:00+00:00,2006-04-20 00:00:00+00:00,DR,2024-08-27T18:22:14.800Z,2006,6,2,1.2246467991473532e-16,-1.0,1.2246467991473532e-16,-1.0,2.0,48.0,Midwest,44,0,0,0,0.3,0,1,0,0,0,0,0,0,0,0,0.6,13.2,96.0,3061272.77,22.0,139148.76227272727,1623779.74,14.93434165202033,0
8d9cb657-602c-4f5f-8e86-5646ba1021c2,bce545f6f9d39f04db2c8c0deebeb5452ae69f41,1648,MN,Flood,2006-06-05 00:00:00+00:00,2006-03-30 00:00:00+00:00,2006-05-03 00:00:00+00:00,DR,2024-08-27T18:22:14.800Z,2006,6,2,1.2246467991473532e-16,-1.0,1.2246467991473532e-16,-1.0,34.0,67.0,Midwest,49,0,0,0,0.44999999999999996,0,0,1,0,0,0,0,0,0,0,15.299999999999999,22.049999999999997,2278.0,6837363.08,520.0,13148.775153846154,480326.78,15.737912846904187,0
683a242b-a1a5-4282-a278-97a0a79b39ed,194ec451ffc5d80078049dc22a87c215605a4c59,1649,PA,Severe Storm,2006-06-30 00:00:00+00:00,2006-06-23 00:00:00+00:00,2006-07-10 00:00:00+00:00,DR,2024-08-27T18:22:14.800Z,2006,6,2,1.2246467991473532e-16,-1.0,1.2246467991473532e-16,-1.0,17.0,7.0,Northeast,45,0,0,0,0.3,0,1,0,0,0,0,0,0,0,0,5.1,13.5,119.0,77310761.32,3553.0,21759.29111173656,1518589.46,18.16334373180942,1
47fd4fea-5ba9-4f56-9485-70d7fe4be4fc,743a2abf59c71bbf356ce0caa9029f66515f68ba,1650,NY,Severe Storm,2006-07-01 00:00:00+00:00,2006-06-26 00:00:00+00:00,2006-07-10 00:00:00+00:00,DR,2024-08-27T18:22:14.800Z,2006,7,3,-0.4999999999999997,-0.8660254037844388,-1.0,-1.8369701987210297e-16,14.0,5.0,Northeast,68,0,0,0,0.3,0,1,0,0,0,0,0,0,0,0,4.2,20.4,70.0,213311546.23,4534.0,47047.09885972651,10794377.33,19.178264318075662,1
fedee858-9f99-4202-99b7-f59e5b0d2f0b,cbd4200778d5c9c232ed2d1054bdb7aff0fca868,1652,MD,Severe Storm,2006-07-02 00:00:00+00:00,2006-06-22 00:00:00+00:00,2006-07-12 00:00:00+00:00,DR,2024-08-27T18:22:14.800Z,2006,7,3,-0.4999999999999997,-0.8660254037844388,-1.0,-1.8369701987210297e-16,20.0,10.0,South,20,0,0,0,0.3,0,1,0,0,0,0,0,0,0,0,6.0,6.0,200.0,8080028.6,193.0,41865.43316062176,2140670.16,15.904906093856905,3
92e2f49c-11b4-48eb-93fd-ca679c7943e0,67a93c49575ce531977a52127b678a9e91e9fa97,1654,DE,Severe Storm,2006-07-05 00:00:00+00:00,2006-06-23 00:00:00+00:00,2006-07-14 00:00:00+00:00,DR,2024-08-27T18:22:14.800Z,2006,7,3,-0.4999999999999997,-0.8660254037844388,-1.0,-1.8369701987210297e-16,21.0,12.0,South,14,0,0,0,0.3,0,1,0,0,0,0,0,0,0,0,6.3,4.2,252.0,516134.43,52.0,9925.662115384615,61203.79,13.154124471267084,3
d12558bf-a2ee-4fd1-bf35-61d6b9a7523c,7faea35e47e8778c7839ecc1aa8b64b86f784ebf,1653,NJ,Severe Storm,2006-07-07 00:00:00+00:00,2006-06-23 00:00:00+00:00,2006-07-10 00:00:00+00:00,DR,2024-08-27T18:22:14.800Z,2006,7,3,-0.4999999999999997,-0.8660254037844388,-1.0,-1.8369701987210297e-16,17.0,14.0,Northeast,32,0,0,0,0.3,0,1,0,0,0,0,0,0,0,0,5.1,9.6,238.0,2191908.48,82.0,26730.591219512196,398837.97,14.600283630576918,1
d4eb9f6a-c00b-46f8-b286-a0abec86a9a5,ac1495c35f0e6aa19d70456a48d69dd82ab85d16,1655,VA,Severe Storm,2006-07-13 00:00:00+00:00,2006-06-23 00:00:00+00:00,2006-07-06 00:00:00+00:00,DR,2024-08-27T18:22:14.800Z,2006,7,3,-0.4999999999999997,-0.8660254037844388,-1.0,-1.8369701987210297e-16,13.0,20.0,South,48,0,0,0,0.3,0,1,0,0,0,0,0,0,0,0,3.9,14.399999999999999,260.0,6950676.79,259.0,26836.589922779924,574349.42,15.754349736526851,3
e3f18dbe-7eb9-44cc-a1ae-4fd948244fa6,cddd1b5e1928bafdeb3b9ad0f84597e1842193c0,3267,MO,Severe Storm,2006-07-21 00:00:00+00:00,2006-07-19 00:00:00+00:00,2006-07-21 00:00:00+00:00,EM,2024-08-27T18:22:14.800Z,2006,7,3,-0.4999999999999997,-0.8660254037844388,-1.0,-1.8369701987210297e-16,2.0,2.0,Midwest,39,0,0,0,0.3,0,1,0,0,0,0,0,0,0,0,0.6,11.7,4.0,10713820.28,190.0,56388.52778947368,1671876.6,16.187045174305755,0
e301defc-e545-4290-8128-c5f4c61d015f,fabd97baf096e68b8292b5db420b6615e64442f1,1656,OH,Severe Storm,2006-08-01 00:00:00+00:00,2006-07-27 00:00:00+00:00,2006-08-04 00:00:00+00:00,DR,2024-08-27T18:22:14.800Z,2006,8,3,-0.8660254037844385,-0.5000000000000004,-1.0,-1.8369701987210297e-16,8.0,5.0,Midwest,46,0,0,0,0.3,0,1,0,0,0,0,0,0,0,0,2.4,13.799999999999999,40.0,7219562.0200000005,306.0,23593.339934640524,588251.14,15.792304985491679,0
8b3390a3-e6d7-43f9-a000-81d3ff10fa63,7d0dd146085dbd94196c57c7f3b5d9ee2ab949f7,1657,AK,Flood,2006-08-04 00:00:00+00:00,2006-05-13 00:00:00+00:00,2006-05-30 00:00:00+00:00,DR,2024-08-27T18:22:14.800Z,2006,8,3,-0.8660254037844385,-0.5000000000000004,-1.0,-1.8369701987210297e-16,17.0,83.0,West,40,0,0,0,0.44999999999999996,0,0,1,0,0,0,0,0,0,0,7.6499999999999995,18.0,1411.0,943496.85,36.0,26208.245833333334,153482.18,13.757349365038808,4
bb970c94-8343-4b77-88c4-82c01ad8278b,c92ee86380c67599b6096ccf6303314f92b7ef78,1658,TX,Severe Storm,2006-08-15 00:00:00+00:00,2006-07-27 00:00:00+00:00,2006-08-25 00:00:00+00:00,DR,2024-08-27T18:22:14.800Z,2006,8,3,-0.8660254037844385,-0.5000000000000004,-1.0,-1.8369701987210297e-16,29.0,19.0,South,220,0,0,0,0.3,0,1,0,0,0,0,0,0,0,0,8.7,66.0,551.0,6908111.29,351.0,19681.22874643875,688359.14,15.748206973183184,3
b0bb9137-a473-4785-af17-30840bc48a62,13a637093b528cfd272dd6531cafd3cb3cd5378e,1659,NM,Severe Storm,2006-08-30 00:00:00+00:00,2006-07-26 00:00:00+00:00,2006-09-18 00:00:00+00:00,DR,2024-08-27T18:22:14.800Z,2006,8,3,-0.8660254037844385,-0.5000000000000004,-1.0,-1.8369701987210297e-16,54.0,35.0,West,50,0,0,0,0.3,0,1,0,0,0,0,0,0,0,0,16.2,15.0,1890.0,31870776.08,1398.0,22797.407782546492,1433594.48,17.277200068901408,4
cbdc6600-418a-4589-9d9d-31f7c4ca5a85,89b6e141d059e5ad44acc9d9380881549b0b263e,1660,AZ,Severe Storm,2006-09-07 00:00:00+00:00,2006-07-25 00:00:00+00:00,2006-08-04 00:00:00+00:00,DR,2024-08-27T18:22:14.800Z,2006,9,3,-1.0,-1.8369701987210297e-16,-1.0,-1.8369701987210297e-16,10.0,44.0,West,57,0,0,0,0.3,0,1,0,0,0,0,0,0,0,0,3.0,17.099999999999998,440.0,10667965.62,295.0,36162.59532203389,1001680.54,16.18275603529527,4
088fd16e-a793-431c-a83d-90f8c3124ed7,cd65cc6f104ea00d0d23088f80addd9692f40828,1661,VA,Severe Storm,2006-09-22 00:00:00+00:00,2006-08-29 00:00:00+00:00,2006-09-07 00:00:00+00:00,DR,2024-08-27T18:22:14.800Z,2006,9,3,-1.0,-1.8369701987210297e-16,-1.0,-1.8369701987210297e-16,9.0,24.0,South,49,0,0,0,0.3,0,1,0,0,0,0,0,0,0,0,2.6999999999999997,14.7,216.0,36752758.56,255.0,144128.46494117647,19520802.56,17.41972387087203,3
a0202717-1fd1-490a-b644-b28803c87793,ec99cfaded499482eb3b94165807fdd5bcbe10c5,1663,AK,Severe Storm,2006-10-16 00:00:00+00:00,2006-08-15 00:00:00+00:00,2006-08-25 00:00:00+00:00,DR,2024-08-27T18:22:14.800Z,2006,10,4,-0.8660254037844386,0.5000000000000001,-2.4492935982947064e-16,1.0,10.0,62.0,West,41,0,0,0,0.3,0,1,0,0,0,0,0,0,0,0,3.0,12.299999999999999,620.0,8998506.91,91.0,98884.69131868132,3885917.64,16.0125693337784,4
7bc2b4ca-40b9-495e-bc81-c40e0e3e4795,f862850fabb2e61add4057405abd0c0ed57a3e8c,1664,HI,Earthquake,2006-10-17 00:00:00+00:00,2006-10-15 00:00:00+00:00,2007-01-15 00:00:00+00:00,DR,2024-08-27T18:22:14.800Z,2006,10,4,-0.8660254037844386,0.5000000000000001,-2.4492935982947064e-16,1.0,92.0,2.0,West,34,0,0,0,0.6,0,0,0,0,0,0,0,0,0,0,55.199999999999996,20.4,184.0,19652355.86,669.0,29375.718774289984,1452831.98,16.793707831071814,4
29aff8f1-6c48-4e65-886f-c8cb92de3a2c,845f528bc5c8f755d45f36d95e67d5d4f02323b0,1665,NY,Severe Storm,2006-10-24 00:00:00+00:00,2006-10-12 00:00:00+00:00,2006-10-25 00:00:00+00:00,DR,2024-08-27T18:22:14.800Z,2006,10,4,-0.8660254037844386,0.5000000000000001,-2.4492935982947064e-16,1.0,13.0,12.0,Northeast,70,0,0,0,0.3,0,1,0,0,0,0,0,0,0,0,3.9,21.0,156.0,140613632.14000002,666.0,211131.5797897898,19390389.75,18.761526496651513,1
2ab4a864-182f-41f5-b6aa-1e30cb72d9ea,1a5b317ca94515a574e9e8bcc7e8962861b73580,1666,AK,Fire,2006-10-27 00:00:00+00:00,2006-08-03 00:00:00+00:00,2006-08-04 00:00:00+00:00,DR,2024-08-27T18:22:14.800Z,2006,10,4,-0.8660254037844386,0.5000000000000001,-2.4492935982947064e-16,1.0,1.0,85.0,West,42,0,0,0,0.3,1,0,0,0,0,0,0,0,0,0,0.3,12.6,85.0,2956693.1,6.0,492782.18333333335,1202102.96,14.899582344041349,4
d1e76b78-8f35-43a3-ba06-240d2bec4732,69a0dbef992016e3bfb156c54898a97a21be9ca0,1667,MO,Severe Storm,2006-11-02 00:00:00+00:00,2006-07-19 00:00:00+00:00,2006-07-21 00:00:00+00:00,DR,2024-08-27T18:22:14.800Z,2006,11,4,-0.5000000000000004,0.8660254037844384,-2.4492935982947064e-16,1.0,2.0,106.0,Midwest,40,0,0,0,0.3,0,1,0,0,0,0,0,0,0,0,0.6,12.0,212.0,636997.42,6.0,106166.23666666668,232862.64,13.364522454174459,0
c1f0f6e1-ff1c-448b-ad2c-e0df0e8ecdab,a5120532e6fdce114ab2443552f6e8be8ca9b715,1668,LA,Severe Storm,2006-11-02 00:00:00+00:00,2006-10-16 00:00:00+00:00,2006-11-08 00:00:00+00:00,DR,2024-08-27T18:22:14.800Z,2006,11,4,-0.5000000000000004,0.8660254037844384,-2.4492935982947064e-16,1.0,23.0,17.0,South,58,0,0,0,0.3,0,1,0,0,0,0,0,0,0,0,6.8999999999999995,17.4,391.0,9711321.03,395.0,24585.622860759493,1650041.38,16.088802982390067,3
6f17e13a-03e4-46a7-bb26-55c0bfd73be7,abcd5bec8d78ab8a2253a2e2345595f7ee659a2c,1669,AK,Severe Storm,2006-12-08 00:00:00+00:00,2006-10-08 00:00:00+00:00,2006-10-13 00:00:00+00:00,DR,2024-08-27T18:22:14.800Z,2006,12,4,-2.4492935982947064e-16,1.0,-2.4492935982947064e-16,1.0,5.0,61.0,West,43,0,0,0,0.3,0,1,0,0,0,0,0,0,0,0,1.5,12.9,305.0,8982879.7,103.0,87212.42427184465,2513468.4,16.010831179481944,4
fe0103bc-2522-42f7-9b23-c1189f649c90,ba60ed90d781aa238c79e32a12783f13f454ec85,1670,NY,Severe Storm,2006-12-12 00:00:00+00:00,2006-11-16 00:00:00+00:00,2006-11-17 00:00:00+00:00,DR,2024-08-27T18:22:14.800Z,2006,12,4,-2.4492935982947064e-16,1.0,-2.4492935982947064e-16,1.0,1.0,26.0,Northeast,71,0,0,0,0.3,0,1,0,0,0,0,0,0,0,0,0.3,21.3,26.0,29389796.53,1192.0,24655.86957214765,3127996.44,17.196158149293453,1
f3f95870-c109-431d-8719-94e6a22de384,86bebf64eedf385b83fd549c88beb63aa260860b,1671,WA,Severe Storm,2006-12-12 00:00:00+00:00,2006-11-02 00:00:00+00:00,2006-11-11 00:00:00+00:00,DR,2024-10-29T13:01:43.933Z,2006,12,4,-2.4492935982947064e-16,1.0,-2.4492935982947064e-16,1.0,9.0,40.0,West,85,0,0,0,0.3,0,1,0,0,0,0,0,0,0,0,2.6999999999999997,25.5,360.0,28608626.59,594.0,48162.67102693603,3584488.86,17.169218894284665,4
958f8cba-cfa2-49a2-a625-843c1452562a,84c980dec356f6d8cf9fe50f8bb7c7187f8be2e2,1672,OR,Severe Storm,2006-12-29 00:00:00+00:00,2006-11-05 00:00:00+00:00,2006-11-08 00:00:00+00:00,DR,2024-08-27T18:22:14.800Z,2006,12,4,-2.4492935982947064e-16,1.0,-2.4492935982947064e-16,1.0,3.0,54.0,West,68,0,0,0,0.3,0,1,0,0,0,0,0,0,0,0,0.8999999999999999,20.4,162.0,4173001.68,161.0,25919.2650931677,857057.13,15.244146401797304,4
8db63f3a-d7d9-4463-b258-9c56b98e027f,7aaab59c9a060dd708e8d635ef9ee35951a550c5,1673,MO,Severe Storm,2006-12-29 00:00:00+00:00,2006-11-30 00:00:00+00:00,2006-12-02 00:00:00+00:00,DR,2024-08-27T18:22:14.800Z,2006,12,4,-2.4492935982947064e-16,1.0,-2.4492935982947064e-16,1.0,2.0,29.0,Midwest,41,0,0,0,0.3,0,1,0,0,0,0,0,0,0,0,0.6,12.299999999999999,58.0,6370236.95,254.0,25079.673031496062,455632.22,15.667147381638742,0
0c87c73d-ba68-4754-9979-e1a019f2a663,4351b8c45f3dc1bef0a715d2ec5aac5f6e29703a,3269,IL,Snowstorm,2006-12-29 00:00:00+00:00,2006-11-30 00:00:00+00:00,2006-12-01 00:00:00+00:00,EM,2024-08-27T18:22:14.800Z,2006,12,4,-2.4492935982947064e-16,1.0,-2.4492935982947064e-16,1.0,1.0,29.0,Midwest,45,0,0,0,0.15,0,0,0,0,0,1,0,0,0,0,0.15,6.75,29.0,6038536.97,664.0,9094.18218373494,349055.65,15.613672482663224,0
2e6cc307-ce39-4462-be97-df5d2c61cfb3,7fab3f8f8c3275614b120b1a3befd4aece5852fb,1674,NE,Severe Storm,2007-01-07 00:00:00+00:00,2006-12-19 00:00:00+00:00,2007-01-01 00:00:00+00:00,DR,2024-08-27T18:22:14.800Z,2007,1,1,0.49999999999999994,0.8660254037844387,1.0,6.123233995736766e-17,13.0,19.0,Midwest,36,0,0,0,0.3,0,1,0,0,0,0,0,0,0,0,3.9,10.799999999999999,247.0,124014666.79,604.0,205322.29600993378,20059170.98,18.635910405202797,0
dc94cc7f-e783-430e-9201-6cc9cf6590f8,67c0ffa9135044ef7d6677d03419c31685a249b3,1675,KS,Severe Storm,2007-01-07 00:00:00+00:00,2006-12-28 00:00:00+00:00,2006-12-31 00:00:00+00:00,DR,2024-08-27T18:22:14.800Z,2007,1,1,0.49999999999999994,0.8660254037844387,1.0,6.123233995736766e-17,3.0,10.0,Midwest,36,0,0,0,0.3,0,1,0,0,0,0,0,0,0,0,0.8999999999999999,10.799999999999999,30.0,237131447.59,543.0,436706.1649907919,51636976.22,19.284125180746884,0
72fb2598-35fc-4cc8-b14a-4867367a71b8,6b45d5de1f587cd7dd3559f7c777e3302e904524,3270,CO,Snowstorm,2007-01-07 00:00:00+00:00,2006-12-18 00:00:00+00:00,2006-12-22 00:00:00+00:00,EM,2024-08-27T18:22:14.800Z,2007,1,1,0.49999999999999994,0.8660254037844387,1.0,6.123233995736766e-17,4.0,20.0,West,58,0,0,0,0.15,0,0,0,0,0,1,0,0,0,0,0.6,8.7,80.0,8339520.68,264.0,31589.093484848483,503430.7,15.936516420172225,4
1dbb1e5b-d82f-4d0b-8bb3-140dbda0864f,50da94c1da37d616b73376817116282ceb4c1285,3271,CO,Snowstorm,2007-01-07 00:00:00+00:00,2006-12-28 00:00:00+00:00,2006-12-31 00:00:00+00:00,EM,2024-08-27T18:22:14.800Z,2007,1,1,0.49999999999999994,0.8660254037844387,1.0,6.123233995736766e-17,3.0,10.0,West,59,0,0,0,0.15,0,0,0,0,0,1,0,0,0,0,0.44999999999999996,8.85,30.0,1271378.02,86.0,14783.46534883721,183691.38,14.055612711853879,4
ee01f3df-0b4c-463d-8fd7-25a2edb9a82a,15a1bcdec1e4f72081c6b1730213e32912b4f2e8,3272,OK,Severe Ice Storm,2007-01-14 00:00:00+00:00,2007-01-12 00:00:00+00:00,2007-01-26 00:00:00+00:00,EM,2024-08-27T18:22:14.800Z,2007,1,1,0.49999999999999994,0.8660254037844387,1.0,6.123233995736766e-17,14.0,2.0,South,96,0,0,0,0.3,0,0,0,0,0,0,0,1,0,0,4.2,28.799999999999997,28.0,2045828.51,47.0,43528.266170212766,678164.99,14.531313893575954,3
660c2d6e-fb88-4360-b667-ceb689db2b6b,c504f519031a758285ba26d48821f57921352e5f,1676,MO,Severe Ice Storm,2007-01-15 00:00:00+00:00,2007-01-12 00:00:00+00:00,2007-01-22 00:00:00+00:00,DR,2024-08-27T18:22:14.800Z,2007,1,1,0.49999999999999994,0.8660254037844387,1.0,6.123233995736766e-17,10.0,3.0,Midwest,42,0,0,0,0.3,0,0,0,0,0,0,0,1,0,0,3.0,12.6,30.0,104252242.4,1003.0,103940.42113659023,21707534.64,18.462323937836107,0
c1e6982e-358c-4b83-8efc-b2d57c63cdd2,11bc974c07a1ca4077dc59aa63da01c1689cad0c,1677,OK,Severe Storm,2007-02-01 00:00:00+00:00,2006-12-28 00:00:00+00:00,2006-12-30 00:00:00+00:00,DR,2024-08-27T18:22:14.800Z,2007,2,1,0.8660254037844386,0.5000000000000001,1.0,6.123233995736766e-17,2.0,35.0,South,97,0,0,0,0.3,0,1,0,0,0,0,0,0,0,0,0.6,29.099999999999998,70.0,6593706.76,80.0,82421.3345,2019020.03,15.701626382553744,3
48b8c5b1-4526-4e67-bf29-c348ad76d989,c55399eb174247723dc3c461f3c4686c54419d61,1678,OK,Severe Storm,2007-02-01 00:00:00+00:00,2007-01-12 00:00:00+00:00,2007-01-26 00:00:00+00:00,DR,2026-07-20T21:43:12.371Z,2007,2,1,0.8660254037844386,0.5000000000000001,1.0,6.123233995736766e-17,14.0,20.0,South,98,0,0,0,0.3,0,1,0,0,0,0,0,0,0,0,4.2,29.4,280.0,74055206.46,1164.0,63621.31139175257,4518545.83,18.120321419770654,3
46d11768-9206-46dd-ae3a-e10c819469a2,27de4c851ed5870dcf825e91ea3914d61e197432,1679,FL,Severe Storm,2007-02-03 00:00:00+00:00,2007-02-01 00:00:00+00:00,2007-02-02 00:00:00+00:00,DR,2024-08-27T18:22:14.800Z,2007,2,1,0.8660254037844386,0.5000000000000001,1.0,6.123233995736766e-17,1.0,2.0,South,115,0,0,0,0.3,0,1,0,0,0,0,0,0,0,0,0.3,34.5,2.0,9961543.04,134.0,74339.87343283581,1689259.13,16.11424264164217,3
181061bf-6385-4ae7-9546-9b8b81a25631,cb8fb2df6021bdebec68eeab2caf182d3569c77c,1681,IL,Severe Ice Storm,2007-02-09 00:00:00+00:00,2006-11-30 00:00:00+00:00,2006-12-01 00:00:00+00:00,DR,2024-08-27T18:22:14.800Z,2007,2,1,0.8660254037844386,0.5000000000000001,1.0,6.123233995736766e-17,1.0,71.0,Midwest,46,0,0,0,0.3,0,0,0,0,0,0,0,1,0,0,0.3,13.799999999999999,71.0,21424614.490000002,758.0,28264.662915567285,1519484.87,16.880051075495942,0
277daffb-38e0-467b-889c-7e6acda4fba4,b87770fbd7225036846126f724f779c8d37db4d3,1682,WA,Severe Storm,2007-02-14 00:00:00+00:00,2006-12-14 00:00:00+00:00,2006-12-15 00:00:00+00:00,DR,2024-08-27T18:22:14.800Z,2007,2,1,0.8660254037844386,0.5000000000000001,1.0,6.123233995736766e-17,1.0,62.0,West,86,0,0,0,0.3,0,1,0,0,0,0,0,0,0,0,0.3,25.8,62.0,29676267.92,615.0,48254.09417886179,3929680.89,17.20585825811867,4
bbd1a35e-10d9-48ca-8088-0971fd643fbc,73d69c3bc842b7058893af7c12b54bf056813c3b,1683,OR,Severe Storm,2007-02-22 00:00:00+00:00,2006-12-14 00:00:00+00:00,2006-12-15 00:00:00+00:00,DR,2024-08-27T18:22:14.800Z,2007,2,1,0.8660254037844386,0.5000000000000001,1.0,6.123233995736766e-17,1.0,70.0,West,69,0,0,0,0.3,0,1,0,0,0,0,0,0,0,0,0.3,20.7,70.0,4935183.66,122.0,40452.32508196722,2044098.74,15.411900648589382,4
018e40b3-c643-4c2b-bd94-b08bfea1fa30,7db4ee13118cbb0ff80dd8553bc76acb8b3fdb87,1684,PA,Severe Storm,2007-02-23 00:00:00+00:00,2006-11-16 00:00:00+00:00,2006-11-17 00:00:00+00:00,DR,2024-08-27T18:22:14.800Z,2007,2,1,0.8660254037844386,0.5000000000000001,1.0,6.123233995736766e-17,1.0,99.0,Northeast,46,0,0,0,0.3,0,1,0,0,0,0,0,0,0,0,0.3,13.799999999999999,99.0,9454444.87,607.0,15575.691713344315,939008.63,16.061995651271033,1
f020479e-7a79-4968-ac63-0d0e62e02515,428ed55d6ee77b0d558c220bc61e6832a2c13cdd,3273,NY,Snowstorm,2007-02-23 00:00:00+00:00,2007-02-02 00:00:00+00:00,2007-02-12 00:00:00+00:00,EM,2024-08-27T18:22:14.800Z,2007,2,1,0.8660254037844386,0.5000000000000001,1.0,6.123233995736766e-17,10.0,21.0,Northeast,72,0,0,0,0.15,0,0,0,0,0,1,0,0,0,0,1.5,10.799999999999999,210.0,2542939.03,160.0,15893.3689375,469426.0,14.748831461743176,1
83c1d464-e507-4717-a639-d2048c657059,bb0a8fd53d07215f17761f39dd98e2bb440fa5c4,1686,GA,Severe Storm,2007-03-03 00:00:00+00:00,2007-03-01 00:00:00+00:00,2007-03-02 00:00:00+00:00,DR,2026-07-20T21:43:12.371Z,2007,3,1,1.0,6.123233995736766e-17,1.0,6.123233995736766e-17,1.0,2.0,South,38,0,0,0,0.3,0,1,0,0,0,0,0,0,0,0,0.3,11.4,2.0,50146663.39,163.0,307648.2416564417,18110336.08,17.73046255749814,3
3269db7f-d050-438f-81df-3770ce3dc529,38171d60081a1d32c557e972e88e0df345d03f6e,1687,AL,Severe Storm,2007-03-03 00:00:00+00:00,2007-03-01 00:00:00+00:00,2007-03-01 00:00:00+00:00,DR,2026-07-20T21:43:12.371Z,2007,3,1,1.0,6.123233995736766e-17,1.0,6.123233995736766e-17,0.0,2.0,South,63,0,0,0,0.3,0,1,0,0,0,0,0,0,0,0,0.0,18.9,0.0,10270317.350000001,78.0,131670.73525641026,6498031.24,16.144768579476892,3
18e910ec-6735-4044-9981-c4022cd13902,9fb3cf616db109ff4627779a04ccc04200b043e7,3274,IN,Snowstorm,2007-03-12 00:00:00+00:00,2007-02-12 00:00:00+00:00,2007-02-14 00:00:00+00:00,EM,2024-08-27T18:22:14.800Z,2007,3,1,1.0,6.123233995736766e-17,1.0,6.123233995736766e-17,2.0,28.0,Midwest,38,0,0,0,0.15,0,0,0,0,0,1,0,0,0,0,0.3,5.7,56.0,8824697.6,458.0,19267.89868995633,653490.44,15.993065007225905,0
1a2574e0-2e34-4702-8c69-d88c42ab701f,cbcaa484d216e167776c4762f405394bb66e8e16,1688,IA,Severe Storm,2007-03-14 00:00:00+00:00,2007-02-23 00:00:00+00:00,2007-03-02 00:00:00+00:00,DR,2025-09-17T18:01:14.464Z,2007,3,1,1.0,6.123233995736766e-17,1.0,6.123233995736766e-17,7.0,19.0,Midwest,37,0,0,0,0.3,0,1,0,0,0,0,0,0,0,0,2.1,11.1,133.0,63865019.49,977.0,65368.49487205732,1384025.59,17.97228235929197,0
89626937-0466-4ea1-95e0-6b53d147bd6e,ad61c71d1a12def827b248112ff07628295fc525,3275,IA,Snowstorm,2007-03-30 00:00:00+00:00,2007-02-28 00:00:00+00:00,2007-03-02 00:00:00+00:00,EM,2024-08-27T18:22:14.800Z,2007,3,1,1.0,6.123233995736766e-17,1.0,6.123233995736766e-17,2.0,30.0,Midwest,38,0,0,0,0.15,0,0,0,0,0,1,0,0,0,0,0.3,5.7,60.0,2725691.07,247.0,11035.186518218623,184463.29,14.818232924476598,0
8bf1a3e8-79b9-4bdd-b7e0-b3fb33a93bdb,809c6d02783761abef9dc4732248d827c7d1ba75,1691,ME,Flood,2007-04-20 00:00:00+00:00,2007-03-16 00:00:00+00:00,2007-03-18 00:00:00+00:00,DR,2024-08-27T18:22:14.800Z,2007,4,2,0.8660254037844387,-0.4999999999999998,1.2246467991473532e-16,-1.0,2.0,35.0,Northeast,43,0,0,0,0.44999999999999996,0,0,1,0,0,0,0,0,0,0,0.8999999999999999,19.349999999999998,70.0,1195568.73,235.0,5087.526510638298,43566.77,13.994133391239368,1
15a538a4-58ad-4808-bc57-b5f324085feb,8bf59b0fa7c113582a951680b0585654316f1e00,1692,NY,Severe Storm,2007-04-24 00:00:00+00:00,2007-04-14 00:00:00+00:00,2007-04-18 00:00:00+00:00,DR,2024-08-27T18:22:14.800Z,2007,4,2,0.8660254037844387,-0.4999999999999998,1.2246467991473532e-16,-1.0,4.0,10.0,Northeast,73,0,0,0,0.3,0,1,0,0,0,0,0,0,0,0,1.2,21.9,40.0,83482538.65,2105.0,39659.163254156774,6642258.9,18.240148061967353,1
e1837682-635e-4761-a82e-d2e15e295603,78a99737dd5dcb664332923bdf8b261e062f2548,1693,ME,Severe Storm,2007-04-25 00:00:00+00:00,2007-04-15 00:00:00+00:00,2007-04-23 00:00:00+00:00,DR,2024-08-27T18:22:14.800Z,2007,4,2,0.8660254037844387,-0.4999999999999998,1.2246467991473532e-16,-1.0,8.0,10.0,Northeast,44,0,0,0,0.3,0,1,0,0,0,0,0,0,0,0,2.4,13.2,80.0,25055582.16,1714.0,14618.192625437572,2206994.57,17.03660724129967,1
a4be8d6b-8123-40db-976d-fe0f69aff7c4,9793a207030bdb355371e1db06d3110327e87a37,1694,NJ,Severe Storm,2007-04-26 00:00:00+00:00,2007-04-14 00:00:00+00:00,2007-04-20 00:00:00+00:00,DR,2024-08-27T18:22:14.800Z,2007,4,2,0.8660254037844387,-0.4999999999999998,1.2246467991473532e-16,-1.0,6.0,12.0,Northeast,33,0,0,0,0.3,0,1,0,0,0,0,0,0,0,0,1.7999999999999998,9.9,72.0,17687102.86,1184.0,14938.431469594594,1450329.2,16.68834633650915,1
a674e70c-ec96-4d32-ae3d-8b3799c59bb8,46a0fb4d7c5b9607ad128b9645fc8cb6b04a2343,1695,NH,Severe Storm,2007-04-27 00:00:00+00:00,2007-04-15 00:00:00+00:00,2007-04-23 00:00:00+00:00,DR,2024-08-27T18:22:14.800Z,2007,4,2,0.8660254037844387,-0.4999999999999998,1.2246467991473532e-16,-1.0,8.0,12.0,Northeast,27,0,0,0,0.3,0,1,0,0,0,0,0,0,0,0,2.4,8.1,96.0,22478136.29,1846.0,12176.671879739977,1130342.74,16.928053718791496,1
9da287dc-26f7-4c12-8779-49ea5ff63993,10496b740d073cf39bd971ba5df49fad5796df7e,1696,WV,Severe Storm,2007-05-01 00:00:00+00:00,2007-04-14 00:00:00+00:00,2007-04-18 00:00:00+00:00,DR,2024-08-27T18:22:14.800Z,2007,5,2,0.49999999999999994,-0.8660254037844387,1.2246467991473532e-16,-1.0,4.0,17.0,South,46,0,0,0,0.3,0,1,0,0,0,0,0,0,0,0,1.2,13.799999999999999,68.0,6534764.56,323.0,20231.46922600619,489681.38,15.692647029875147,3
7d2579b4-7daa-48ef-aabd-005b014ff16f,bc351fd65adf4e31c68bf3ff7a398a63806a5235,1698,VT,Severe Storm,2007-05-04 00:00:00+00:00,2007-04-15 00:00:00+00:00,2007-04-21 00:00:00+00:00,DR,2024-08-27T18:22:14.800Z,2007,5,2,0.49999999999999994,-0.8660254037844387,1.2246467991473532e-16,-1.0,6.0,19.0,Northeast,24,0,0,0,0.3,0,1,0,0,0,0,0,0,0,0,1.7999999999999998,7.199999999999999,114.0,3447719.88,205.0,16818.14575609756,379948.85,15.053223956212888,1
5be7845f-cb8d-4764-bd1d-723f9f3fe7d8,881cc6e4de0c9e534d1920e004b3116ee06d4465,1699,KS,Severe Storm,2007-05-06 00:00:00+00:00,2007-05-04 00:00:00+00:00,2007-06-01 00:00:00+00:00,DR,2024-08-27T18:22:14.800Z,2007,5,2,0.49999999999999994,-0.8660254037844387,1.2246467991473532e-16,-1.0,28.0,2.0,Midwest,37,0,0,0,0.3,0,1,0,0,0,0,0,0,0,0,8.4,11.1,56.0,86661739.02,1226.0,70686.57342577487,16947407.18,18.277523052772825,0
5d35068f-af7d-4b0a-92d4-b985cd94c52b,31c2deaa323e3c0704fbe6a69b9895371303c90d,1700,CT,Severe Storm,2007-05-11 00:00:00+00:00,2007-04-15 00:00:00+00:00,2007-04-27 00:00:00+00:00,DR,2024-08-27T18:22:14.800Z,2007,5,2,0.49999999999999994,-0.8660254037844387,1.2246467991473532e-16,-1.0,12.0,26.0,Northeast,19,0,0,0,0.3,0,1,0,0,0,0,0,0,0,0,3.5999999999999996,5.7,312.0,4693509.55,295.0,15910.20186440678,1026435.92,15.361691378546153,1
79bb1149-1d77-4b98-a7f9-397bf3cc5f3d,1d14b8042d22313701cbcf8a7bb652ca70b6b14b,1701,MA,Severe Storm,2007-05-16 00:00:00+00:00,2007-04-15 00:00:00+00:00,2007-04-25 00:00:00+00:00,DR,2024-08-27T18:22:14.800Z,2007,5,2,0.49999999999999994,-0.8660254037844387,1.2246467991473532e-16,-1.0,10.0,31.0,Northeast,31,0,0,0,0.3,0,1,0,0,0,0,0,0,0,0,3.0,9.299999999999999,310.0,7948413.42,571.0,13920.16360770578,326133.31,15.888483022713753,1
94e843db-622e-4dc3-9123-12c794728ac3,587c2e92b9bb282b0593d1d16b13f1d2dd1d9df5,1702,SD,Severe Storm,2007-05-22 00:00:00+00:00,2007-05-04 00:00:00+00:00,2007-06-08 00:00:00+00:00,DR,2024-08-27T18:22:14.800Z,2007,5,2,0.49999999999999994,-0.8660254037844387,1.2246467991473532e-16,-1.0,35.0,18.0,Midwest,46,0,0,0,0.3,0,1,0,0,0,0,0,0,0,0,10.5,13.799999999999999,630.0,5909837.06,1226.0,4820.421745513866,176465.8,15.592128987991638,0
8690cfea-6e5c-4d6f-ab8c-ee0231002a8f,f2b2a5d2cd7f066e17aec790a69dc315b6feb0f8,1703,KY,Severe Storm,2007-05-25 00:00:00+00:00,2007-04-14 00:00:00+00:00,2007-04-15 00:00:00+00:00,DR,2024-08-27T18:22:14.800Z,2007,5,2,0.49999999999999994,-0.8660254037844387,1.2246467991473532e-16,-1.0,1.0,41.0,South,53,0,0,0,0.3,0,1,0,0,0,0,0,0,0,0,0.3,15.899999999999999,41.0,3201090.43,306.0,10461.079836601308,162531.64,14.979002381493165,3
263a9bfe-5a95-4beb-8345-f7eeef32bb12,d820f95c1cfa4dc4af82f264ae5e4b22819ebb69,1704,RI,Severe Storm,2007-05-25 00:00:00+00:00,2007-04-15 00:00:00+00:00,2007-04-16 00:00:00+00:00,DR,2024-08-27T18:22:14.800Z,2007,5,2,0.49999999999999994,-0.8660254037844387,1.2246467991473532e-16,-1.0,1.0,40.0,Northeast,13,0,0,0,0.3,0,1,0,0,0,0,0,0,0,0,0.3,3.9,40.0,575197.44,20.0,28759.871999999996,455421.0,13.262470373285158,1
aff060e4-1c4d-42a0-98bf-b71aeef5bf47,e68117fa41885b2cee3f2e829341f61f390026e7,1705,IA,Severe Storm,2007-05-25 00:00:00+00:00,2007-05-05 00:00:00+00:00,2007-05-07 00:00:00+00:00,DR,2024-08-27T18:22:14.800Z,2007,5,2,0.49999999999999994,-0.8660254037844387,1.2246467991473532e-16,-1.0,2.0,20.0,Midwest,39,0,0,0,0.3,0,1,0,0,0,0,0,0,0,0,0.6,11.7,40.0,11723545.13,766.0,15304.889203655353,414513.1,16.277109867166935,0
4ff251fc-a1cb-4ccb-bfe9-28769a5a8151,7ef3c48cbb0f682e3963a640ef06f33aa3cf0fc0,1706,NE,Severe Storm,2007-06-06 00:00:00+00:00,2007-05-04 00:00:00+00:00,2007-05-19 00:00:00+00:00,DR,2024-08-27T18:22:14.800Z,2007,6,2,1.2246467991473532e-16,-1.0,1.2246467991473532e-16,-1.0,15.0,33.0,Midwest,37,0,0,0,0.3,0,1,0,0,0,0,0,0,0,0,4.5,11.1,495.0,5857153.09,426.0,13749.185657276996,410009.85,15.583174393416307,0
ec115be7-f833-410f-869d-b93d4f4a8c3c,efca32c84851e1796ea9f12511edbdfd1b62a6ae,1707,OK,Severe Storm,2007-06-07 00:00:00+00:00,2007-05-04 00:00:00+00:00,2007-05-11 00:00:00+00:00,DR,2024-08-27T18:22:14.800Z,2007,6,2,1.2246467991473532e-16,-1.0,1.2246467991473532e-16,-1.0,7.0,34.0,South,99,0,0,0,0.3,0,1,0,0,0,0,0,0,0,0,2.1,29.7,238.0,5664828.1,536.0,10568.709141791043,290085.0,15.549787284292808,3
7ba02983-80d8-4dca-a270-c2a09ecf4bca,a0ca5099d6b96fc4200bd929056bba44ade4c9ca,1708,MO,Severe Storm,2007-06-11 00:00:00+00:00,2007-05-05 00:00:00+00:00,2007-05-18 00:00:00+00:00,DR,2024-08-27T18:22:14.800Z,2007,6,2,1.2246467991473532e-16,-1.0,1.2246467991473532e-16,-1.0,13.0,37.0,Midwest,43,0,0,0,0.3,0,1,0,0,0,0,0,0,0,0,3.9,12.9,481.0,7318967.31,693.0,10561.280389610389,345476.25,15.805979934747512,0
148887aa-d7de-4594-bc0c-395e7e0fd17a,9219c7ee9f720d2ae405d8079e1cb46c42975f0c,1709,TX,Severe Storm,2007-06-29 00:00:00+00:00,2007-06-16 00:00:00+00:00,2007-08-03 00:00:00+00:00,DR,2024-08-27T18:22:14.800Z,2007,6,2,1.2246467991473532e-16,-1.0,1.2246467991473532e-16,-1.0,48.0,13.0,South,226,0,0,0,0.3,0,1,0,0,0,0,0,0,0,0,14.399999999999999,67.8,624.0,63185325.87,4117.0,15347.419448627641,519806.63,17.96158266238303,3
bca7aad2-da7c-484e-ae72-ce9d9836a0f3,db20983fb251d870cd7ed6ce6fd95b2204511347,1710,NY,Severe Storm,2007-07-02 00:00:00+00:00,2007-06-19 00:00:00+00:00,2007-06-19 00:00:00+00:00,DR,2024-08-27T18:22:14.800Z,2007,7,3,-0.4999999999999997,-0.8660254037844388,-1.0,-1.8369701987210297e-16,0.0,13.0,Northeast,74,0,0,0,0.3,0,1,0,0,0,0,0,0,0,0,0.0,22.2,0.0,12447804.13,138.0,90201.47920289855,2114313.89,16.337054870554123,1
3a6a7bbf-a1ed-46f7-bbdb-67736b39f291,61c827b325b6383830b3761ca01e7d4134460138,1711,KS,Severe Storm,2007-07-02 00:00:00+00:00,2007-06-26 00:00:00+00:00,2007-07-25 00:00:00+00:00,DR,2025-09-17T18:01:14.464Z,2007,7,3,-0.4999999999999997,-0.8660254037844388,-1.0,-1.8369701987210297e-16,29.0,6.0,Midwest,38,0,0,0,0.3,0,1,0,0,0,0,0,0,0,0,8.7,11.4,174.0,30962233.599999998,774.0,40002.885788113694,4448124.18,17.24827878108375,0
a867a0c3-3c23-492c-ab13-4f63de91ff3e,034cfba7a991cbe19d23b0dc38c51e0471d1f31f,1712,OK,Severe Storm,2007-07-07 00:00:00+00:00,2007-06-10 00:00:00+00:00,2007-07-25 00:00:00+00:00,DR,2024-08-27T18:22:14.800Z,2007,7,3,-0.4999999999999997,-0.8660254037844388,-1.0,-1.8369701987210297e-16,45.0,27.0,South,100,0,0,0,0.3,0,1,0,0,0,0,0,0,0,0,13.5,30.0,1215.0,23327387.46,1905.0,12245.347748031496,737840.14,16.965138698597798,3
f2479725-2b52-4dab-9e7a-51eb26c5b0e9,98a4886feb934aefd8c793f83a93610858e6d5fe,1713,ND,Severe Storm,2007-07-17 00:00:00+00:00,2007-06-02 00:00:00+00:00,2007-06-18 00:00:00+00:00,DR,2024-08-27T18:22:14.800Z,2007,7,3,-0.4999999999999997,-0.8660254037844388,-1.0,-1.8369701987210297e-16,16.0,45.0,Midwest,40,0,0,0,0.3,0,1,0,0,0,0,0,0,0,0,4.8,12.0,720.0,2844170.47,394.0,7218.706776649747,484737.89,14.860782359930264,0
a57b4945-f21f-4043-b522-eef090fdf7ca,c9e842e97002cc9d7c1d6b63829acdf4aeb6ffb1,1714,NE,Severe Storm,2007-07-24 00:00:00+00:00,2007-05-28 00:00:00+00:00,2007-06-02 00:00:00+00:00,DR,2024-08-27T18:22:14.800Z,2007,7,3,-0.4999999999999997,-0.8660254037844388,-1.0,-1.8369701987210297e-16,5.0,57.0,Midwest,38,0,0,0,0.3,0,1,0,0,0,0,0,0,0,0,1.5,11.4,285.0,2199002.96,196.0,11219.402857142857,68283.78,14.603515070353831,0
52aa81f5-f4b6-4e48-b77a-fd579a909b6f,dcd8eff7985f728caeeb7a715fb83cf691f349cd,3276,FM,Drought,2007-07-31 00:00:00+00:00,2007-03-05 00:00:00+00:00,2007-11-02 00:00:00+00:00,EM,2024-08-27T18:22:14.800Z,2007,7,3,-0.4999999999999997,-0.8660254037844388,-1.0,-1.8369701987210297e-16,242.0,148.0,Other,20,0,0,0,0.15,0,0,0,0,0,0,0,0,0,1,36.3,3.0,35816.0,73991.65,1.0,73991.65,73991.65,11.211721042928994,2
512821ee-96a7-4879-bda6-c46d18edb2da,14311eb4090b7888afc7e655c8b29f8da6842813,1715,VT,Severe Storm,2007-08-03 00:00:00+00:00,2007-07-09 00:00:00+00:00,2007-07-11 00:00:00+00:00,DR,2024-08-27T18:22:14.800Z,2007,8,3,-0.8660254037844385,-0.5000000000000004,-1.0,-1.8369701987210297e-16,2.0,25.0,Northeast,25,0,0,0,0.3,0,1,0,0,0,0,0,0,0,0,0.6,7.5,50.0,4762500.01,270.0,17638.888925925927,924319.63,15.37628351049056,1
ed039816-eb08-47ca-ac4d-9c88711b206a,284525d0bdc50d83da04ecfe041f6735683fc4a2,1716,ME,Severe Storm,2007-08-08 00:00:00+00:00,2007-07-11 00:00:00+00:00,2007-07-12 00:00:00+00:00,DR,2024-08-27T18:22:14.800Z,2007,8,3,-0.8660254037844385,-0.5000000000000004,-1.0,-1.8369701987210297e-16,1.0,28.0,Northeast,45,0,0,0,0.3,0,1,0,0,0,0,0,0,0,0,0.3,13.5,28.0,1628206.51,22.0,74009.38681818183,1372875.01,14.30299028056685,1
37d1b932-ba7d-4ca3-b9ea-dfafe4ceeb31,79ef67578358a36701f7f49d3986ba828e10c7b1,3277,TX,Hurricane,2007-08-18 00:00:00+00:00,2007-08-17 00:00:00+00:00,2007-09-05 00:00:00+00:00,EM,2024-08-27T18:22:14.800Z,2007,8,3,-0.8660254037844385,-0.5000000000000004,-1.0,-1.8369701987210297e-16,19.0,1.0,South,227,0,0,0,0.6,0,0,0,1,0,0,0,0,0,0,11.4,136.2,19.0,15132841.25,75.0,201771.21666666667,1722000.0,16.532377923376412,3
0d8fc3cd-69c1-4345-9e79-f6bbce7a2b74,bc163eb8a1a6c56dead1a63bbf0577130d9bbd43,3278,MN,Other,2007-08-21 00:00:00+00:00,2007-08-01 00:00:00+00:00,2007-08-15 00:00:00+00:00,EM,2024-08-27T18:22:14.800Z,2007,8,3,-0.8660254037844385,-0.5000000000000004,-1.0,-1.8369701987210297e-16,14.0,20.0,Midwest,50,0,0,0,0.0,0,0,0,0,0,0,0,0,0,0,0.0,0.0,280.0,3472568.81,55.0,63137.614727272725,615832.82,15.060405457080266,0
52d78794-d6b2-4afd-8efd-9c55d35aaaec,0f11f7436ee414867f451cd8b135c4c538928712,1717,MN,Severe Storm,2007-08-23 00:00:00+00:00,2007-08-18 00:00:00+00:00,2007-08-31 00:00:00+00:00,DR,2024-08-27T18:22:14.800Z,2007,8,3,-0.8660254037844385,-0.5000000000000004,-1.0,-1.8369701987210297e-16,13.0,5.0,Midwest,51,0,0,0,0.3,0,1,0,0,0,0,0,0,0,0,3.9,15.299999999999999,65.0,30513559.41,932.0,32739.870611587983,1330965.0,17.2336817463773,0
dd0ffb30-28cd-46f7-bba8-0b8e495ff8b3,72cf84b77c8d45f6ebf837667b68fe6cc267fa55,1718,OK,Severe Storm,2007-08-24 00:00:00+00:00,2007-08-18 00:00:00+00:00,2007-09-12 00:00:00+00:00,DR,2024-08-27T18:22:14.800Z,2007,8,3,-0.8660254037844385,-0.5000000000000004,-1.0,-1.8369701987210297e-16,25.0,6.0,South,101,0,0,0,0.3,0,1,0,0,0,0,0,0,0,0,7.5,30.299999999999997,150.0,15336180.27,1155.0,13278.078155844156,775962.88,16.54572538353865,3
4b1f360a-efd1-430d-95ae-015bfbecd6cd,d62d06edb87fef11bacd46cdbb1ab3a2ae201791,1719,WI,Severe Storm,2007-08-26 00:00:00+00:00,2007-08-18 00:00:00+00:00,2007-08-31 00:00:00+00:00,DR,2024-08-27T18:22:14.800Z,2007,8,3,-0.8660254037844385,-0.5000000000000004,-1.0,-1.8369701987210297e-16,13.0,8.0,Midwest,37,0,0,0,0.3,0,1,0,0,0,0,0,0,0,0,3.9,11.1,104.0,9915705.74,660.0,15023.796575757577,434665.56,16.109630597274716,0
c911001f-8361-43d6-9727-70b3abcaf90c,e209f104155d3985dccbaf7e279ec711bf4fd760,1720,OH,Severe Storm,2007-08-27 00:00:00+00:00,2007-08-20 00:00:00+00:00,2007-08-28 00:00:00+00:00,DR,2024-08-27T18:22:14.800Z,2007,8,3,-0.8660254037844385,-0.5000000000000004,-1.0,-1.8369701987210297e-16,8.0,7.0,Midwest,47,0,0,0,0.3,0,1,0,0,0,0,0,0,0,0,2.4,14.1,56.0,10489717.2,409.0,25647.230317848407,1339014.08,16.16590611633195,0
0fbe2b76-65e8-43bc-9557-9517e77c2f02,d5bba3299f6e242def093cd831fd19c4200b9846,1721,NE,Severe Storm,2007-08-29 00:00:00+00:00,2007-06-11 00:00:00+00:00,2007-06-16 00:00:00+00:00,DR,2024-08-27T18:22:14.800Z,2007,8,3,-0.8660254037844385,-0.5000000000000004,-1.0,-1.8369701987210297e-16,5.0,79.0,Midwest,39,0,0,0,0.3,0,1,0,0,0,0,0,0,0,0,1.5,11.7,395.0,1251675.83,75.0,16689.011066666666,212149.05,14.03999467431951,0
cab9b736-2cb6-4967-80b9-eb0a5ab843ff,9d4208feba8478c0bc23d6f5ed53c5e8ac5f23c0,1723,OK,Severe Storm,2007-08-31 00:00:00+00:00,2007-05-24 00:00:00+00:00,2007-06-01 00:00:00+00:00,DR,2024-08-27T18:22:14.800Z,2007,8,3,-0.8660254037844385,-0.5000000000000004,-1.0,-1.8369701987210297e-16,8.0,99.0,South,102,0,0,0,0.3,0,1,0,0,0,0,0,0,0,0,2.4,30.599999999999998,792.0,1228382.92,155.0,7925.051096774193,73829.57,14.021209977264494,3
6ffbf6a9-3822-4359-8b79-6ae263558f69,779ea5f118dbf746965a3f280e02ac8a2ef37ce5,1725,ND,Severe Storm,2007-09-07 00:00:00+00:00,2007-07-15 00:00:00+00:00,2007-07-15 00:00:00+00:00,DR,2024-08-27T18:22:14.800Z,2007,9,3,-1.0,-1.8369701987210297e-16,-1.0,-1.8369701987210297e-16,0.0,54.0,Midwest,41,0,0,0,0.3,0,1,0,0,0,0,0,0,0,0,0.0,12.299999999999999,0.0,698192.84,12.0,58182.736666666664,603742.96,13.456252050927244,0
eaa0fee2-b01d-4292-b99d-83873ba45756,042333382a8d1fc2a3a1fc3ff2c8b0c1552ea2d4,1726,ND,Severe Storm,2007-09-07 00:00:00+00:00,2007-08-26 00:00:00+00:00,2007-08-27 00:00:00+00:00,DR,2024-08-27T18:22:14.800Z,2007,9,3,-1.0,-1.8369701987210297e-16,-1.0,-1.8369701987210297e-16,1.0,12.0,Midwest,42,0,0,0,0.3,0,1,0,0,0,0,0,0,0,0,0.3,12.6,12.0,7650059.53,93.0,82258.70462365591,4487689.87,15.850224118189717,0
f9e57d83-080e-4419-aaf4-02fded2ac6fa,e74f84bd620060acc8b8a85e4740c4c55f93d026,1727,IA,Severe Storm,2007-09-14 00:00:00+00:00,2007-08-17 00:00:00+00:00,2007-09-05 00:00:00+00:00,DR,2024-08-27T18:22:14.800Z,2007,9,3,-1.0,-1.8369701987210297e-16,-1.0,-1.8369701987210297e-16,19.0,28.0,Midwest,40,0,0,0,0.3,0,1,0,0,0,0,0,0,0,0,5.7,12.0,532.0,6020937.43,472.0,12756.223368644067,731974.31,15.6107536905182,0
8c8bfc6b-4173-481f-9506-f2fa7f7657ca,932ee0308eedcd8a66cfdf81b743190fd53f4c89,1728,MO,Severe Storm,2007-09-21 00:00:00+00:00,2007-08-19 00:00:00+00:00,2007-08-21 00:00:00+00:00,DR,2024-08-27T18:22:14.800Z,2007,9,3,-1.0,-1.8369701987210297e-16,-1.0,-1.8369701987210297e-16,2.0,33.0,Midwest,44,0,0,0,0.3,0,1,0,0,0,0,0,0,0,0,0.6,13.2,66.0,5367749.12,293.0,18319.9628668942,178571.4,15.495919406624688,0
bc184579-7064-463b-a53d-aa4ee05648a2,dc10999cc7a275b586768c7886e78a90001db8cb,1729,IL,Severe Storm,2007-09-25 00:00:00+00:00,2007-08-20 00:00:00+00:00,2007-08-31 00:00:00+00:00,DR,2024-08-27T18:22:14.800Z,2007,9,3,-1.0,-1.8369701987210297e-16,-1.0,-1.8369701987210297e-16,11.0,36.0,Midwest,48,0,0,0,0.3,0,1,0,0,0,0,0,0,0,0,3.3,14.399999999999999,396.0,16214910.28,452.0,35873.69530973451,1825799.42,16.60144182623156,0
0bbc1772-0bfb-487d-ab2c-e1daca3cacab,8f19cbcbb3a48fa8d1261a7d2ec9ca41edc306dd,1731,CA,Fire,2007-10-24 00:00:00+00:00,2007-10-21 00:00:00+00:00,2008-03-31 00:00:00+00:00,DR,2025-12-16T19:01:05.873Z,2007,10,4,-0.8660254037844386,0.5000000000000001,-2.4492935982947064e-16,1.0,162.0,3.0,West,165,0,0,0,0.3,1,0,0,0,0,0,0,0,0,0,48.6,49.5,486.0,137465712.67000002,715.0,192259.738,59918874.7,18.738885088849468,4
c1a00d45-fa13-4b0f-b1cc-599ef3bd6abf,da8271bc211f5b5632cec0ed5366d88c161606f4,1733,OR,Severe Storm,2007-12-08 00:00:00+00:00,2007-12-01 00:00:00+00:00,2007-12-17 00:00:00+00:00,DR,2026-04-27T16:41:14.533Z,2007,12,4,-2.4492935982947064e-16,1.0,-2.4492935982947064e-16,1.0,16.0,7.0,West,72,0,0,0,0.3,0,1,0,0,0,0,0,0,0,0,4.8,21.599999999999998,112.0,56069785.92,869.0,64522.19323360184,33338143.75,17.842107667842946,4
abe8caac-6870-476c-b619-b6e01a0d7213,a37267799f2148974b0a3dd72ed5e2d0897957f9,1734,WA,Severe Storm,2007-12-08 00:00:00+00:00,2007-12-01 00:00:00+00:00,2007-12-17 00:00:00+00:00,DR,2025-08-14T14:41:54.031Z,2007,12,4,-2.4492935982947064e-16,1.0,-2.4492935982947064e-16,1.0,16.0,7.0,West,90,0,0,0,0.3,0,1,0,0,0,0,0,0,0,0,4.8,27.0,112.0,61335357.03,1421.0,43163.51655876144,5962757.06,17.931867037718984,4
6b44efe0-9c58-4b13-a7b7-faafa5fb7888,e2c5094fbd558727a84fdf54f133c16460e359df,1735,OK,Severe Ice Storm,2007-12-18 00:00:00+00:00,2007-12-08 00:00:00+00:00,2008-01-03 00:00:00+00:00,DR,2024-08-27T18:22:14.800Z,2007,12,4,-2.4492935982947064e-16,1.0,-2.4492935982947064e-16,1.0,26.0,10.0,South,104,0,0,0,0.3,0,0,0,0,0,0,0,1,0,0,7.8,31.2,260.0,99557918.68,1046.0,95179.65456978968,3197604.9,18.416250140106747,3
2b48c2d5-ecf0-4d05-b7fd-38e55bf245f0,3d0e3be096030433bf8807e1d5b9dc049ddfb744,1736,MO,Severe Ice Storm,2007-12-27 00:00:00+00:00,2007-12-06 00:00:00+00:00,2007-12-15 00:00:00+00:00,DR,2024-08-27T18:22:14.800Z,2007,12,4,-2.4492935982947064e-16,1.0,-2.4492935982947064e-16,1.0,9.0,21.0,Midwest,46,0,0,0,0.3,0,0,0,0,0,0,0,1,0,0,2.6999999999999997,13.799999999999999,189.0,24948743.74,705.0,35388.2889929078,1022817.86,17.032334067874114,0
1265f041-2390-40b7-be88-c86050a0f7d1,a91a65ea7cf1332c625089ddd803e73d62c65728,1737,IA,Severe Ice Storm,2008-01-04 00:00:00+00:00,2007-12-10 00:00:00+00:00,2007-12-11 00:00:00+00:00,DR,2024-08-27T18:22:14.800Z,2008,1,1,0.49999999999999994,0.8660254037844387,1.0,6.123233995736766e-17,1.0,25.0,Midwest,41,0,0,0,0.3,0,0,0,0,0,0,0,1,0,0,0.3,12.299999999999999,25.0,28052065.580000002,747.0,37552.96597054887,1406887.5,17.14957286208543,0
4860e12a-1e27-44d6-bc10-e0783efd0143,fc90ac14ee048a70016e00205eea967742ec01c8,1738,NV,Severe Storm,2008-01-08 00:00:00+00:00,2008-01-05 00:00:00+00:00,2008-01-10 00:00:00+00:00,DR,2024-08-27T18:22:14.800Z,2008,1,1,0.49999999999999994,0.8660254037844387,1.0,6.123233995736766e-17,5.0,3.0,West,66,0,0,0,0.3,0,1,0,0,0,0,0,0,0,0,1.5,19.8,15.0,1112379.14,28.0,39727.826428571425,186097.09,13.922012547892392,4
5e4eaac4-97e7-4b77-a460-3e1bd668654e,358576953c75ff9f715b88bee5588b827bab2cba,1739,NE,Severe Ice Storm,2008-01-11 00:00:00+00:00,2007-12-10 00:00:00+00:00,2007-12-12 00:00:00+00:00,DR,2024-08-27T18:22:14.800Z,2008,1,1,0.49999999999999994,0.8660254037844387,1.0,6.123233995736766e-17,2.0,32.0,Midwest,40,0,0,0,0.3,0,0,0,0,0,0,0,1,0,0,0.6,12.0,64.0,2895288.73,92.0,31470.529673913043,839461.34,14.878595743428942,0
48928641-6e63-4005-8545-832c74d762b1,be4c1be7e0ba6f3371835393e9a8b020d6facfc9,1740,IN,Severe Storm,2008-01-30 00:00:00+00:00,2008-01-07 00:00:00+00:00,2008-03-14 00:00:00+00:00,DR,2026-07-20T21:43:12.371Z,2008,1,1,0.49999999999999994,0.8660254037844387,1.0,6.123233995736766e-17,67.0,23.0,Midwest,40,0,0,0,0.3,0,1,0,0,0,0,0,0,0,0,20.099999999999998,12.0,1541.0,4977755.8,334.0,14903.460479041916,410610.0,15.4204899057544,0
88c5e730-9c30-4e9f-88f2-da5d972b3c64,2e8c657f4e2ad63a86452afc6cc6f944e64f885c,1741,KS,Severe Storm,2008-02-01 00:00:00+00:00,2007-12-06 00:00:00+00:00,2007-12-19 00:00:00+00:00,DR,2024-08-27T18:22:14.800Z,2008,2,1,0.8660254037844386,0.5000000000000001,1.0,6.123233995736766e-17,13.0,57.0,Midwest,40,0,0,0,0.3,0,1,0,0,0,0,0,0,0,0,3.9,12.0,741.0,227086533.09,1248.0,181960.3630528846,10517709.88,19.240841710249512,0
79bff931-b49a-4d86-96ac-acd4051686aa,a9b2cd943a1bc1014e19145cb0f95e0d90575903,1742,MO,Severe Storm,2008-02-05 00:00:00+00:00,2008-01-07 00:00:00+00:00,2008-01-10 00:00:00+00:00,DR,2024-08-27T18:22:14.800Z,2008,2,1,0.8660254037844386,0.5000000000000001,1.0,6.123233995736766e-17,3.0,29.0,Midwest,47,0,0,0,0.3,0,1,0,0,0,0,0,0,0,0,0.8999999999999999,14.1,87.0,1334506.76,96.0,13901.112083333333,160532.07,14.104073062721762,0
8143e8e3-cfc8-470e-aa5d-28fe80cbec02,9947ecfbb5d1a9daba43355121f0f6943187deb9,1743,HI,Severe Storm,2008-02-06 00:00:00+00:00,2007-12-04 00:00:00+00:00,2007-12-07 00:00:00+00:00,DR,2024-08-27T18:22:14.800Z,2008,2,1,0.8660254037844386,0.5000000000000001,1.0,6.123233995736766e-17,3.0,64.0,West,39,0,0,0,0.3,0,1,0,0,0,0,0,0,0,0,0.8999999999999999,11.7,192.0,2629570.0,69.0,38109.710144927536,250702.28,14.782331272978059,4
7234f8cd-f7d0-4b1b-9808-4802349fa4f9,e03f3149aa00fe6efbc0be6376e0a53e5fcfcc28,1744,AR,Severe Storm,2008-02-07 00:00:00+00:00,2008-02-05 00:00:00+00:00,2008-02-12 00:00:00+00:00,DR,2026-07-20T21:43:12.371Z,2008,2,1,0.8660254037844386,0.5000000000000001,1.0,6.123233995736766e-17,7.0,2.0,South,48,0,0,0,0.3,0,1,0,0,0,0,0,0,0,0,2.1,14.399999999999999,14.0,4912916.3,235.0,20906.026808510636,1181961.15,15.407378478116785,3
df41f9d7-2f0c-4c14-ae04-555a7982eae8,0a3be80488af5cf20ca080cb80779bc2b4655f5f,1745,TN,Severe Storm,2008-02-07 00:00:00+00:00,2008-02-05 00:00:00+00:00,2008-02-06 00:00:00+00:00,DR,2026-07-20T21:43:12.371Z,2008,2,1,0.8660254037844386,0.5000000000000001,1.0,6.123233995736766e-17,1.0,2.0,South,46,0,0,0,0.3,0,1,0,0,0,0,0,0,0,0,0.3,13.799999999999999,2.0,15633642.31,231.0,67678.10523809525,2255588.25,16.564935772483597,3
73be3d40-d33a-4a20-9d9b-35702982af68,60f2f2e049325a599477d26683c0e3153e11afff,1746,KY,Severe Storm,2008-02-21 00:00:00+00:00,2008-02-05 00:00:00+00:00,2008-02-06 00:00:00+00:00,DR,2026-07-20T21:43:12.371Z,2008,2,1,0.8660254037844386,0.5000000000000001,1.0,6.123233995736766e-17,1.0,16.0,South,54,0,0,0,0.3,0,1,0,0,0,0,0,0,0,0,0.3,16.2,16.0,4765349.85,241.0,19773.23589211618,744894.58,15.37688172299992,3
0ba16d99-afcc-42ed-99f7-c824a8b5e46d,9aa6aacf3ed592db12fd060af45c0c959f79fb94,1748,MO,Severe Ice Storm,2008-03-12 00:00:00+00:00,2008-02-10 00:00:00+00:00,2008-02-14 00:00:00+00:00,DR,2024-08-27T18:22:14.800Z,2008,3,1,1.0,6.123233995736766e-17,1.0,6.123233995736766e-17,4.0,31.0,Midwest,48,0,0,0,0.3,0,0,0,0,0,0,0,1,0,0,1.2,14.399999999999999,124.0,10068998.77,221.0,45561.08040723982,1850857.26,16.124971932055363,0
65b449ef-b3b4-4cfa-83b2-4d8e71720800,d44cf04c97875d00ed37fd31e56b5713445be6e8,3283,IL,Snowstorm,2008-03-13 00:00:00+00:00,2008-02-05 00:00:00+00:00,2008-02-06 00:00:00+00:00,EM,2024-08-27T18:22:14.800Z,2008,3,1,1.0,6.123233995736766e-17,1.0,6.123233995736766e-17,1.0,37.0,Midwest,50,0,0,0,0.15,0,0,0,0,0,1,0,0,0,0,0.15,7.5,37.0,5212295.23,318.0,16390.865503144654,388019.96,15.466531051759112,0
a0547a49-ff4b-43e6-8436-87c95bca8cc3,ac080a973bca23fa1ae95dbf6dc1dff0f3797ca5,1749,MO,Severe Storm,2008-03-19 00:00:00+00:00,2008-03-17 00:00:00+00:00,2008-05-09 00:00:00+00:00,DR,2026-07-20T21:43:12.371Z,2008,3,1,1.0,6.123233995736766e-17,1.0,6.123233995736766e-17,53.0,2.0,Midwest,49,0,0,0,0.3,0,1,0,0,0,0,0,0,0,0,15.899999999999999,14.7,106.0,26045574.54,1995.0,13055.425834586465,515544.0,17.075358466824742,0
8b88e11d-595f-4ca4-a4ea-1bc98145c251,8bad37d32da9b12e1d326a9d20b9ab915cdff3c6,3285,WI,Snowstorm,2008-03-19 00:00:00+00:00,2008-02-05 00:00:00+00:00,2008-02-06 00:00:00+00:00,EM,2024-08-27T18:22:14.800Z,2008,3,1,1.0,6.123233995736766e-17,1.0,6.123233995736766e-17,1.0,43.0,Midwest,38,0,0,0,0.15,0,0,0,0,0,1,0,0,0,0,0.15,5.7,43.0,8638598.92,467.0,18498.070492505354,679665.31,15.971751081353023,0
50bad387-2c97-483c-99ea-d5dc8cfd9df6,0e82f46554dd25e72d8bd57479b36639898f3506,1750,GA,Severe Storm,2008-03-20 00:00:00+00:00,2008-03-14 00:00:00+00:00,2008-03-16 00:00:00+00:00,DR,2026-07-20T21:43:12.371Z,2008,3,1,1.0,6.123233995736766e-17,1.0,6.123233995736766e-17,2.0,6.0,South,44,0,0,0,0.3,0,1,0,0,0,0,0,0,0,0,0.6,13.2,12.0,3505637.41,97.0,36140.59185567011,1890524.68,15.06988320451822,3
97a4fce7-0dc6-4365-87f1-1e372447389a,d6ab34b2940e7c1f863be0902b9f6bd6278abe3b,1751,AR,Severe Storm,2008-03-26 00:00:00+00:00,2008-03-18 00:00:00+00:00,2008-04-28 00:00:00+00:00,DR,2026-07-20T21:43:12.371Z,2008,3,1,1.0,6.123233995736766e-17,1.0,6.123233995736766e-17,41.0,8.0,South,49,0,0,0,0.3,0,1,0,0,0,0,0,0,0,0,12.299999999999999,14.7,328.0,39745530.51,4171.0,9529.017144569647,1310448.28,17.498007977902827,3
3ae982eb-86c5-4393-a3fa-891249621341,97d89ae0085cb6029a9e29c020f6489eaadcd2d0,3286,OH,Snowstorm,2008-04-24 00:00:00+00:00,2008-03-07 00:00:00+00:00,2008-03-09 00:00:00+00:00,EM,2024-08-27T18:22:14.800Z,2008,4,2,0.8660254037844387,-0.4999999999999998,1.2246467991473532e-16,-1.0,2.0,48.0,Midwest,48,0,0,0,0.15,0,0,0,0,0,1,0,0,0,0,0.3,7.199999999999999,96.0,7122145.99,488.0,14594.561454918034,367273.91,15.778719781472368,0
ab2ff6b6-088d-4e0e-90dc-d27bfbb59ed2,e949995410a4258c5f18108dc8c99bb0ef8208dc,1752,OK,Severe Storm,2008-05-05 00:00:00+00:00,2008-03-17 00:00:00+00:00,2008-03-23 00:00:00+00:00,DR,2024-08-27T18:22:14.800Z,2008,5,2,0.49999999999999994,-0.8660254037844387,1.2246467991473532e-16,-1.0,6.0,49.0,South,107,0,0,0,0.3,0,1,0,0,0,0,0,0,0,0,1.7999999999999998,32.1,294.0,3020576.08,447.0,6757.440894854586,109391.22,14.920958457189146,3
d2a4a7bf-2274-4951-9776-71612dce6b06,449fc6d747de654e50f05710b8d967920d0e703b,1754,OK,Flood,2008-05-09 00:00:00+00:00,2008-04-09 00:00:00+00:00,2008-04-28 00:00:00+00:00,DR,2024-08-27T18:22:14.800Z,2008,5,2,0.49999999999999994,-0.8660254037844387,1.2246467991473532e-16,-1.0,19.0,30.0,South,108,0,0,0,0.44999999999999996,0,0,1,0,0,0,0,0,0,0,8.549999999999999,48.599999999999994,570.0,20257296.8,900.0,22508.107555555558,10359273.6,16.824025671778866,3
df4dd0dd-2cc5-46b3-b4c2-1a7313bd91f9,3be6be51789f3c5a742e058a7e5727c587cebe3a,1755,ME,Flood,2008-05-09 00:00:00+00:00,2008-04-28 00:00:00+00:00,2008-05-14 00:00:00+00:00,DR,2026-07-20T21:43:12.371Z,2008,5,2,0.49999999999999994,-0.8660254037844387,1.2246467991473532e-16,-1.0,16.0,11.0,Northeast,46,0,0,0,0.44999999999999996,0,0,1,0,0,0,0,0,0,0,7.199999999999999,20.7,176.0,3880770.72,525.0,7391.9442285714285,302826.43,15.171544588729306,1
bc8e5a28-4ed0-4511-a973-312038a34d4e,b37f78228837260b1503a626b3401fca54d810ac,1756,OK,Severe Storm,2008-05-14 00:00:00+00:00,2008-05-10 00:00:00+00:00,2008-05-13 00:00:00+00:00,DR,2026-07-20T21:43:12.371Z,2008,5,2,0.49999999999999994,-0.8660254037844387,1.2246467991473532e-16,-1.0,3.0,4.0,South,109,0,0,0,0.3,0,1,0,0,0,0,0,0,0,0,0.8999999999999999,32.699999999999996,12.0,2229174.08,50.0,44583.4816,331488.91,14.617142155716774,3
6cc97eeb-6d8c-414d-b9fb-ef9ab13b7403,d6e0b78585eb37bd32e374f0ae71cc57c0214e50,1757,KY,Severe Storm,2008-05-19 00:00:00+00:00,2008-04-03 00:00:00+00:00,2008-04-04 00:00:00+00:00,DR,2024-08-27T18:22:14.800Z,2008,5,2,0.49999999999999994,-0.8660254037844387,1.2246467991473532e-16,-1.0,1.0,46.0,South,55,0,0,0,0.3,0,1,0,0,0,0,0,0,0,0,0.3,16.5,46.0,3499937.9899999998,528.0,6628.67043560606,298560.65,15.06825609487914,3
e12e101d-6347-4e3d-b2fd-71882ec5e67f,a07ed9eb726b4a70ca2dd805f9777309a16a9576,1758,AR,Severe Storm,2008-05-20 00:00:00+00:00,2008-05-02 00:00:00+00:00,2008-05-12 00:00:00+00:00,DR,2026-07-20T21:43:12.371Z,2008,5,2,0.49999999999999994,-0.8660254037844387,1.2246467991473532e-16,-1.0,10.0,18.0,South,50,0,0,0,0.3,0,1,0,0,0,0,0,0,0,0,3.0,15.0,180.0,2752278.34,84.0,32765.21833333333,432672.21,14.827939977244617,3
fdbcc923-dc58-4699-b42d-10b1bfb280ba,43f8aba149aa1eda475117629b8b1d4cf988dcb7,1759,SD,Snowstorm,2008-05-22 00:00:00+00:00,2008-05-01 00:00:00+00:00,2008-05-02 00:00:00+00:00,DR,2024-08-27T18:22:14.800Z,2008,5,2,0.49999999999999994,-0.8660254037844387,1.2246467991473532e-16,-1.0,1.0,21.0,Midwest,49,0,0,0,0.15,0,0,0,0,0,1,0,0,0,0,0.15,7.35,21.0,7826995.83,35.0,223628.4522857143,5748282.0,15.873089447778588,0
aa8f7c0b-ee1d-491c-a3af-7954e7b18746,46fcb761d4ab7502cad6c291bbd6490023ace33f,1761,GA,Severe Storm,2008-05-23 00:00:00+00:00,2008-05-11 00:00:00+00:00,2008-05-12 00:00:00+00:00,DR,2026-07-20T21:43:12.371Z,2008,5,2,0.49999999999999994,-0.8660254037844387,1.2246467991473532e-16,-1.0,1.0,12.0,South,45,0,0,0,0.3,0,1,0,0,0,0,0,0,0,0,0.3,13.5,12.0,10736846.75,185.0,58037.00945945946,2045922.82,16.189192098377205,3
76af7fc2-c716-494b-baa5-ed64cff69a2f,83d7c9ca062f71b6fcfd0ccf07c11036df3e3400,1763,IA,Severe Storm,2008-05-27 00:00:00+00:00,2008-05-25 00:00:00+00:00,2008-08-13 00:00:00+00:00,DR,2026-07-20T21:43:12.371Z,2008,5,2,0.49999999999999994,-0.8660254037844387,1.2246467991473532e-16,-1.0,80.0,2.0,Midwest,42,0,0,0,0.3,0,1,0,0,0,0,0,0,0,0,24.0,12.6,160.0,1155508489.46,9706.0,119050.94678137235,198700872.34,20.867806335518438,0
82a2a147-051e-4018-8700-5fb9152196e8,b83ee420c7e7c3bb10663b2fe48772354423fdba,1764,MS,Severe Storm,2008-05-28 00:00:00+00:00,2008-04-04 00:00:00+00:00,2008-04-04 00:00:00+00:00,DR,2026-07-20T21:43:12.371Z,2008,5,2,0.49999999999999994,-0.8660254037844387,1.2246467991473532e-16,-1.0,0.0,54.0,South,52,0,0,0,0.3,0,1,0,0,0,0,0,0,0,0,0.0,15.6,0.0,4330036.430000001,19.0,227896.65421052635,3262482.62,15.281086744283112,3
b6f56602-30e5-413f-b9f6-1aecd6710228,f96fdc177ac590909ad1ce9983cb190ccaab2e96,1765,NE,Severe Storm,2008-05-30 00:00:00+00:00,2008-04-23 00:00:00+00:00,2008-04-26 00:00:00+00:00,DR,2024-08-27T18:22:14.800Z,2008,5,2,0.49999999999999994,-0.8660254037844387,1.2246467991473532e-16,-1.0,3.0,37.0,Midwest,41,0,0,0,0.3,0,1,0,0,0,0,0,0,0,0,0.8999999999999999,12.299999999999999,111.0,499319.42000000004,52.0,9602.29653846154,155835.76,13.12100329290859,0
04941938-0bfa-460e-bc52-91682e944452,07eda24a0b5bd9417d9a26a389c97cbc25c7c24f,1766,IN,Severe Storm,2008-06-08 00:00:00+00:00,2008-05-30 00:00:00+00:00,2008-06-27 00:00:00+00:00,DR,2026-07-20T21:43:12.371Z,2008,6,2,1.2246467991473532e-16,-1.0,1.2246467991473532e-16,-1.0,28.0,9.0,Midwest,41,0,0,0,0.3,0,1,0,0,0,0,0,0,0,0,8.4,12.299999999999999,252.0,101625355.85,2258.0,45006.8006421612,37713160.22,18.436803637265196,0
66bccf32-f5e2-4bb5-a321-5982680dc515,669b419aaa30ee20c570c233c055a831b7beb8c4,1767,MT,Severe Storm,2008-06-13 00:00:00+00:00,2008-05-01 00:00:00+00:00,2008-05-02 00:00:00+00:00,DR,2024-08-27T18:22:14.800Z,2008,6,2,1.2246467991473532e-16,-1.0,1.2246467991473532e-16,-1.0,1.0,43.0,West,52,0,0,0,0.3,0,1,0,0,0,0,0,0,0,0,0.3,15.6,43.0,3346388.8800000004,13.0,257414.52923076926,2073289.12,15.023392674960203,4
02552ab6-daa3-442b-8a56-7e8190e1906d,248e0c05a7e8c21e6791ad11c041e5777e0af35e,1768,WI,Severe Storm,2008-06-14 00:00:00+00:00,2008-06-05 00:00:00+00:00,2008-07-25 00:00:00+00:00,DR,2026-07-20T21:43:12.371Z,2008,6,2,1.2246467991473532e-16,-1.0,1.2246467991473532e-16,-1.0,50.0,9.0,Midwest,39,0,0,0,0.3,0,1,0,0,0,0,0,0,0,0,15.0,11.7,450.0,49315213.1,3046.0,16190.155318450426,1413845.7,17.713743193839058,0
129ccfb1-1d05-47ae-9c45-dfff4b1f257b,df76946a8f5f31e7dba061e058518ae6d570ad5f,1769,WV,Severe Storm,2008-06-19 00:00:00+00:00,2008-06-03 00:00:00+00:00,2008-06-07 00:00:00+00:00,DR,2026-07-20T21:43:12.371Z,2008,6,2,1.2246467991473532e-16,-1.0,1.2246467991473532e-16,-1.0,4.0,16.0,South,47,0,0,0,0.3,0,1,0,0,0,0,0,0,0,0,1.2,14.1,64.0,3985862.62,314.0,12693.83,263798.88,15.198264564417908,3
80dc5d29-313b-4bb9-983e-d911d11174e5,7c9d9f220bf81c79004000843384a3ff075a690a,1770,NE,Severe Storm,2008-06-20 00:00:00+00:00,2008-05-22 00:00:00+00:00,2008-06-24 00:00:00+00:00,DR,2026-07-20T21:43:12.371Z,2008,6,2,1.2246467991473532e-16,-1.0,1.2246467991473532e-16,-1.0,33.0,29.0,Midwest,42,0,0,0,0.3,0,1,0,0,0,0,0,0,0,0,9.9,12.6,957.0,36258650.19,1076.0,33697.63028810409,6178105.49,17.40618856430898,0
79bb45bd-1c76-45cd-a642-0c732b0b9795,9418907d07440dd81107b8e8a47f29950ac3d6ad,1771,IL,Severe Storm,2008-06-24 00:00:00+00:00,2008-06-01 00:00:00+00:00,2008-07-22 00:00:00+00:00,DR,2026-07-20T21:43:12.371Z,2008,6,2,1.2246467991473532e-16,-1.0,1.2246467991473532e-16,-1.0,51.0,23.0,Midwest,51,0,0,0,0.3,0,1,0,0,0,0,0,0,0,0,15.299999999999999,15.299999999999999,1173.0,53912370.02,1538.0,35053.55657997399,6602878.69,17.80287052754029,0
7f043e82-8723-4098-b98e-b4cd63323e88,45621f7938a9a7e925f9342b73f9e1cf3c5e6735,1772,MN,Severe Storm,2008-06-25 00:00:00+00:00,2008-06-06 00:00:00+00:00,2008-06-12 00:00:00+00:00,DR,2024-08-27T18:22:14.800Z,2008,6,2,1.2246467991473532e-16,-1.0,1.2246467991473532e-16,-1.0,6.0,19.0,Midwest,52,0,0,0,0.3,0,1,0,0,0,0,0,0,0,0,1.7999999999999998,15.6,114.0,6533282.39,350.0,18666.52111428571,540454.99,15.692420191115662,0
d77b87ce-0561-43ae-90e6-cd9ce4544ba9,dd1c6c78f46e93dd2ab65cbc7b27945b87cbe942,1773,MO,Severe Storm,2008-06-25 00:00:00+00:00,2008-06-01 00:00:00+00:00,2008-08-13 00:00:00+00:00,DR,2026-07-20T21:43:12.371Z,2008,6,2,1.2246467991473532e-16,-1.0,1.2246467991473532e-16,-1.0,73.0,24.0,Midwest,51,0,0,0,0.3,0,1,0,0,0,0,0,0,0,0,21.9,15.299999999999999,1752.0,28697245.28,1411.0,20338.23194897236,1885008.45,17.17231172769445,0
2ba499d5-d8ec-4a82-9112-3db0f5e8f85d,c27d14be65070c702ab1749bcbbc29f76aa1f136,3287,CA,Fire,2008-06-28 00:00:00+00:00,2008-06-20 00:00:00+00:00,2008-08-20 00:00:00+00:00,EM,2024-08-27T18:22:14.800Z,2008,6,2,1.2246467991473532e-16,-1.0,1.2246467991473532e-16,-1.0,61.0,8.0,West,173,0,0,0,0.3,1,0,0,0,0,0,0,0,0,0,18.3,51.9,488.0,246230084.13,82.0,3002805.90402439,231170872.18,19.321776962177584,4
49bb9be6-9dc4-4b2c-ba39-cc399c557392,3e241ef6d719a7afd72e57c7b1ae7d36ea880a79,1774,SD,Severe Storm,2008-07-09 00:00:00+00:00,2008-06-02 00:00:00+00:00,2008-06-12 00:00:00+00:00,DR,2024-08-27T18:22:14.800Z,2008,7,3,-0.4999999999999997,-0.8660254037844388,-1.0,-1.8369701987210297e-16,10.0,37.0,Midwest,50,0,0,0,0.3,0,1,0,0,0,0,0,0,0,0,3.0,15.0,370.0,4716310.17,710.0,6642.69038028169,329076.47,15.366537520226904,0
fbf12a30-a956-4850-93ad-4383803ab63d,5faf75842ea0b8ea6e90f70b1a1abd8c850b5385,1775,OK,Severe Storm,2008-07-09 00:00:00+00:00,2008-06-03 00:00:00+00:00,2008-06-20 00:00:00+00:00,DR,2024-08-27T18:22:14.800Z,2008,7,3,-0.4999999999999997,-0.8660254037844388,-1.0,-1.8369701987210297e-16,17.0,36.0,South,111,0,0,0,0.3,0,1,0,0,0,0,0,0,0,0,5.1,33.3,612.0,9638507.73,559.0,17242.410966010735,954170.27,16.08127695856197,3
cb69f83d-f297-4e6e-9fc1-0bd8cacfb749,8d0623007e4a2c442a5de61676bc13518ca70b74,1776,KS,Severe Storm,2008-07-09 00:00:00+00:00,2008-05-22 00:00:00+00:00,2008-06-16 00:00:00+00:00,DR,2024-08-27T18:22:14.800Z,2008,7,3,-0.4999999999999997,-0.8660254037844388,-1.0,-1.8369701987210297e-16,25.0,48.0,Midwest,41,0,0,0,0.3,0,1,0,0,0,0,0,0,0,0,7.5,12.299999999999999,1200.0,55300511.2,812.0,68104.07783251232,9152148.64,17.828292728655818,0
7183fa80-fb20-4175-a8f9-daf860843691,4dce445ce409f784e872b3407f19fa12f9e022ff,1777,MI,Severe Storm,2008-07-14 00:00:00+00:00,2008-06-06 00:00:00+00:00,2008-07-13 00:00:00+00:00,DR,2024-08-27T18:22:14.800Z,2008,7,3,-0.4999999999999997,-0.8660254037844388,-1.0,-1.8369701987210297e-16,37.0,38.0,Midwest,32,0,0,0,0.3,0,1,0,0,0,0,0,0,0,0,11.1,9.6,1406.0,14972053.86,318.0,47081.93037735849,990442.02,16.521696012172868,0
54030e57-b80f-445a-81a3-8afe4a9e71bf,c148358a735afb46570b25aff1112b0ed2d32719,1778,VT,Severe Storm,2008-07-15 00:00:00+00:00,2008-06-14 00:00:00+00:00,2008-06-17 00:00:00+00:00,DR,2024-08-27T18:22:14.800Z,2008,7,3,-0.4999999999999997,-0.8660254037844388,-1.0,-1.8369701987210297e-16,3.0,31.0,Northeast,26,0,0,0,0.3,0,1,0,0,0,0,0,0,0,0,0.8999999999999999,7.8,93.0,1086864.23,36.0,30190.673055555555,290595.83,13.898808174976102,1
ddf8184f-2f36-4cf6-a46b-62928e16299d,760c4a61d2fcbf905d9fa72b153c2e9323259265,1779,NE,Severe Storm,2008-07-18 00:00:00+00:00,2008-06-27 00:00:00+00:00,2008-06-27 00:00:00+00:00,DR,2024-08-27T18:22:14.800Z,2008,7,3,-0.4999999999999997,-0.8660254037844388,-1.0,-1.8369701987210297e-16,0.0,21.0,Midwest,43,0,0,0,0.3,0,1,0,0,0,0,0,0,0,0,0.0,12.9,0.0,12057743.59,84.0,143544.56654761903,6006001.98,16.305217716019126,0
5a80c931-8efe-4a49-a581-382feff4e33f,04653b54d9fe9b7d85e4199ed1c29daeb388417a,1780,TX,Hurricane,2008-07-24 00:00:00+00:00,2008-07-22 00:00:00+00:00,2008-08-01 00:00:00+00:00,DR,2026-07-20T21:43:12.371Z,2008,7,3,-0.4999999999999997,-0.8660254037844388,-1.0,-1.8369701987210297e-16,10.0,2.0,South,251,0,0,0,0.6,0,0,0,1,0,0,0,0,0,0,6.0,150.6,20.0,66192238.19,1304.0,50760.91885736196,6720662.67,18.00807378125548,3
a4574abf-e9e3-4d90-8209-0864bdff150b,ab51b44b6c516bcb7f0c2b570833dd5a9752c703,1781,ID,Flood,2008-07-31 00:00:00+00:00,2008-05-15 00:00:00+00:00,2008-06-09 00:00:00+00:00,DR,2024-08-27T18:22:14.800Z,2008,7,3,-0.4999999999999997,-0.8660254037844388,-1.0,-1.8369701987210297e-16,25.0,77.0,West,27,0,0,0,0.44999999999999996,0,0,1,0,0,0,0,0,0,0,11.249999999999998,12.149999999999999,1925.0,1655156.5,49.0,33778.704081632655,229472.35,14.31940672842843,4
91685890-02b7-4228-8d9c-23fed63ec292,9fb9f4a221a1d00b84bc7049fc468e134fcb41f2,1782,NH,Severe Storm,2008-08-11 00:00:00+00:00,2008-07-24 00:00:00+00:00,2008-07-24 00:00:00+00:00,DR,2024-08-27T18:22:14.800Z,2008,8,3,-0.8660254037844385,-0.5000000000000004,-1.0,-1.8369701987210297e-16,0.0,18.0,Northeast,28,0,0,0,0.3,0,1,0,0,0,0,0,0,0,0,0.0,8.4,0.0,1269313.62,61.0,20808.420000000002,470859.25,14.05398764346955,1
0a08b5f0-2dc0-4835-a5ab-bf72925c601c,c9506ec043df239d3892230150e8e24354cf0814,1783,NM,Severe Storm,2008-08-14 00:00:00+00:00,2008-07-26 00:00:00+00:00,2008-08-20 00:00:00+00:00,DR,2024-08-27T18:22:14.800Z,2008,8,3,-0.8660254037844385,-0.5000000000000004,-1.0,-1.8369701987210297e-16,25.0,19.0,West,56,0,0,0,0.3,0,1,0,0,0,0,0,0,0,0,7.5,16.8,475.0,49601279.98,152.0,326324.21039473685,23336448.13,17.719527217571343,4
facfd55c-16c3-4bf6-b1e6-8308dbec8dcf,162954ea0968dea9013e8d127e8dce4ba2d2cf3d,1784,VT,Severe Storm,2008-08-15 00:00:00+00:00,2008-07-18 00:00:00+00:00,2008-07-18 00:00:00+00:00,DR,2024-08-27T18:22:14.800Z,2008,8,3,-0.8660254037844385,-0.5000000000000004,-1.0,-1.8369701987210297e-16,0.0,28.0,Northeast,27,0,0,0,0.3,0,1,0,0,0,0,0,0,0,0,0.0,8.1,0.0,449482.54000000004,17.0,26440.14941176471,119263.2,13.015854513758379,1
284b6e9e-5952-4a67-b0b9-895986f2563f,f2e5e1cd19a91e741d35241a867651167e8e54b9,3288,FL,Severe Storm,2008-08-21 00:00:00+00:00,2008-08-18 00:00:00+00:00,2008-09-12 00:00:00+00:00,EM,2024-08-27T18:22:14.800Z,2008,8,3,-0.8660254037844385,-0.5000000000000004,-1.0,-1.8369701987210297e-16,25.0,3.0,South,124,0,0,0,0.3,0,1,0,0,0,0,0,0,0,0,7.5,37.199999999999996,75.0,8889161.4,268.0,33168.51268656716,1273288.57,16.00034338482855,3
2aa61727-b560-4fff-8a7d-19a135d2fa1a,9c18340b33681f5a5a770a4f8a67f3a17f1f04e7,1785,FL,Severe Storm,2008-08-24 00:00:00+00:00,2008-08-18 00:00:00+00:00,2008-09-12 00:00:00+00:00,DR,2026-07-20T21:43:12.371Z,2008,8,3,-0.8660254037844385,-0.5000000000000004,-1.0,-1.8369701987210297e-16,25.0,6.0,South,125,0,0,0,0.3,0,1,0,0,0,0,0,0,0,0,7.5,37.5,150.0,98506316.91,1875.0,52536.702352,7279493.42,18.40563124530363,3
813ad5cd-8d33-40bc-9af9-0e037f1bdde3,5203b4a077a0e1377ba180f316489c5f6adbb631,3290,TX,Hurricane,2008-08-29 00:00:00+00:00,2008-08-27 00:00:00+00:00,2008-09-07 00:00:00+00:00,EM,2024-08-27T18:22:14.800Z,2008,8,3,-0.8660254037844385,-0.5000000000000004,-1.0,-1.8369701987210297e-16,11.0,2.0,South,253,0,0,0,0.6,0,0,0,1,0,0,0,0,0,0,6.6,151.79999999999998,22.0,27385680.76,281.0,97457.93864768684,1825875.79,17.125530871270758,3
e8b96075-0d0d-4b87-93b2-d1071113df03,0a33c6326d0b6f661dc3ca9df4e48adbf66c4a3e,3291,MS,Hurricane,2008-08-30 00:00:00+00:00,2008-08-28 00:00:00+00:00,2008-09-08 00:00:00+00:00,EM,2024-08-27T18:22:14.800Z,2008,8,3,-0.8660254037844385,-0.5000000000000004,-1.0,-1.8369701987210297e-16,11.0,2.0,South,53,0,0,0,0.6,0,0,0,1,0,0,0,0,0,0,6.6,31.799999999999997,22.0,356530.38,27.0,13204.82888888889,67614.36,12.784177537403133,3
78ef9e4d-4bd8-4596-85e9-1feb54b17354,61d57acb5f9fae73579b4edd3967c6ab193c1c30,3292,AL,Hurricane,2008-08-30 00:00:00+00:00,2008-08-29 00:00:00+00:00,2008-09-03 00:00:00+00:00,EM,2024-08-27T18:22:14.800Z,2008,8,3,-0.8660254037844385,-0.5000000000000004,-1.0,-1.8369701987210297e-16,5.0,1.0,South,64,0,0,0,0.6,0,0,0,1,0,0,0,0,0,0,3.0,38.4,5.0,611711.02,9.0,67967.89111111111,482288.56,13.3240168951929,3
c01a1626-889d-417d-bca7-f802238a392e,0cddd80a0e7f62f6a63345f31ed2bbea55b3f6d3,1786,LA,Hurricane,2008-09-02 00:00:00+00:00,2008-09-01 00:00:00+00:00,2008-09-11 00:00:00+00:00,DR,2026-07-20T21:43:12.371Z,2008,9,3,-1.0,-1.8369701987210297e-16,-1.0,-1.8369701987210297e-16,10.0,1.0,South,61,0,0,0,0.6,0,0,0,1,0,0,0,0,0,0,6.0,36.6,10.0,711104799.31,6252.0,113740.3709708893,42771817.0,20.382330375372376,3
148e861c-9d6c-4764-b21a-f58397c35d54,e323910824fb479bdc927d00232fc833a729b804,1787,NH,Severe Storm,2008-09-05 00:00:00+00:00,2008-07-24 00:00:00+00:00,2008-08-14 00:00:00+00:00,DR,2024-08-27T18:22:14.800Z,2008,9,3,-1.0,-1.8369701987210297e-16,-1.0,-1.8369701987210297e-16,21.0,43.0,Northeast,29,0,0,0,0.3,0,1,0,0,0,0,0,0,0,0,6.3,8.7,903.0,3673097.4499999997,236.0,15563.97224576271,539289.75,15.116546128145286,1
8d317f63-c6e0-4b5e-962c-a9064e2e2ecf,e7872f7a03065442ad430f814594d7933249f516,3293,FL,Hurricane,2008-09-07 00:00:00+00:00,2008-09-05 00:00:00+00:00,2008-09-12 00:00:00+00:00,EM,2024-08-27T18:22:14.800Z,2008,9,3,-1.0,-1.8369701987210297e-16,-1.0,-1.8369701987210297e-16,7.0,2.0,South,126,0,0,0,0.6,0,0,0,1,0,0,0,0,0,0,4.2,75.6,14.0,973528.1,30.0,32450.936666666665,170434.45,13.788682995489387,3
ec78a6c9-d0ac-4d74-bfa3-65395113141d,836403f5b38fe870fc1b2eafe7921508042cbe3c,1788,ME,Severe Storm,2008-09-09 00:00:00+00:00,2008-07-18 00:00:00+00:00,2008-08-16 00:00:00+00:00,DR,2024-08-27T18:22:14.800Z,2008,9,3,-1.0,-1.8369701987210297e-16,-1.0,-1.8369701987210297e-16,29.0,53.0,Northeast,47,0,0,0,0.3,0,1,0,0,0,0,0,0,0,0,8.7,14.1,1537.0,2660766.77,170.0,15651.569235294117,513338.84,14.794125274449062,1
8ea57497-eb32-4e78-8e00-da8722386115,ea56f9dd3d160bcb76b681337c30c9cf540451f6,1789,AL,Hurricane,2008-09-10 00:00:00+00:00,2008-08-29 00:00:00+00:00,2008-09-03 00:00:00+00:00,DR,2024-08-27T18:22:14.800Z,2008,9,3,-1.0,-1.8369701987210297e-16,-1.0,-1.8369701987210297e-16,5.0,12.0,South,65,0,0,0,0.6,0,0,0,1,0,0,0,0,0,0,3.0,39.0,60.0,7955261.42,106.0,75049.63603773585,2232068.43,15.889344207267756,3
50963f7b-6fd8-4055-860a-93b241525c49,2ca4cd42a322cfca4c260326ab78c522035b7a2d,3294,TX,Hurricane,2008-09-10 00:00:00+00:00,2008-09-07 00:00:00+00:00,2008-09-26 00:00:00+00:00,EM,2024-08-27T18:22:14.800Z,2008,9,3,-1.0,-1.8369701987210297e-16,-1.0,-1.8369701987210297e-16,19.0,3.0,South,254,0,0,0,0.6,0,0,0,1,0,0,0,0,0,0,11.4,152.4,57.0,562028.74,23.0,24436.03217391304,153728.86,13.239310045625178,3
cad7500f-578e-47ae-9529-c94531851825,508036e6d0c80023cbebec70f6b2e6da7a558460,1790,VT,Severe Storm,2008-09-12 00:00:00+00:00,2008-07-21 00:00:00+00:00,2008-08-12 00:00:00+00:00,DR,2024-08-27T18:22:14.800Z,2008,9,3,-1.0,-1.8369701987210297e-16,-1.0,-1.8369701987210297e-16,22.0,53.0,Northeast,28,0,0,0,0.3,0,1,0,0,0,0,0,0,0,0,6.6,8.4,1166.0,4570622.52,287.0,15925.51400696864,789670.63,15.33516019120038,1
af63a538-528c-4aa8-ac47-26387a324b81,1fd2dc172ddbd638ffdd5504371f88f35bd9ca8b,1791,TX,Hurricane,2008-09-13 00:00:00+00:00,2008-09-07 00:00:00+00:00,2008-10-02 00:00:00+00:00,DR,2026-07-20T21:43:12.371Z,2008,9,3,-1.0,-1.8369701987210297e-16,-1.0,-1.8369701987210297e-16,25.0,6.0,South,255,0,0,0,0.6,0,0,0,1,0,0,0,0,0,0,15.0,153.0,150.0,2225224929.27,13750.0,161834.54031054545,108209612.7,21.523123839711317,3
b863ec46-41bb-4629-a0a7-93f375675ddb,bf91f24730b86d564f5a238b35c1655747d81274,1792,LA,Hurricane,2008-09-13 00:00:00+00:00,2008-09-11 00:00:00+00:00,2008-11-07 00:00:00+00:00,DR,2026-07-20T21:43:12.371Z,2008,9,3,-1.0,-1.8369701987210297e-16,-1.0,-1.8369701987210297e-16,57.0,2.0,South,63,0,0,0,0.6,0,0,0,1,0,0,0,0,0,0,34.199999999999996,37.8,114.0,220671368.73,1483.0,148800.65322319622,17452810.97,19.212185137981884,3
cb6ec3d4-22a2-4a90-b203-861a402a2738,96acffcc52894b45d71be9ba67bfd08bfb508fb2,1793,AR,Hurricane,2008-09-18 00:00:00+00:00,2008-09-02 00:00:00+00:00,2008-09-08 00:00:00+00:00,DR,2024-08-27T18:22:14.800Z,2008,9,3,-1.0,-1.8369701987210297e-16,-1.0,-1.8369701987210297e-16,6.0,16.0,South,51,0,0,0,0.6,0,0,0,1,0,0,0,0,0,0,3.5999999999999996,30.599999999999998,96.0,4011179.81,431.0,9306.6816937355,206965.19,15.204596222270215,3
a40f2c71-2b3f-43fa-9691-ad1955eeb50e,ca2590f7bb6e0758f922534e231a4f9c9ee6539b,1794,MS,Hurricane,2008-09-22 00:00:00+00:00,2008-08-28 00:00:00+00:00,2008-09-08 00:00:00+00:00,DR,2026-07-20T21:43:12.371Z,2008,9,3,-1.0,-1.8369701987210297e-16,-1.0,-1.8369701987210297e-16,11.0,25.0,South,54,0,0,0,0.6,0,0,0,1,0,0,0,0,0,0,6.6,32.4,275.0,24747060.42,416.0,59488.126009615386,2748583.83,17.0242173094249,3
890e6ea2-4872-4d7b-b784-c9a21b40bd5a,3cc4b079ff485f41c4ef9e9a7c178545ac473128,1795,IN,Severe Storm,2008-09-23 00:00:00+00:00,2008-09-12 00:00:00+00:00,2008-10-06 00:00:00+00:00,DR,2026-07-20T21:43:12.371Z,2008,9,3,-1.0,-1.8369701987210297e-16,-1.0,-1.8369701987210297e-16,24.0,11.0,Midwest,42,0,0,0,0.3,0,1,0,0,0,0,0,0,0,0,7.199999999999999,12.6,264.0,25003385.65,846.0,29554.829373522458,956080.2,17.034521839657785,0
bfca3d0b-afdf-4653-8d10-ab5b6cacf0d2,eabb7eba4813b8950f95ccaabb41a0e56bc56df9,1796,AK,Severe Storm,2008-09-26 00:00:00+00:00,2008-07-27 00:00:00+00:00,2008-08-06 00:00:00+00:00,DR,2024-08-27T18:22:14.800Z,2008,9,3,-1.0,-1.8369701987210297e-16,-1.0,-1.8369701987210297e-16,10.0,61.0,West,45,0,0,0,0.3,0,1,0,0,0,0,0,0,0,0,3.0,13.5,610.0,12186818.01,57.0,213803.8247368421,7394463.25,16.315865516624548,4
1eae1f35-255a-419e-83e7-3d5f2ac1b207,e95a605d110b778c3cd7d1793a9d24e2edc5041b,1797,AL,Severe Storm,2008-09-26 00:00:00+00:00,2008-09-12 00:00:00+00:00,2008-09-14 00:00:00+00:00,DR,2024-08-27T18:22:14.800Z,2008,9,3,-1.0,-1.8369701987210297e-16,-1.0,-1.8369701987210297e-16,2.0,14.0,South,66,0,0,0,0.3,0,1,0,0,0,0,0,0,0,0,0.6,19.8,28.0,5940451.74,33.0,180013.6890909091,1954676.59,15.597295907289537,3
46403ae5-c274-4e85-83d7-2f71349a25d5,97d8c5adea81cc8560dff8214611302f143ee6f6,1798,PR,Severe Storm,2008-10-01 00:00:00+00:00,2008-09-21 00:00:00+00:00,2008-10-03 00:00:00+00:00,DR,2026-07-20T21:43:12.371Z,2008,10,4,-0.8660254037844386,0.5000000000000001,-2.4492935982947064e-16,1.0,12.0,10.0,Other,24,0,0,0,0.3,0,1,0,0,0,0,0,0,0,0,3.5999999999999996,7.199999999999999,120.0,24194794.06,834.0,29010.544436450837,843284.6,17.00164808782857,2
820e1842-8ce4-41b7-954a-23cdab1e41fc,af6ebf2eeac4d8c9786f46c71fa4fb2228d710e8,1799,NH,Severe Storm,2008-10-03 00:00:00+00:00,2008-09-06 00:00:00+00:00,2008-09-07 00:00:00+00:00,DR,2024-08-27T18:22:14.800Z,2008,10,4,-0.8660254037844386,0.5000000000000001,-2.4492935982947064e-16,1.0,1.0,27.0,Northeast,30,0,0,0,0.3,0,1,0,0,0,0,0,0,0,0,0.3,9.0,27.0,823848.76,77.0,10699.334545454545,276777.03,13.621743462170368,1
69ac7b25-c270-4f10-9d9a-b065a0667ca1,da891f700ea84807389a130b627f86cde464e293,1800,IL,Severe Storm,2008-10-03 00:00:00+00:00,2008-09-13 00:00:00+00:00,2008-10-05 00:00:00+00:00,DR,2026-07-20T21:43:12.371Z,2008,10,4,-0.8660254037844386,0.5000000000000001,-2.4492935982947064e-16,1.0,22.0,20.0,Midwest,52,0,0,0,0.3,0,1,0,0,0,0,0,0,0,0,6.6,15.6,440.0,28676226.45,750.0,38234.9686,11245428.1,17.17157902564335,0
14f9cd2a-41b5-49db-b84a-3de962f853cd,955cf73a119bee69d684e12dafac91d73efed4d6,1801,NC,Severe Storm,2008-10-08 00:00:00+00:00,2008-09-04 00:00:00+00:00,2008-09-15 00:00:00+00:00,DR,2024-08-27T18:22:14.800Z,2008,10,4,-0.8660254037844386,0.5000000000000001,-2.4492935982947064e-16,1.0,11.0,34.0,South,44,0,0,0,0.3,0,1,0,0,0,0,0,0,0,0,3.3,13.2,374.0,4664436.18,93.0,50155.22774193548,1651412.88,15.35547773761104,3
c3a74b0c-6741-44ec-b5c0-c1ac25fe8bc6,835fccf30c90fe6fcfd183437f718bdb36df726c,1802,KY,Severe Storm,2008-10-09 00:00:00+00:00,2008-09-12 00:00:00+00:00,2008-09-14 00:00:00+00:00,DR,2024-08-27T18:22:14.800Z,2008,10,4,-0.8660254037844386,0.5000000000000001,-2.4492935982947064e-16,1.0,2.0,27.0,South,56,0,0,0,0.3,0,1,0,0,0,0,0,0,0,0,0.6,16.8,54.0,18708304.75,539.0,34709.28525046382,824036.15,16.744478140969967,3
9b829717-93e8-408c-b344-401103bac381,6400c2744b2c7c21dc81130d000df35c02f59b27,1803,OK,Severe Storm,2008-10-09 00:00:00+00:00,2008-09-12 00:00:00+00:00,2008-09-19 00:00:00+00:00,DR,2024-08-27T18:22:14.800Z,2008,10,4,-0.8660254037844386,0.5000000000000001,-2.4492935982947064e-16,1.0,7.0,27.0,South,112,0,0,0,0.3,0,1,0,0,0,0,0,0,0,0,2.1,33.6,189.0,6149283.51,379.0,16225.022453825857,1209975.0,15.631846293177299,3
5e144846-ac1b-4e02-b9c4-e35904a1a814,1948f75a41f3b94ad197c541df84ebce7406d63f,1804,AR,Severe Storm,2008-10-22 00:00:00+00:00,2008-09-13 00:00:00+00:00,2008-09-23 00:00:00+00:00,DR,2024-08-27T18:22:14.800Z,2008,10,4,-0.8660254037844386,0.5000000000000001,-2.4492935982947064e-16,1.0,10.0,39.0,South,52,0,0,0,0.3,0,1,0,0,0,0,0,0,0,0,3.0,15.6,390.0,2620706.21,108.0,24265.79824074074,293261.63,14.778954766794328,3
fe18c464-9858-431b-be89-bda52efa3d85,103cb45972cd2a8c26eedc25d8f1c3e46e72c85c,1805,OH,Severe Storm,2008-10-24 00:00:00+00:00,2008-09-14 00:00:00+00:00,2008-09-14 00:00:00+00:00,DR,2024-08-27T18:22:14.800Z,2008,10,4,-0.8660254037844386,0.5000000000000001,-2.4492935982947064e-16,1.0,0.0,40.0,Midwest,49,0,0,0,0.3,0,1,0,0,0,0,0,0,0,0,0.0,14.7,0.0,38844077.03,1581.0,24569.308684376978,1553025.0,17.47506619149881,0
09700c87-7cb1-470c-aea0-ad508aa38643,0788b582c9c1251aec017598d9c116a91e3984ce,1806,FL,Hurricane,2008-10-27 00:00:00+00:00,2008-08-31 00:00:00+00:00,2008-09-07 00:00:00+00:00,DR,2024-08-27T18:22:14.800Z,2008,10,4,-0.8660254037844386,0.5000000000000001,-2.4492935982947064e-16,1.0,7.0,57.0,South,127,0,0,0,0.6,0,0,0,1,0,0,0,0,0,0,4.2,76.2,399.0,1107827.99,15.0,73855.19933333334,341801.28,13.91791279322231,3
9bbab974-6f1f-4920-a393-675bc7bb9a03,e15f41dff2912e077a4a43b509011d82c06406e1,1807,VI,Hurricane,2008-10-29 00:00:00+00:00,2008-10-14 00:00:00+00:00,2008-10-16 00:00:00+00:00,DR,2024-08-27T18:22:14.800Z,2008,10,4,-0.8660254037844386,0.5000000000000001,-2.4492935982947064e-16,1.0,2.0,15.0,Other,17,0,0,0,0.6,0,0,0,1,0,0,0,0,0,0,1.2,10.2,30.0,7256252.51,113.0,64214.62398230088,1944193.6,15.797374208149153,2
26abd157-0ba3-4f4c-8301-9c41ea60836c,0bd4a5c0bc6a03142541e55d01b88acd4c138f21,1808,KS,Severe Storm,2008-10-31 00:00:00+00:00,2008-09-11 00:00:00+00:00,2008-09-17 00:00:00+00:00,DR,2024-08-27T18:22:14.800Z,2008,10,4,-0.8660254037844386,0.5000000000000001,-2.4492935982947064e-16,1.0,6.0,50.0,Midwest,42,0,0,0,0.3,0,1,0,0,0,0,0,0,0,0,1.7999999999999998,12.6,300.0,3364325.1,221.0,15223.190497737556,684315.82,15.028738233545623,0
e949fab6-264f-49f2-9a75-28a556e51b95,381d77f7eb1bb98c2e5554a84c9b45b58807c791,1809,MO,Severe Storm,2008-11-13 00:00:00+00:00,2008-09-11 00:00:00+00:00,2008-09-24 00:00:00+00:00,DR,2026-07-20T21:43:12.371Z,2008,11,4,-0.5000000000000004,0.8660254037844384,-2.4492935982947064e-16,1.0,13.0,63.0,Midwest,52,0,0,0,0.3,0,1,0,0,0,0,0,0,0,0,3.9,15.6,819.0,8529244.63,453.0,18828.35459161148,1125575.02,15.959011478276867,0
02e01f98-64cd-471f-879f-984f62a17e5d,5e03d99829b851d6c8470dac926f1f5b61571618,1810,CA,Fire,2008-11-18 00:00:00+00:00,2008-11-13 00:00:00+00:00,2008-11-28 00:00:00+00:00,DR,2024-08-27T18:22:14.800Z,2008,11,4,-0.5000000000000004,0.8660254037844384,-2.4492935982947064e-16,1.0,15.0,5.0,West,183,0,0,0,0.3,1,0,0,0,0,0,0,0,0,0,4.5,54.9,75.0,55930929.35,235.0,238003.95468085108,29805597.03,17.83962810084501,4
175741ae-0e0e-4922-99d2-69e52809672c,d6cae6cf3496774fa0676e21f701c7a8f65a7c46,1811,SD,Snowstorm,2008-12-12 00:00:00+00:00,2008-11-05 00:00:00+00:00,2008-11-07 00:00:00+00:00,DR,2024-08-27T18:22:14.800Z,2008,12,4,-2.4492935982947064e-16,1.0,-2.4492935982947064e-16,1.0,2.0,37.0,Midwest,51,0,0,0,0.15,0,0,0,0,0,1,0,0,0,0,0.3,7.6499999999999995,74.0,5825275.23,53.0,109910.85339622642,1115853.18,15.577716977750905,0
0e75e281-5778-4d24-96a5-b74e36cd015a,793846a9f8136a6d89ba5f022f95691916e40256,3299,NY,Severe Storm,2008-12-18 00:00:00+00:00,2008-12-11 00:00:00+00:00,2008-12-31 00:00:00+00:00,EM,2024-08-27T18:22:14.800Z,2008,12,4,-2.4492935982947064e-16,1.0,-2.4492935982947064e-16,1.0,20.0,7.0,Northeast,76,0,0,0,0.3,0,1,0,0,0,0,0,0,0,0,6.0,22.8,140.0,11498194.84,541.0,21253.594898336414,758547.6,16.25770069754772,1
b5c0e56d-aaba-455f-9ff0-351ef144075d,65871b407a3546a94b981e0d886b0b254f8174b1,1812,NH,Severe Ice Storm,2009-01-02 00:00:00+00:00,2008-12-11 00:00:00+00:00,2008-12-23 00:00:00+00:00,DR,2024-08-27T18:22:14.800Z,2009,1,1,0.49999999999999994,0.8660254037844387,1.0,6.123233995736766e-17,12.0,22.0,Northeast,32,0,0,0,0.3,0,0,0,0,0,0,0,1,0,0,3.5999999999999996,9.6,264.0,14898663.36,550.0,27088.478836363636,689821.41,16.516782126629302,1
1630588a-b20a-43f2-9119-7d29f0c2db79,b2e7883e1b2c938593e0378ff60113ae6b95983e,1813,MA,Severe Ice Storm,2009-01-05 00:00:00+00:00,2008-12-11 00:00:00+00:00,2008-12-18 00:00:00+00:00,DR,2024-08-27T18:22:14.800Z,2009,1,1,0.49999999999999994,0.8660254037844387,1.0,6.123233995736766e-17,7.0,25.0,Northeast,33,0,0,0,0.3,0,0,0,0,0,0,0,1,0,0,2.1,9.9,175.0,49802008.6,950.0,52423.16694736842,3618419.49,17.72356589459436,1
a0ff5e31-d98c-4aab-9f03-7773ea9ca72c,e42fd9d9fff4853ab8e3d17cda9cc56a3e2e1b56,1814,HI,Flood,2009-01-05 00:00:00+00:00,2008-12-10 00:00:00+00:00,2008-12-16 00:00:00+00:00,DR,2024-08-27T18:22:14.800Z,2009,1,1,0.49999999999999994,0.8660254037844387,1.0,6.123233995736766e-17,6.0,26.0,West,40,0,0,0,0.44999999999999996,0,0,1,0,0,0,0,0,0,0,2.6999999999999997,18.0,156.0,985503.02,43.0,22918.67488372093,185176.73,13.800908484714233,4
0a88d60b-e554-41c0-9eba-7241686407b4,e07a2b68710030c51e057cec2bbc3253657db9cf,1815,ME,Severe Storm,2009-01-09 00:00:00+00:00,2008-12-11 00:00:00+00:00,2008-12-29 00:00:00+00:00,DR,2024-08-27T18:22:14.800Z,2009,1,1,0.49999999999999994,0.8660254037844387,1.0,6.123233995736766e-17,18.0,29.0,Northeast,49,0,0,0,0.3,0,1,0,0,0,0,0,0,0,0,5.3999999999999995,14.7,522.0,9781024.74,329.0,29729.558480243162,599311.06,16.095954917901924,1
b48bcd78-44ab-4d00-908f-192a96f34eb0,78f3b0d24f00cd027c58c7bffba34fa4898d79d8,3300,DC,Other,2009-01-13 00:00:00+00:00,2009-01-17 00:00:00+00:00,2009-01-21 00:00:00+00:00,EM,2024-08-27T18:22:14.800Z,2009,1,1,0.49999999999999994,0.8660254037844387,1.0,6.123233995736766e-17,4.0,0.0,South,10,0,0,0,0.0,0,0,0,0,0,0,0,0,0,0,0.0,0.0,0.0,9549999.27,31.0,308064.49258064514,3025047.01,16.072051740729165,3
dea66a9d-b5f2-4486-a625-80e17e7bd78a,e36dbce82d4f7c54db25659dc96873cca8a97044,1816,VT,Severe Ice Storm,2009-01-14 00:00:00+00:00,2008-12-11 00:00:00+00:00,2008-12-18 00:00:00+00:00,DR,2024-08-27T18:22:14.800Z,2009,1,1,0.49999999999999994,0.8660254037844387,1.0,6.123233995736766e-17,7.0,34.0,Northeast,29,0,0,0,0.3,0,0,0,0,0,0,0,1,0,0,2.1,8.7,238.0,1337879.37,57.0,23471.567894736843,245669.05,14.10659710610652,1
7d6d3728-2fe8-468d-81c6-688be65c559f,4870870c0e13742ea852c82d0f0619006f044d17,1817,WA,Flood,2009-01-30 00:00:00+00:00,2009-01-06 00:00:00+00:00,2009-01-16 00:00:00+00:00,DR,2024-08-27T18:22:14.800Z,2009,1,1,0.49999999999999994,0.8660254037844387,1.0,6.123233995736766e-17,10.0,24.0,West,93,0,0,0,0.44999999999999996,0,0,1,0,0,0,0,0,0,0,4.5,41.849999999999994,240.0,53261427.87,1894.0,28121.13403907075,2549050.22,17.790722966191467,4
b9b3552b-314e-4aaf-b73b-4e14571fa7f1,42d65f9f36e5ffbd384433cba729aa6a1902d200,1818,KY,Severe Ice Storm,2009-02-05 00:00:00+00:00,2009-01-26 00:00:00+00:00,2009-02-13 00:00:00+00:00,DR,2024-08-27T18:22:14.800Z,2009,2,1,0.8660254037844386,0.5000000000000001,1.0,6.123233995736766e-17,18.0,10.0,South,58,0,0,0,0.3,0,0,0,0,0,0,0,1,0,0,5.3999999999999995,17.4,180.0,258885634.2,2233.0,115936.24460367218,29463605.37,19.371896959211828,3
f41a3773-40ac-471a-8063-1ecf74f648cf,56ae36885f9674cdbc1373601928e62fb4eeaa25,1819,AR,Severe Storm,2009-02-06 00:00:00+00:00,2009-01-26 00:00:00+00:00,2009-01-30 00:00:00+00:00,DR,2024-08-27T18:22:14.800Z,2009,2,1,0.8660254037844386,0.5000000000000001,1.0,6.123233995736766e-17,4.0,11.0,South,54,0,0,0,0.3,0,1,0,0,0,0,0,0,0,0,1.2,16.2,44.0,220915640.58,1186.0,186269.51145025296,21727435.52,19.21329147430365,3
7b5ea79d-6efb-4239-a87b-d52f61415e76,746eb0645f1047a9f49fa84f822f6bddb302366f,1820,OK,Severe Storm,2009-02-15 00:00:00+00:00,2009-02-10 00:00:00+00:00,2009-02-11 00:00:00+00:00,DR,2024-08-27T18:22:14.800Z,2009,2,1,0.8660254037844386,0.5000000000000001,1.0,6.123233995736766e-17,1.0,5.0,South,113,0,0,0,0.3,0,1,0,0,0,0,0,0,0,0,0.3,33.9,5.0,729454.15,25.0,29178.166,134144.1,13.500053164588904,3
cb1fc404-65b7-4d3a-bc40-5f67f1e66e8c,b81a00aee8fbdb7327cc033f1617901e61efe3d1,1821,TN,Severe Ice Storm,2009-02-17 00:00:00+00:00,2009-01-27 00:00:00+00:00,2009-01-31 00:00:00+00:00,DR,2024-08-27T18:22:14.800Z,2009,2,1,0.8660254037844386,0.5000000000000001,1.0,6.123233995736766e-17,4.0,21.0,South,47,0,0,0,0.3,0,0,0,0,0,0,0,1,0,0,1.2,14.1,84.0,6143015.93,95.0,64663.32557894736,1965226.53,15.630826536124685,3
f051f50d-d599-4410-a5e0-af96a0c7b2dd,060eeae049c9473fcb29e822dab7ba7f3f6c3503,1822,MO,Severe Storm,2009-02-17 00:00:00+00:00,2009-01-26 00:00:00+00:00,2009-01-28 00:00:00+00:00,DR,2024-08-27T18:22:14.800Z,2009,2,1,0.8660254037844386,0.5000000000000001,1.0,6.123233995736766e-17,2.0,22.0,Midwest,54,0,0,0,0.3,0,1,0,0,0,0,0,0,0,0,0.6,16.2,44.0,135879596.08,574.0,236724.03498257842,21028597.03,18.727279735988795,0
ca38bf86-fb0e-4786-9e0d-4f7b9ba4cb6c,ab5356ab17bcfa7aa3f3a5376172bf051849cd99,1823,OK,Severe Storm,2009-02-17 00:00:00+00:00,2009-01-26 00:00:00+00:00,2009-01-28 00:00:00+00:00,DR,2024-08-27T18:22:14.800Z,2009,2,1,0.8660254037844386,0.5000000000000001,1.0,6.123233995736766e-17,2.0,22.0,South,114,0,0,0,0.3,0,1,0,0,0,0,0,0,0,0,0.6,34.199999999999996,44.0,9203600.91,213.0,43209.39394366197,1357402.03,16.035105477354982,3
5c8f6832-fdf2-4878-bfbc-07eb3bd3c92b,b1705b776f7fbc904169ab2c61073168a4b14c64,1824,OR,Severe Storm,2009-03-02 00:00:00+00:00,2008-12-13 00:00:00+00:00,2008-12-26 00:00:00+00:00,DR,2024-08-27T18:22:14.800Z,2009,3,1,1.0,6.123233995736766e-17,1.0,6.123233995736766e-17,13.0,79.0,West,74,0,0,0,0.3,0,1,0,0,0,0,0,0,0,0,3.9,22.2,1027.0,10887118.75,447.0,24355.970357941835,933035.68,16.203090974159856,4
d2f3527e-f460-4b46-879a-0019285557de,03f2288667ee95b517c001625b864ebc6479a286,1825,WA,Severe Storm,2009-03-02 00:00:00+00:00,2008-12-12 00:00:00+00:00,2009-01-05 00:00:00+00:00,DR,2024-08-27T18:22:14.800Z,2009,3,1,1.0,6.123233995736766e-17,1.0,6.123233995736766e-17,24.0,80.0,West,94,0,0,0,0.3,0,1,0,0,0,0,0,0,0,0,7.199999999999999,28.2,1920.0,26341587.62,1079.0,24412.963503243744,2749573.6,17.0866595645336,4
bff33755-0a14-4124-8ae2-b697f790ddc9,c3d82e90c72a323107566a89a6dbbe3401607b60,1826,IL,Severe Storm,2009-03-02 00:00:00+00:00,2009-01-26 00:00:00+00:00,2009-01-28 00:00:00+00:00,DR,2024-08-27T18:22:14.800Z,2009,3,1,1.0,6.123233995736766e-17,1.0,6.123233995736766e-17,2.0,35.0,Midwest,53,0,0,0,0.3,0,1,0,0,0,0,0,0,0,0,0.6,15.899999999999999,70.0,12382301.33,236.0,52467.37851694915,1029801.21,16.33177877965872,0
6e60c268-1a4b-4359-bda0-6fe36a44b3a0,76703907068b77b9e3dd66093dc8ae273c6bb6ca,1827,NY,Severe Storm,2009-03-04 00:00:00+00:00,2008-12-11 00:00:00+00:00,2008-12-31 00:00:00+00:00,DR,2024-08-27T18:22:14.800Z,2009,3,1,1.0,6.123233995736766e-17,1.0,6.123233995736766e-17,20.0,83.0,Northeast,77,0,0,0,0.3,0,1,0,0,0,0,0,0,0,0,6.0,23.099999999999998,1660.0,18544378.65,1296.0,14308.934143518518,557907.94,16.73567731728135,1
8d3486e2-dd0d-418d-972a-ba4c87283ad6,6c33be383f5e6c400ee69daf76e47106c08b90f6,1828,IN,Severe Storm,2009-03-05 00:00:00+00:00,2009-01-26 00:00:00+00:00,2009-01-28 00:00:00+00:00,DR,2024-08-27T18:22:14.800Z,2009,3,1,1.0,6.123233995736766e-17,1.0,6.123233995736766e-17,2.0,38.0,Midwest,43,0,0,0,0.3,0,1,0,0,0,0,0,0,0,0,0.6,12.9,76.0,11534461.61,236.0,48874.837330508475,809759.16,16.260849860728413,0
45fe4486-061e-4581-ae3c-768c2c64cb48,3e0acbc2dad276de7eb8f540b112167464f15de8,1829,ND,Severe Storm,2009-03-24 00:00:00+00:00,2009-03-13 00:00:00+00:00,2009-08-10 00:00:00+00:00,DR,2024-08-27T18:22:14.800Z,2009,3,1,1.0,6.123233995736766e-17,1.0,6.123233995736766e-17,150.0,11.0,Midwest,43,0,0,0,0.3,0,1,0,0,0,0,0,0,0,0,45.0,12.9,1650.0,114432778.98,5644.0,20275.12030120482,3213763.27,18.55549813415243,0
cf0726b3-60ba-4ace-904a-3edb9358f0fe,f5997cffab43e528eeb2e086abee27d6ceec349b,3304,MN,Severe Storm,2009-03-26 00:00:00+00:00,2009-03-16 00:00:00+00:00,2009-05-22 00:00:00+00:00,EM,2024-08-27T18:22:14.800Z,2009,3,1,1.0,6.123233995736766e-17,1.0,6.123233995736766e-17,67.0,10.0,Midwest,53,0,0,0,0.3,0,1,0,0,0,0,0,0,0,0,20.099999999999998,15.899999999999999,670.0,544794.58,4.0,136198.645,346697.51,13.208165920715512,0
e59085f2-7227-469e-a07f-36efd6ee0580,7e5aac24667701e311b8cabdaa61c5f316273e1d,1830,MN,Severe Storm,2009-04-09 00:00:00+00:00,2009-03-16 00:00:00+00:00,2009-05-22 00:00:00+00:00,DR,2024-08-27T18:22:14.800Z,2009,4,2,0.8660254037844387,-0.4999999999999998,1.2246467991473532e-16,-1.0,67.0,24.0,Midwest,54,0,0,0,0.3,0,1,0,0,0,0,0,0,0,0,20.099999999999998,16.2,1608.0,29775051.79,2096.0,14205.654479961831,1163294.0,17.20918144616796,0
619ab72e-f34b-4eae-8bde-f6d3f7a1f6cf,a291a8107bff84f6e0c07b61bb0e69d142bd3df0,1831,FL,Severe Storm,2009-04-21 00:00:00+00:00,2009-03-26 00:00:00+00:00,2009-05-05 00:00:00+00:00,DR,2024-10-03T15:41:45.219Z,2009,4,2,0.8660254037844387,-0.4999999999999998,1.2246467991473532e-16,-1.0,40.0,26.0,South,128,0,0,0,0.3,0,1,0,0,0,0,0,0,0,0,12.0,38.4,1040.0,30341897.73,1297.0,23393.907270624517,467295.37,17.228040111666783,3
19f7c6bf-8da4-426e-82b8-1ce10eb78317,03897318c892a8b32b4e5a1786e9116d99da7950,1833,GA,Severe Storm,2009-04-23 00:00:00+00:00,2009-03-26 00:00:00+00:00,2009-04-13 00:00:00+00:00,DR,2024-08-27T18:22:14.800Z,2009,4,2,0.8660254037844387,-0.4999999999999998,1.2246467991473532e-16,-1.0,18.0,28.0,South,46,0,0,0,0.3,0,1,0,0,0,0,0,0,0,0,5.3999999999999995,13.799999999999999,504.0,21303364.25,963.0,22121.8735721703,2571828.2,16.874375611157827,3
72c484fe-a821-4cd4-842d-fce92fd4bf6d,35c623bacdaa03e166f977b7110a97cf7403c366,1834,AR,Tornado,2009-04-27 00:00:00+00:00,2009-04-09 00:00:00+00:00,2009-04-09 00:00:00+00:00,DR,2024-08-27T18:22:14.800Z,2009,4,2,0.8660254037844387,-0.4999999999999998,1.2246467991473532e-16,-1.0,0.0,18.0,South,55,0,0,0,0.44999999999999996,0,0,0,0,1,0,0,0,0,0,0.0,24.749999999999996,0.0,4704401.46,137.0,34338.69678832117,684858.56,15.3640093218736,3
fc4a809f-674e-41b4-85f0-37dd2069d32e,2390d5ef88e6037e65b95a172afbdf38ff35359c,1835,AL,Severe Storm,2009-04-28 00:00:00+00:00,2009-03-25 00:00:00+00:00,2009-04-03 00:00:00+00:00,DR,2024-08-27T18:22:14.800Z,2009,4,2,0.8660254037844387,-0.4999999999999998,1.2246467991473532e-16,-1.0,9.0,34.0,South,67,0,0,0,0.3,0,1,0,0,0,0,0,0,0,0,2.6999999999999997,20.099999999999998,306.0,18067054.08,1290.0,14005.468279069766,494679.33,16.709600676403657,3
ad08a050-7bd6-4ced-808d-9f99ae77f51e,91bc6cf3f9bcf3cd73dfafb0bc08eaff4290a4d7,1836,AL,Severe Storm,2009-05-08 00:00:00+00:00,2009-04-10 00:00:00+00:00,2009-04-13 00:00:00+00:00,DR,2024-08-27T18:22:14.800Z,2009,5,2,0.49999999999999994,-0.8660254037844387,1.2246467991473532e-16,-1.0,3.0,28.0,South,68,0,0,0,0.3,0,1,0,0,0,0,0,0,0,0,0.8999999999999999,20.4,84.0,6100444.28,153.0,39872.18483660131,717826.44,15.62387232320072,3
be2abb2c-9415-44a1-b555-d945080ca926,a1b27735401486a50c9be463f63fbd28305b89a3,1837,MS,Severe Storm,2009-05-12 00:00:00+00:00,2009-03-25 00:00:00+00:00,2009-03-28 00:00:00+00:00,DR,2024-08-27T18:22:14.800Z,2009,5,2,0.49999999999999994,-0.8660254037844387,1.2246467991473532e-16,-1.0,3.0,48.0,South,55,0,0,0,0.3,0,1,0,0,0,0,0,0,0,0,0.8999999999999999,16.5,144.0,2643437.02,184.0,14366.50554347826,451622.3,14.78759090819401,3
3c14ae47-5762-4496-b142-77ed91895a61,3a98f1d909f49f4c610a26e25f570fc635b71dbf,1838,WV,Severe Storm,2009-05-15 00:00:00+00:00,2009-05-03 00:00:00+00:00,2009-06-08 00:00:00+00:00,DR,2024-08-27T18:22:14.800Z,2009,5,2,0.49999999999999994,-0.8660254037844387,1.2246467991473532e-16,-1.0,36.0,12.0,South,48,0,0,0,0.3,0,1,0,0,0,0,0,0,0,0,10.799999999999999,14.399999999999999,432.0,21940064.0,501.0,43792.54291417166,1697239.58,16.90382497543231,3
b73cca36-a2d6-457f-aa4c-ee96c2386c0a,65e37c323acb7df7cd8d364226fbef7b1d870272,1839,TN,Severe Storm,2009-05-15 00:00:00+00:00,2009-04-10 00:00:00+00:00,2009-04-10 00:00:00+00:00,DR,2024-08-27T18:22:14.800Z,2009,5,2,0.49999999999999994,-0.8660254037844387,1.2246467991473532e-16,-1.0,0.0,35.0,South,48,0,0,0,0.3,0,1,0,0,0,0,0,0,0,0,0.0,14.399999999999999,0.0,4546528.04,58.0,78388.41448275863,543543.39,15.329874651458619,3
ad8cee2c-985b-4127-8182-ae09a5e2df7b,6e5ae9c6cfdfb5b5c32965496d79a38860c9ef37,1840,FL,Severe Storm,2009-05-27 00:00:00+00:00,2009-05-17 00:00:00+00:00,2009-05-28 00:00:00+00:00,DR,2024-10-01T16:01:32.093Z,2009,5,2,0.49999999999999994,-0.8660254037844387,1.2246467991473532e-16,-1.0,11.0,10.0,South,130,0,0,0,0.3,0,1,0,0,0,0,0,0,0,0,3.3,39.0,110.0,5187726.21,210.0,24703.458142857144,304190.43,15.461806242079993,3
a30e7f28-8c40-4735-b31e-369ec9c0d5ed,5ec7e8e7318c4b14f7db497bce0a92f93a4f70d8,1841,KY,Severe Storm,2009-05-29 00:00:00+00:00,2009-05-03 00:00:00+00:00,2009-05-20 00:00:00+00:00,DR,2024-12-20T13:21:19.715Z,2009,5,2,0.49999999999999994,-0.8660254037844387,1.2246467991473532e-16,-1.0,17.0,26.0,South,59,0,0,0,0.3,0,1,0,0,0,0,0,0,0,0,5.1,17.7,442.0,32734860.01,1372.0,23859.227412536446,1718576.66,17.303951153934158,3
642650c6-bb9d-4d0f-aa50-62f79bb1abe4,3b552d66f037d83912adc7e885c5d0a5cf6eadd2,1842,AL,Severe Storm,2009-06-03 00:00:00+00:00,2009-05-06 00:00:00+00:00,2009-05-08 00:00:00+00:00,DR,2024-08-27T18:22:14.800Z,2009,6,2,1.2246467991473532e-16,-1.0,1.2246467991473532e-16,-1.0,2.0,28.0,South,69,0,0,0,0.3,0,1,0,0,0,0,0,0,0,0,0.6,20.7,56.0,3945262.25,261.0,15115.947318007662,525966.72,15.188026240073784,3
a78b0616-17e3-4c98-9b69-bd5992e51688,1e8a13dd998e59408cf6f478027cd36b9ca00bb9,1843,AK,Flood,2009-06-11 00:00:00+00:00,2009-04-28 00:00:00+00:00,2009-05-31 00:00:00+00:00,DR,2024-08-27T18:22:14.800Z,2009,6,2,1.2246467991473532e-16,-1.0,1.2246467991473532e-16,-1.0,33.0,44.0,West,47,0,0,0,0.44999999999999996,0,0,1,0,0,0,0,0,0,0,14.849999999999998,21.15,1452.0,19558149.68,222.0,88099.77333333333,3755715.13,16.78890267208892,4
24f96b4e-8885-4f81-9419-832c1be60aa2,f2ed7dabfa5dcc33d85a09b9cf10b6e58a849b07,1844,SD,Severe Storm,2009-06-16 00:00:00+00:00,2009-03-11 00:00:00+00:00,2009-07-06 00:00:00+00:00,DR,2024-08-27T18:22:14.800Z,2009,6,2,1.2246467991473532e-16,-1.0,1.2246467991473532e-16,-1.0,117.0,97.0,Midwest,52,0,0,0,0.3,0,1,0,0,0,0,0,0,0,0,35.1,15.6,11349.0,5247126.59,818.0,6414.580183374083,94668.23,15.47319135912563,0
d2dd2480-ada1-4516-916e-0cbc2182c7cb,b96ba9d398b54a0925e2d492efe021f98f6808a9,1845,AR,Severe Storm,2009-06-16 00:00:00+00:00,2009-04-27 00:00:00+00:00,2009-05-23 00:00:00+00:00,DR,2024-08-27T18:22:14.800Z,2009,6,2,1.2246467991473532e-16,-1.0,1.2246467991473532e-16,-1.0,26.0,50.0,South,56,0,0,0,0.3,0,1,0,0,0,0,0,0,0,0,7.8,16.8,1300.0,9042835.72,1238.0,7304.390726978999,325959.56,16.017483479604724,3
725cfa8c-53f8-4b16-be10-8f8552e66948,72c61ee1d2deb97f7677dcda02f16cf9bc8cecf6,1847,MO,Severe Storm,2009-06-19 00:00:00+00:00,2009-05-08 00:00:00+00:00,2009-05-16 00:00:00+00:00,DR,2024-08-27T18:22:14.800Z,2009,6,2,1.2246467991473532e-16,-1.0,1.2246467991473532e-16,-1.0,8.0,42.0,Midwest,55,0,0,0,0.3,0,1,0,0,0,0,0,0,0,0,2.4,16.5,336.0,27072334.75,740.0,36584.23614864865,5895048.43,17.114022943424064,0
c6ecba93-07cd-4377-8816-091c3856804a,2af3b7caab831c3ee0a731b6f342f773ff30c3e3,3305,OK,Snowstorm,2009-06-23 00:00:00+00:00,2009-03-27 00:00:00+00:00,2009-03-28 00:00:00+00:00,EM,2024-08-27T18:22:14.800Z,2009,6,2,1.2246467991473532e-16,-1.0,1.2246467991473532e-16,-1.0,1.0,88.0,South,122,0,0,0,0.15,0,0,0,0,0,1,0,0,0,0,0.15,18.3,88.0,397944.96,19.0,20944.47157894737,96719.88,12.894071496153314,3
b8c49c7d-7704-4194-b497-f75a8a7ba6f2,dd2f0318b44fc3c13bad6b5339f575a33b4c942b,1848,KS,Severe Storm,2009-06-24 00:00:00+00:00,2009-03-26 00:00:00+00:00,2009-03-29 00:00:00+00:00,DR,2024-08-27T18:22:14.800Z,2009,6,2,1.2246467991473532e-16,-1.0,1.2246467991473532e-16,-1.0,3.0,90.0,Midwest,43,0,0,0,0.3,0,1,0,0,0,0,0,0,0,0,0.8999999999999999,12.9,270.0,12436207.3,244.0,50968.06270491803,4975430.54,16.33612279977927,0
e9a354a5-0831-45c0-952c-be6c28c12706,9b5d31bd08bbeac7b8f3d9f5d678821819be366b,1849,KS,Severe Storm,2009-06-25 00:00:00+00:00,2009-04-25 00:00:00+00:00,2009-05-16 00:00:00+00:00,DR,2024-08-27T18:22:14.800Z,2009,6,2,1.2246467991473532e-16,-1.0,1.2246467991473532e-16,-1.0,21.0,61.0,Midwest,44,0,0,0,0.3,0,1,0,0,0,0,0,0,0,0,6.3,13.2,1281.0,11189070.0,872.0,12831.502293577982,456129.25,16.230448056287646,0
d2bbef79-e1f7-43e4-9a61-2f3a4c82dcb1,9378a0f84c0b7913bdef5e0e5c7ed09f6066e51c,1850,IL,Severe Storm,2009-07-02 00:00:00+00:00,2009-05-08 00:00:00+00:00,2009-05-09 00:00:00+00:00,DR,2024-08-27T18:22:14.800Z,2009,7,3,-0.4999999999999997,-0.8660254037844388,-1.0,-1.8369701987210297e-16,1.0,55.0,Midwest,54,0,0,0,0.3,0,1,0,0,0,0,0,0,0,0,0.3,16.2,55.0,16257328.74,489.0,33246.071042944786,1863683.87,16.6040544259657,0
cb75ed15-2f12-4f2d-a8dd-05827921b729,6fbaa5e131474bce11dcf0316094400a8b87cd87,1851,TN,Severe Storm,2009-07-13 00:00:00+00:00,2009-06-12 00:00:00+00:00,2009-06-14 00:00:00+00:00,DR,2024-08-27T18:22:14.800Z,2009,7,3,-0.4999999999999997,-0.8660254037844388,-1.0,-1.8369701987210297e-16,2.0,31.0,South,49,0,0,0,0.3,0,1,0,0,0,0,0,0,0,0,0.6,14.7,62.0,8931032.41,52.0,171750.62326923077,4888508.11,16.0050426695615,3
42ababb7-a934-436e-bf26-d95dbe4c22f5,4f019b93f245da175852b1f828d951097167242b,1852,ME,Severe Storm,2009-07-30 00:00:00+00:00,2009-06-18 00:00:00+00:00,2009-07-08 00:00:00+00:00,DR,2024-08-27T18:22:14.800Z,2009,7,3,-0.4999999999999997,-0.8660254037844388,-1.0,-1.8369701987210297e-16,20.0,42.0,Northeast,50,0,0,0,0.3,0,1,0,0,0,0,0,0,0,0,6.0,15.0,840.0,2915456.44,372.0,7837.2484946236555,211723.7,14.885537291698663,1
ec049c24-c8c1-486b-99b2-c50c3dfd7a85,e9845c17856b56befc6502b4d1dc87250a64304a,1853,NE,Severe Storm,2009-07-31 00:00:00+00:00,2009-06-05 00:00:00+00:00,2009-06-26 00:00:00+00:00,DR,2024-08-27T18:22:14.800Z,2009,7,3,-0.4999999999999997,-0.8660254037844388,-1.0,-1.8369701987210297e-16,21.0,56.0,Midwest,44,0,0,0,0.3,0,1,0,0,0,0,0,0,0,0,6.3,13.2,1176.0,4491366.48,246.0,18257.587317073172,244320.97,15.317667774596291,0
6cb1b9ab-59be-4bae-b812-780e02eca4b1,05e80fb586e88c6bc108b9c5e0b04fc5d2e9cc3d,1854,IA,Severe Storm,2009-08-13 00:00:00+00:00,2009-07-10 00:00:00+00:00,2009-07-10 00:00:00+00:00,DR,2024-08-27T18:22:14.800Z,2009,8,3,-0.8660254037844385,-0.5000000000000004,-1.0,-1.8369701987210297e-16,0.0,34.0,Midwest,43,0,0,0,0.3,0,1,0,0,0,0,0,0,0,0,0.0,12.9,0.0,6288443.53,75.0,83845.91373333333,972731.25,15.654224305566963,0
d7d18a69-e8d8-4c44-a876-87a5a0306e2c,1dee865744e67f9d7e60d7e5931a50bee675d787,1855,KY,Severe Storm,2009-08-14 00:00:00+00:00,2009-08-04 00:00:00+00:00,2009-08-04 00:00:00+00:00,DR,2024-08-27T18:22:14.800Z,2009,8,3,-0.8660254037844385,-0.5000000000000004,-1.0,-1.8369701987210297e-16,0.0,10.0,South,60,0,0,0,0.3,0,1,0,0,0,0,0,0,0,0,0.0,18.0,0.0,5890036.54,184.0,32011.068152173913,1982935.5,15.58877292912189,3
c317406f-3ff7-4c8a-87ac-e18abac9df00,704b7d87450130bce3d852853e261d2bf274e39d,1856,TN,Severe Storm,2009-08-21 00:00:00+00:00,2009-07-15 00:00:00+00:00,2009-07-17 00:00:00+00:00,DR,2024-08-27T18:22:14.800Z,2009,8,3,-0.8660254037844385,-0.5000000000000004,-1.0,-1.8369701987210297e-16,2.0,37.0,South,50,0,0,0,0.3,0,1,0,0,0,0,0,0,0,0,0.6,15.0,74.0,2203358.38,107.0,20592.134392523363,490784.81,14.605493744572488,3
166e95df-8f78-4cb9-9e3c-118b591e56f9,d62489d8237038af7de7685590155254155b07c2,1857,NY,Severe Storm,2009-09-01 00:00:00+00:00,2009-08-08 00:00:00+00:00,2009-08-10 00:00:00+00:00,DR,2024-08-27T18:22:14.800Z,2009,9,3,-1.0,-1.8369701987210297e-16,-1.0,-1.8369701987210297e-16,2.0,24.0,Northeast,78,0,0,0,0.3,0,1,0,0,0,0,0,0,0,0,0.6,23.4,48.0,41582963.17,1298.0,32036.18117873652,3927903.15,17.543201126213035,1
a5064579-3796-4354-b0f7-9e57d6f43463,509c853c98aec420567e3f5c145e4df9cf584cd0,1858,GA,Severe Storm,2009-09-24 00:00:00+00:00,2009-09-18 00:00:00+00:00,2009-10-08 00:00:00+00:00,DR,2026-02-18T17:01:08.817Z,2009,9,3,-1.0,-1.8369701987210297e-16,-1.0,-1.8369701987210297e-16,20.0,6.0,South,47,0,0,0,0.3,0,1,0,0,0,0,0,0,0,0,6.0,14.1,120.0,79015477.34,2067.0,38227.12982099661,15851809.93,18.18515431959427,3
aa9211ff-d86a-4190-b1f2-d185c87d76bf,24f55152b533045ea0badc25fd116781898518de,1859,AS,Earthquake,2009-09-29 00:00:00+00:00,2009-09-29 00:00:00+00:00,2009-10-06 00:00:00+00:00,DR,2025-04-25T11:41:29.109Z,2009,9,3,-1.0,-1.8369701987210297e-16,-1.0,-1.8369701987210297e-16,7.0,0.0,Other,10,0,0,0,0.6,0,0,0,0,0,0,0,0,0,0,4.2,6.0,0.0,94144289.11,176.0,534910.7335795454,35335167.36,18.360339164494413,2
cc75ff4d-122b-4732-a048-2803ba803594,ba4588c5fd52461bb85fd593f8e51cf9a3024c7b,1860,KS,Severe Storm,2009-09-30 00:00:00+00:00,2009-07-08 00:00:00+00:00,2009-07-14 00:00:00+00:00,DR,2024-08-27T18:22:14.800Z,2009,9,3,-1.0,-1.8369701987210297e-16,-1.0,-1.8369701987210297e-16,6.0,84.0,Midwest,45,0,0,0,0.3,0,1,0,0,0,0,0,0,0,0,1.7999999999999998,13.5,504.0,3143581.09,182.0,17272.42357142857,611948.35,14.960873500668196,0
5348f2dc-8c51-4b1a-84f8-ee6a83361f8d,f13af9798b218041b1cb126c80560eb46353cc6f,3306,PR,Fire,2009-10-24 00:00:00+00:00,2009-10-23 00:00:00+00:00,2009-10-26 00:00:00+00:00,EM,2026-07-20T21:43:12.371Z,2009,10,4,-0.8660254037844386,0.5000000000000001,-2.4492935982947064e-16,1.0,3.0,1.0,Other,25,0,0,0,0.3,1,0,0,0,0,0,0,0,0,0,0.8999999999999999,7.5,3.0,2961508.2399999998,69.0,42920.40927536231,490507.75,14.901209574734809,2
cde1b8f2-c2e9-4655-9c44-6b02644ae5d7,ca4bde38da31baae442b786e07160348f40778b1,1861,AR,Severe Storm,2009-12-03 00:00:00+00:00,2009-10-29 00:00:00+00:00,2009-11-08 00:00:00+00:00,DR,2024-08-27T18:22:14.800Z,2009,12,4,-2.4492935982947064e-16,1.0,-2.4492935982947064e-16,1.0,10.0,35.0,South,57,0,0,0,0.3,0,1,0,0,0,0,0,0,0,0,3.0,17.099999999999998,350.0,15310180.02,1873.0,8174.148435664709,531464.99,16.544028591208644,3
a1e1a900-e33b-4494-8ad8-4fcc9ee703a0,e4ef0ddc33a8c66fc0a50375143ba2d6269dcc5a,1862,VA,Severe Storm,2009-12-09 00:00:00+00:00,2009-11-11 00:00:00+00:00,2009-11-16 00:00:00+00:00,DR,2024-08-27T18:22:14.800Z,2009,12,4,-2.4492935982947064e-16,1.0,-2.4492935982947064e-16,1.0,5.0,28.0,South,50,0,0,0,0.3,0,1,0,0,0,0,0,0,0,0,1.5,15.0,140.0,7711083.64,316.0,24402.163417721516,701368.47,15.858169415281896,3
165d8eb0-eb24-4ef9-a093-0869760bf680,6c66b31727794d0188f443ae3ae0b177da2ddcf2,1863,LA,Severe Storm,2009-12-10 00:00:00+00:00,2009-10-29 00:00:00+00:00,2009-11-03 00:00:00+00:00,DR,2024-08-27T18:22:14.800Z,2009,12,4,-2.4492935982947064e-16,1.0,-2.4492935982947064e-16,1.0,5.0,42.0,South,64,0,0,0,0.3,0,1,0,0,0,0,0,0,0,0,1.5,19.2,210.0,6237293.92,331.0,18843.78827794562,449530.78,15.646057139944284,3
09b31ac2-0282-4bfa-ac7c-dc17af63f65f,5e72bb90378a42b90d10eae41f5f6a599a8fc689,1864,NE,Severe Storm,2009-12-16 00:00:00+00:00,2009-11-16 00:00:00+00:00,2009-11-17 00:00:00+00:00,DR,2024-08-27T18:22:14.800Z,2009,12,4,-2.4492935982947064e-16,1.0,-2.4492935982947064e-16,1.0,1.0,30.0,Midwest,45,0,0,0,0.3,0,1,0,0,0,0,0,0,0,0,0.3,13.5,30.0,5125804.16,38.0,134889.58315789475,1528749.19,15.449798175039387,0
0f7e81bc-a939-4a18-b0aa-aa7f335fb04a,6e6572b13b4032219e14f10f2f69367439ece560,1865,AK,Severe Storm,2009-12-18 00:00:00+00:00,2009-10-06 00:00:00+00:00,2009-10-11 00:00:00+00:00,DR,2024-08-27T18:22:14.800Z,2009,12,4,-2.4492935982947064e-16,1.0,-2.4492935982947064e-16,1.0,5.0,73.0,West,48,0,0,0,0.3,0,1,0,0,0,0,0,0,0,0,1.5,14.399999999999999,365.0,3950737.77,52.0,75975.72634615385,430555.66,15.18941314976905,4
4851bae1-8013-427a-9d33-e443b4d71ff8,2fabaae093e748deaaa2ee4ed1c2cd46cdbf2c14,1866,AL,Hurricane,2009-12-22 00:00:00+00:00,2009-11-09 00:00:00+00:00,2009-11-10 00:00:00+00:00,DR,2024-08-27T18:22:14.800Z,2009,12,4,-2.4492935982947064e-16,1.0,-2.4492935982947064e-16,1.0,1.0,43.0,South,70,0,0,0,0.6,0,0,0,1,0,0,0,0,0,0,0.6,42.0,43.0,4228940.04,38.0,111287.89578947368,1414878.24,15.257462174527218,3
372003f0-76f6-498d-bbb3-8aba7b8010d2,271dc4d92fd2b7819107c0eca0a7839143e26ac0,1867,NJ,Severe Storm,2009-12-22 00:00:00+00:00,2009-11-11 00:00:00+00:00,2009-11-15 00:00:00+00:00,DR,2024-08-27T18:22:14.800Z,2009,12,4,-2.4492935982947064e-16,1.0,-2.4492935982947064e-16,1.0,4.0,41.0,Northeast,35,0,0,0,0.3,0,1,0,0,0,0,0,0,0,0,1.2,10.5,164.0,12182946.129999999,193.0,63124.07321243523,3990029.59,16.315547755673514,1
9d8e148f-73f5-4e9d-ab43-a4cee7cb49e5,421b2e596ecc49c16f7726da089a3111d2be29ae,1868,KS,Severe Storm,2009-12-23 00:00:00+00:00,2009-11-14 00:00:00+00:00,2009-11-16 00:00:00+00:00,DR,2024-08-27T18:22:14.800Z,2009,12,4,-2.4492935982947064e-16,1.0,-2.4492935982947064e-16,1.0,2.0,39.0,Midwest,46,0,0,0,0.3,0,1,0,0,0,0,0,0,0,0,0.6,13.799999999999999,78.0,19988438.27,62.0,322394.1656451613,11509437.09,16.81066462789076,0
65fde367-3a27-45b4-aa4e-d26a376b88a0,6a39ea1e10a9a16f364d766b0414e6ac0803605e,1869,NY,Severe Storm,2009-12-31 00:00:00+00:00,2009-11-12 00:00:00+00:00,2009-11-14 00:00:00+00:00,DR,2024-08-27T18:22:14.800Z,2009,12,4,-2.4492935982947064e-16,1.0,-2.4492935982947064e-16,1.0,2.0,49.0,Northeast,79,0,0,0,0.3,0,1,0,0,0,0,0,0,0,0,0.6,23.7,98.0,17438357.78,72.0,242199.41361111111,5870613.2,16.674182865365424,1
8de79adf-6a3f-4ba8-a047-818aedb67da9,a8bf431cdba95688c58fcee5cd2b971255435d4c,1870,AL,Severe Storm,2009-12-31 00:00:00+00:00,2009-12-12 00:00:00+00:00,2009-12-18 00:00:00+00:00,DR,2024-08-27T18:22:14.800Z,2009,12,4,-2.4492935982947064e-16,1.0,-2.4492935982947064e-16,1.0,6.0,19.0,South,71,0,0,0,0.3,0,1,0,0,0,0,0,0,0,0,1.7999999999999998,21.3,114.0,19968402.53,1408.0,14182.104069602274,671495.75,16.809661758781232,3
4e69fc70-1bd2-48c5-b04c-89fa97d0d176,9e971d6fc3489ea266628521494a779d73d14d70,1871,NC,Severe Storm,2010-02-02 00:00:00+00:00,2009-12-18 00:00:00+00:00,2009-12-25 00:00:00+00:00,DR,2024-10-10T14:02:49.284Z,2010,2,1,0.8660254037844386,0.5000000000000001,1.0,6.123233995736766e-17,7.0,46.0,South,45,0,0,0,0.3,0,1,0,0,0,0,0,0,0,0,2.1,13.5,322.0,18907114.05,248.0,76238.36310483872,4447981.56,16.75504886685942,3
6245b462-eccf-45ba-bfab-a2cd2b5e1826,f2010dc3a41717fa1d641d0684b795c2ae8943d9,1872,AR,Severe Storm,2010-02-04 00:00:00+00:00,2009-12-23 00:00:00+00:00,2010-01-02 00:00:00+00:00,DR,2024-08-27T18:22:14.800Z,2010,2,1,0.8660254037844386,0.5000000000000001,1.0,6.123233995736766e-17,10.0,43.0,South,58,0,0,0,0.3,0,1,0,0,0,0,0,0,0,0,3.0,17.4,430.0,9308284.68,1027.0,9063.568334956182,881619.97,16.04641549481129,3
b942655b-969d-4aa2-a322-0ca815475d6d,9eca386e3d9a8da004a5633e7bc725ba18e76a44,1873,NJ,Snowstorm,2010-02-05 00:00:00+00:00,2009-12-19 00:00:00+00:00,2009-12-20 00:00:00+00:00,DR,2024-08-27T18:22:14.800Z,2010,2,1,0.8660254037844386,0.5000000000000001,1.0,6.123233995736766e-17,1.0,48.0,Northeast,36,0,0,0,0.15,0,0,0,0,0,1,0,0,0,0,0.15,5.3999999999999995,48.0,13728487.92,493.0,27846.831480730223,2013694.59,16.434983714877553,1
67d1ac59-b573-4086-83ec-8833ffff196b,78db67f01bed5014d1c38f159104f111da9c4159,1874,VA,Snowstorm,2010-02-16 00:00:00+00:00,2009-12-18 00:00:00+00:00,2009-12-20 00:00:00+00:00,DR,2024-08-27T18:22:14.800Z,2010,2,1,0.8660254037844386,0.5000000000000001,1.0,6.123233995736766e-17,2.0,60.0,South,51,0,0,0,0.15,0,0,0,0,0,1,0,0,0,0,0.3,7.6499999999999995,120.0,22887905.74,422.0,54236.74345971564,3466542.48,16.946119239079525,3
02c555bf-5ea1-4ec5-9163-35446ebc50e9,e334294532c14581ea4ecadc54d45875d9cb330e,1875,MD,Snowstorm,2010-02-19 00:00:00+00:00,2009-12-18 00:00:00+00:00,2009-12-20 00:00:00+00:00,DR,2024-08-27T18:22:14.800Z,2010,2,1,0.8660254037844386,0.5000000000000001,1.0,6.123233995736766e-17,2.0,63.0,South,21,0,0,0,0.15,0,0,0,0,0,1,0,0,0,0,0.3,3.15,126.0,24577084.14,371.0,66245.50981132075,2666198.06,17.01732506841439,3
cb118ae7-2f1f-4ff0-bb72-f1c345f35482,b7060a1f28875619952fc8a8a14f234d269480dd,1876,OK,Severe Storm,2010-02-25 00:00:00+00:00,2009-12-24 00:00:00+00:00,2009-12-25 00:00:00+00:00,DR,2024-08-27T18:22:14.800Z,2010,2,1,0.8660254037844386,0.5000000000000001,1.0,6.123233995736766e-17,1.0,63.0,South,124,0,0,0,0.3,0,1,0,0,0,0,0,0,0,0,0.3,37.199999999999996,63.0,18085951.67,805.0,22467.020708074535,710542.67,16.710646099337858,3
01b2382a-e6c8-4e91-91c3-1697410a01fa,ad7948edff6b53d8ac57abde0641459fe2bfb667,1877,IA,Severe Storm,2010-02-25 00:00:00+00:00,2009-12-23 00:00:00+00:00,2009-12-27 00:00:00+00:00,DR,2024-08-27T18:22:14.800Z,2010,2,1,0.8660254037844386,0.5000000000000001,1.0,6.123233995736766e-17,4.0,64.0,Midwest,44,0,0,0,0.3,0,1,0,0,0,0,0,0,0,0,1.2,13.2,256.0,5466140.5,393.0,13908.754452926209,223949.69,15.51408353243841,0
c7921862-e76d-4b5f-9101-8786d8454c4f,c78d1506ae00aed9b9701c639662ab03f8e3aafa,1878,NE,Severe Storm,2010-02-25 00:00:00+00:00,2009-12-22 00:00:00+00:00,2010-01-08 00:00:00+00:00,DR,2024-08-27T18:22:14.800Z,2010,2,1,0.8660254037844386,0.5000000000000001,1.0,6.123233995736766e-17,17.0,65.0,Midwest,46,0,0,0,0.3,0,1,0,0,0,0,0,0,0,0,5.1,13.799999999999999,1105.0,6577021.37,375.0,17538.723653333334,718890.51,15.699092673524472,0
fe14eca7-a07b-4f75-ae67-8f68948efbeb,f370014b8e462863c326881a2e8d066fac2211eb,1879,ND,Severe Storm,2010-02-26 00:00:00+00:00,2010-01-20 00:00:00+00:00,2010-01-25 00:00:00+00:00,DR,2024-08-27T18:22:14.800Z,2010,2,1,0.8660254037844386,0.5000000000000001,1.0,6.123233995736766e-17,5.0,37.0,Midwest,44,0,0,0,0.3,0,1,0,0,0,0,0,0,0,0,1.5,13.2,185.0,12773947.540000001,81.0,157703.05604938272,1177979.68,16.362918384600174,0
6ec39cfc-85c4-415a-9faf-e650cc523525,33ad20057eecf039e73d43e4027483cda29008b4,1880,IA,Severe Storm,2010-03-02 00:00:00+00:00,2010-01-19 00:00:00+00:00,2010-01-26 00:00:00+00:00,DR,2024-08-27T18:22:14.800Z,2010,3,1,1.0,6.123233995736766e-17,1.0,6.123233995736766e-17,7.0,42.0,Midwest,45,0,0,0,0.3,0,1,0,0,0,0,0,0,0,0,2.1,13.5,294.0,84281914.59,500.0,168563.82918,1696171.37,18.24967787552189,0
b39582e1-7805-4e5f-8542-705fa1fe7ea5,c0eb58a6111a7995db0ae8313d3b591239243d17,1881,WV,Snowstorm,2010-03-02 00:00:00+00:00,2009-12-18 00:00:00+00:00,2009-12-20 00:00:00+00:00,DR,2024-08-27T18:22:14.800Z,2010,3,1,1.0,6.123233995736766e-17,1.0,6.123233995736766e-17,2.0,74.0,South,49,0,0,0,0.15,0,0,0,0,0,1,0,0,0,0,0.3,7.35,148.0,2949526.36,140.0,21068.045428571426,297108.55,14.897155498530744,3
992dd7cd-b063-48b5-95c0-ea6886b68653,d14b99e12fde5a8a5fd67be9d0910f5f4fd00f54,1882,DC,Snowstorm,2010-03-03 00:00:00+00:00,2009-12-18 00:00:00+00:00,2009-12-20 00:00:00+00:00,DR,2024-08-27T18:22:14.800Z,2010,3,1,1.0,6.123233995736766e-17,1.0,6.123233995736766e-17,2.0,75.0,South,11,0,0,0,0.15,0,0,0,0,0,1,0,0,0,0,0.3,1.65,150.0,3559206.0100000002,52.0,68446.26942307693,1184879.78,15.085048328015747,3
2a4e36b1-5a9a-448d-b3ac-7047b6e3e0a9,c0ec3f275ed665109cd006786f5122bf06ed0a1a,1883,OK,Severe Ice Storm,2010-03-05 00:00:00+00:00,2010-01-28 00:00:00+00:00,2010-01-30 00:00:00+00:00,DR,2024-08-27T18:22:14.800Z,2010,3,1,1.0,6.123233995736766e-17,1.0,6.123233995736766e-17,2.0,36.0,South,125,0,0,0,0.3,0,0,0,0,0,0,0,1,0,0,0.6,37.5,72.0,118162678.94,1140.0,103651.47275438596,22110902.76,18.58757287653277,3
72f77cd5-1ec7-4fc3-acaa-139de5983f1d,844b000367c3e693e3653d2da106f818a15cfc69,1884,CA,Severe Storm,2010-03-08 00:00:00+00:00,2010-01-17 00:00:00+00:00,2010-02-06 00:00:00+00:00,DR,2024-08-27T18:22:14.800Z,2010,3,1,1.0,6.123233995736766e-17,1.0,6.123233995736766e-17,20.0,50.0,West,194,0,0,0,0.3,0,1,0,0,0,0,0,0,0,0,6.0,58.199999999999996,1000.0,28014674.11,430.0,65150.40490697674,2159065.81,17.14823904191267,4
b69b72a4-9dba-476a-b7db-dd5c00994e9c,c71bf449b812e6d8d0699aae60865a9bc3b19620,1885,KS,Severe Storm,2010-03-09 00:00:00+00:00,2009-12-22 00:00:00+00:00,2010-01-08 00:00:00+00:00,DR,2024-08-27T18:22:14.800Z,2010,3,1,1.0,6.123233995736766e-17,1.0,6.123233995736766e-17,17.0,77.0,Midwest,47,0,0,0,0.3,0,1,0,0,0,0,0,0,0,0,5.1,14.1,1309.0,15069225.02,636.0,23693.75003144654,708102.99,16.528165210292386,0
f848330e-5c0d-43f0-9830-b8873a603ca0,9a73f4d56f5e6f104fbcefceabf855911dc08758,1886,SD,Severe Storm,2010-03-09 00:00:00+00:00,2009-12-23 00:00:00+00:00,2009-12-27 00:00:00+00:00,DR,2024-08-27T18:22:14.800Z,2010,3,1,1.0,6.123233995736766e-17,1.0,6.123233995736766e-17,4.0,76.0,Midwest,53,0,0,0,0.3,0,1,0,0,0,0,0,0,0,0,1.2,15.899999999999999,304.0,904502.99,91.0,9939.593296703297,209379.75,13.715141995084705,0
b90c53c0-f2da-4cd3-bd13-52fa71509167,68f7438116d3086c77e3412bbbae1aaee3c17506,1887,SD,Severe Storm,2010-03-10 00:00:00+00:00,2010-01-20 00:00:00+00:00,2010-01-26 00:00:00+00:00,DR,2024-08-27T18:22:14.800Z,2010,3,1,1.0,6.123233995736766e-17,1.0,6.123233995736766e-17,6.0,49.0,Midwest,54,0,0,0,0.3,0,1,0,0,0,0,0,0,0,0,1.7999999999999998,16.2,294.0,49059867.72,493.0,99512.91626774847,1949568.8,17.708551920883984,0
defd8ab9-ce80-4946-977e-30b840783a6d,795506b46e697f0eacb590b0b44446beedb3d6c7,3309,ND,Flood,2010-03-14 00:00:00+00:00,2010-02-26 00:00:00+00:00,2010-04-30 00:00:00+00:00,EM,2024-08-27T18:22:14.800Z,2010,3,1,1.0,6.123233995736766e-17,1.0,6.123233995736766e-17,63.0,16.0,Midwest,45,0,0,0,0.44999999999999996,0,0,1,0,0,0,0,0,0,0,28.349999999999998,20.249999999999996,1008.0,4872449.38,212.0,22983.25179245283,541939.28,15.399107526628057,0
f416de77-3f2f-421e-9214-d71a1b9a6ea6,562b43ac12710125dd88402edbc5bed6b0afbd03,1888,AZ,Severe Storm,2010-03-18 00:00:00+00:00,2010-01-18 00:00:00+00:00,2010-01-22 00:00:00+00:00,DR,2024-08-27T18:22:14.800Z,2010,3,1,1.0,6.123233995736766e-17,1.0,6.123233995736766e-17,4.0,59.0,West,63,0,0,0,0.3,0,1,0,0,0,0,0,0,0,0,1.2,18.9,236.0,6758605.82,331.0,20418.748700906344,482249.61,15.726327335063354,4
8b02cefd-bcd5-4661-b22f-3fcad94d37d4,9fc99d32424bfaec6117c5b6bf9c5cd386ce1478,1889,NJ,Snowstorm,2010-03-23 00:00:00+00:00,2010-02-05 00:00:00+00:00,2010-02-06 00:00:00+00:00,DR,2024-08-27T18:22:14.800Z,2010,3,1,1.0,6.123233995736766e-17,1.0,6.123233995736766e-17,1.0,46.0,Northeast,37,0,0,0,0.15,0,0,0,0,0,1,0,0,0,0,0.15,5.55,46.0,14025375.64,546.0,25687.501172161174,2055575.1,16.45637886391441,1
03fdb4fe-18e0-4021-a4ac-4893620311b0,71a7529c479a7c397ccdfe51c7074764bbe53499,1890,DC,Severe Storm,2010-03-24 00:00:00+00:00,2010-02-05 00:00:00+00:00,2010-02-11 00:00:00+00:00,DR,2024-08-27T18:22:14.800Z,2010,3,1,1.0,6.123233995736766e-17,1.0,6.123233995736766e-17,6.0,47.0,South,12,0,0,0,0.3,0,1,0,0,0,0,0,0,0,0,1.7999999999999998,3.5999999999999996,282.0,7667188.7299999995,75.0,102229.18306666666,1549527.01,15.852460708550224,3
0b64171a-7ed5-4dfa-912b-2747d934608c,f671bcc1d41d595976d59d75ecd79a3150d834cf,1891,ME,Severe Storm,2010-03-25 00:00:00+00:00,2010-02-23 00:00:00+00:00,2010-03-02 00:00:00+00:00,DR,2024-08-27T18:22:14.800Z,2010,3,1,1.0,6.123233995736766e-17,1.0,6.123233995736766e-17,7.0,30.0,Northeast,51,0,0,0,0.3,0,1,0,0,0,0,0,0,0,0,2.1,15.299999999999999,210.0,5295215.58,509.0,10403.174027504912,640468.46,15.482314438919582,1
f033373b-0bbb-4471-9b9c-c7801b905d16,e71ccac0e4bf74ecf7676f765a8cac48d094f560,1892,NH,Severe Storm,2010-03-29 00:00:00+00:00,2010-02-23 00:00:00+00:00,2010-03-03 00:00:00+00:00,DR,2024-08-27T18:22:14.800Z,2010,3,1,1.0,6.123233995736766e-17,1.0,6.123233995736766e-17,8.0,34.0,Northeast,33,0,0,0,0.3,0,1,0,0,0,0,0,0,0,0,2.4,9.9,272.0,6841093.22,419.0,16327.191455847254,870346.31,15.738458250488518,1
7da1e670-7bdf-43d4-94da-506389ddf810,47aa7a55f04f97d999c689274d59a69faf92da89,1893,WV,Severe Storm,2010-03-29 00:00:00+00:00,2010-03-12 00:00:00+00:00,2010-04-09 00:00:00+00:00,DR,2024-08-27T18:22:14.800Z,2010,3,1,1.0,6.123233995736766e-17,1.0,6.123233995736766e-17,28.0,17.0,South,50,0,0,0,0.3,0,1,0,0,0,0,0,0,0,0,8.4,15.0,476.0,5981645.27,264.0,22657.747234848484,1279831.88,15.60420638402645,3
58c482b8-78d9-4f2f-9017-c8e382d758ae,a9b58af284986c4d72fa6af3510db7ad91c3d0fd,1894,RI,Severe Storm,2010-03-29 00:00:00+00:00,2010-03-12 00:00:00+00:00,2010-04-12 00:00:00+00:00,DR,2024-08-27T18:22:14.800Z,2010,3,1,1.0,6.123233995736766e-17,1.0,6.123233995736766e-17,31.0,17.0,Northeast,14,0,0,0,0.3,0,1,0,0,0,0,0,0,0,0,9.299999999999999,4.2,527.0,25963715.03,730.0,35566.73291780822,8522950.39,17.072210584008978,1
f39b7acf-fadb-4144-bfbd-e7971b78bbf4,81b89e4c9cc92c893afa40a819d887e69193dc38,1895,MA,Severe Storm,2010-03-29 00:00:00+00:00,2010-03-12 00:00:00+00:00,2010-04-26 00:00:00+00:00,DR,2024-08-27T18:22:14.800Z,2010,3,1,1.0,6.123233995736766e-17,1.0,6.123233995736766e-17,45.0,17.0,Northeast,34,0,0,0,0.3,0,1,0,0,0,0,0,0,0,0,13.5,10.2,765.0,25075703.85,1331.0,18839.74744552968,1161887.68,17.03741000108819,1
22cc4ac7-c6a5-4f10-ac4a-456a1c047139,77cf94f5b32171f7766dc2ed4ff349cdc0573d83,1896,DE,Snowstorm,2010-03-31 00:00:00+00:00,2010-02-05 00:00:00+00:00,2010-02-11 00:00:00+00:00,DR,2024-08-27T18:22:14.800Z,2010,3,1,1.0,6.123233995736766e-17,1.0,6.123233995736766e-17,6.0,54.0,South,15,0,0,0,0.15,0,0,0,0,0,1,0,0,0,0,0.8999999999999999,2.25,324.0,9201061.54,360.0,25558.504277777774,1203785.05,16.03482952882867,3
bbe2b898-a56a-469b-8a08-28c98b8d4d35,8792ada3ce87b02197c06a0a34d20477997a73fd,1897,NJ,Severe Storm,2010-04-02 00:00:00+00:00,2010-03-12 00:00:00+00:00,2010-04-15 00:00:00+00:00,DR,2024-08-27T18:22:14.800Z,2010,4,2,0.8660254037844387,-0.4999999999999998,1.2246467991473532e-16,-1.0,34.0,21.0,Northeast,38,0,0,0,0.3,0,1,0,0,0,0,0,0,0,0,10.2,11.4,714.0,31525292.67,1491.0,21143.724124748493,1192768.31,17.266300755235786,1
d158d96f-ed29-415a-8e81-c0e9fcbb0acb,f0482c84630730ee8ef63d0265caf405e4935097,1898,PA,Snowstorm,2010-04-16 00:00:00+00:00,2010-02-05 00:00:00+00:00,2010-02-11 00:00:00+00:00,DR,2024-08-27T18:22:14.800Z,2010,4,2,0.8660254037844387,-0.4999999999999998,1.2246467991473532e-16,-1.0,6.0,70.0,Northeast,47,0,0,0,0.15,0,0,0,0,0,1,0,0,0,0,0.8999999999999999,7.05,420.0,44209703.04,2084.0,21213.86902111324,2801290.84,17.60445487136699,1
0cd41021-1fde-4584-8981-95e2be3a57a0,1cc1c8f634bd6ff544c7a6d44484668a7b5e9f28,1899,NY,Severe Storm,2010-04-16 00:00:00+00:00,2010-03-13 00:00:00+00:00,2010-03-31 00:00:00+00:00,DR,2024-08-27T18:22:14.800Z,2010,4,2,0.8660254037844387,-0.4999999999999998,1.2246467991473532e-16,-1.0,18.0,34.0,Northeast,80,0,0,0,0.3,0,1,0,0,0,0,0,0,0,0,5.3999999999999995,24.0,612.0,87911844.27,1289.0,68201.5859348332,26376481.95,18.29184511205184,1
8435f77f-7fff-4a63-8868-ffdf449df20b,b8bcf23cef27cf676cd6f58ba48c34aa1de9c0e5,1900,MN,Flood,2010-04-19 00:00:00+00:00,2010-03-01 00:00:00+00:00,2010-04-26 00:00:00+00:00,DR,2024-08-27T18:22:14.800Z,2010,4,2,0.8660254037844387,-0.4999999999999998,1.2246467991473532e-16,-1.0,56.0,49.0,Midwest,56,0,0,0,0.44999999999999996,0,0,1,0,0,0,0,0,0,0,25.199999999999996,25.199999999999996,2744.0,12735696.78,715.0,17812.16332867133,1102182.98,16.35991945719932,0
900c837d-7938-416a-9eee-424cf7833c7a,fb5f6a3787061914e586bba5263755dff4b14dcb,1901,ND,Severe Storm,2010-04-21 00:00:00+00:00,2010-04-01 00:00:00+00:00,2010-04-03 00:00:00+00:00,DR,2024-08-27T18:22:14.800Z,2010,4,2,0.8660254037844387,-0.4999999999999998,1.2246467991473532e-16,-1.0,2.0,20.0,Midwest,46,0,0,0,0.3,0,1,0,0,0,0,0,0,0,0,0.6,13.799999999999999,40.0,26651652.74,55.0,484575.5043636363,8546418.93,17.098361760684625,0
b2dd3003-dc90-4f43-96ba-8acf301c4a0f,ffcbdb756dd372dcc4af67d30b7aa4f6f0faeefd,1902,NE,Flood,2010-04-21 00:00:00+00:00,2010-03-06 00:00:00+00:00,2010-04-03 00:00:00+00:00,DR,2024-08-27T18:22:14.800Z,2010,4,2,0.8660254037844387,-0.4999999999999998,1.2246467991473532e-16,-1.0,28.0,46.0,Midwest,47,0,0,0,0.44999999999999996,0,0,1,0,0,0,0,0,0,0,12.599999999999998,21.15,1288.0,3112391.72,174.0,17887.308735632185,199890.59,14.950902351691203,0
70f7c838-d3b6-4120-8c7a-0df4c2fc5897,a12af97d261541695566b90fd02c20c0c94ee004,1903,WV,Snowstorm,2010-04-23 00:00:00+00:00,2010-02-05 00:00:00+00:00,2010-02-11 00:00:00+00:00,DR,2024-08-27T18:22:14.800Z,2010,4,2,0.8660254037844387,-0.4999999999999998,1.2246467991473532e-16,-1.0,6.0,77.0,South,51,0,0,0,0.15,0,0,0,0,0,1,0,0,0,0,0.8999999999999999,7.6499999999999995,462.0,3322992.2600000002,193.0,17217.57647668394,660521.97,15.016376519046982,3
2942ee90-08e5-4f20-9137-106702aa31c0,c02144eb283c4acc1d765b9f62183ff2e6ae529a,1904,CT,Severe Storm,2010-04-23 00:00:00+00:00,2010-03-12 00:00:00+00:00,2010-05-17 00:00:00+00:00,DR,2024-08-27T18:22:14.800Z,2010,4,2,0.8660254037844387,-0.4999999999999998,1.2246467991473532e-16,-1.0,66.0,42.0,Northeast,20,0,0,0,0.3,0,1,0,0,0,0,0,0,0,0,19.8,6.0,2772.0,9398848.44,405.0,23207.033185185184,1328199.14,16.05609783974874,1
539101a6-c454-444d-9b1e-ca30877f3470,dd07e55b0b7b1c5e84a32bf0a781d4765cb15697,1905,VA,Snowstorm,2010-04-27 00:00:00+00:00,2010-02-05 00:00:00+00:00,2010-02-11 00:00:00+00:00,DR,2024-08-27T18:22:14.800Z,2010,4,2,0.8660254037844387,-0.4999999999999998,1.2246467991473532e-16,-1.0,6.0,81.0,South,52,0,0,0,0.15,0,0,0,0,0,1,0,0,0,0,0.8999999999999999,7.8,486.0,28010386.32,535.0,52355.86228037383,3708923.09,17.14808597505929,3
9822bf88-0d96-4775-95de-5ff549bde11a,ac114d6bcab89a0444255727aecdf9b74a2b9a44,1906,MS,Severe Storm,2010-04-29 00:00:00+00:00,2010-04-23 00:00:00+00:00,2010-04-24 00:00:00+00:00,DR,2024-08-27T18:22:14.800Z,2010,4,2,0.8660254037844387,-0.4999999999999998,1.2246467991473532e-16,-1.0,1.0,6.0,South,56,0,0,0,0.3,0,1,0,0,0,0,0,0,0,0,0.3,16.8,6.0,5648118.08,153.0,36915.804444444446,1243636.43,15.546833141502365,3
59aa57ef-0d5f-461b-94a3-dffaa7ad8708,f28c4ff6453d10712029922af47673c722fe999d,1907,ND,Flood,2010-04-30 00:00:00+00:00,2010-02-26 00:00:00+00:00,2010-07-15 00:00:00+00:00,DR,2024-08-27T18:22:14.800Z,2010,4,2,0.8660254037844387,-0.4999999999999998,1.2246467991473532e-16,-1.0,139.0,63.0,Midwest,47,0,0,0,0.44999999999999996,0,0,1,0,0,0,0,0,0,0,62.55,21.15,8757.0,19679317.4,1172.0,16791.226450511946,921351.4,16.795078814842263,0
709674e1-f907-44e4-b0f3-1d9328783aa1,6c0b685f7872d3666a2f2335f3b6a96ba3b955c6,1908,AL,Severe Storm,2010-05-03 00:00:00+00:00,2010-04-24 00:00:00+00:00,2010-04-25 00:00:00+00:00,DR,2024-08-27T18:22:14.800Z,2010,5,2,0.49999999999999994,-0.8660254037844387,1.2246467991473532e-16,-1.0,1.0,9.0,South,72,0,0,0,0.3,0,1,0,0,0,0,0,0,0,0,0.3,21.599999999999998,9.0,7358685.38,90.0,81763.17088888888,2103155.76,15.811391993797173,3
aac6cb8f-2139-449a-a232-901eceeaf2e3,752cba2744b4ed01fc3272aa25594e62793d1a67,1909,TN,Severe Storm,2010-05-04 00:00:00+00:00,2010-04-30 00:00:00+00:00,2010-05-18 00:00:00+00:00,DR,2026-07-20T21:43:12.371Z,2010,5,2,0.49999999999999994,-0.8660254037844387,1.2246467991473532e-16,-1.0,18.0,4.0,South,51,0,0,0,0.3,0,1,0,0,0,0,0,0,0,0,5.3999999999999995,15.299999999999999,72.0,245900207.65,5121.0,48018.00578988479,11430277.84,19.320436355701716,3
70c9256a-0c2a-4c04-bb36-5363d4cd4e20,3e3f4e7e006c20b8ecbcd4a2b1dc4dc23d42c23a,1910,MD,Snowstorm,2010-05-06 00:00:00+00:00,2010-02-05 00:00:00+00:00,2010-02-11 00:00:00+00:00,DR,2024-08-27T18:22:14.800Z,2010,5,2,0.49999999999999994,-0.8660254037844387,1.2246467991473532e-16,-1.0,6.0,90.0,South,22,0,0,0,0.15,0,0,0,0,0,1,0,0,0,0,0.8999999999999999,3.3,540.0,59386940.85,1157.0,51328.384485738985,6488690.73,17.899584925990716,3
8e533300-abc9-4648-bd97-049ab6687df4,51bf799c2681f07a910864a4c98a599b367a18ba,1911,CA,Earthquake,2010-05-07 00:00:00+00:00,2010-04-04 00:00:00+00:00,2010-07-04 00:00:00+00:00,DR,2024-08-27T18:22:14.800Z,2010,5,2,0.49999999999999994,-0.8660254037844387,1.2246467991473532e-16,-1.0,91.0,33.0,West,195,0,0,0,0.6,0,0,0,0,0,0,0,0,0,0,54.6,117.0,3003.0,26687516.63,205.0,130183.00795121951,2427180.57,17.0997065095618,4
e1f1233e-5268-4bb9-9861-318d9d751a81,11aceb9cc2c1190a5f97b182ed69f0dfdcd8ffd7,1912,KY,Severe Storm,2010-05-11 00:00:00+00:00,2010-05-01 00:00:00+00:00,2010-06-01 00:00:00+00:00,DR,2024-08-27T18:22:14.800Z,2010,5,2,0.49999999999999994,-0.8660254037844387,1.2246467991473532e-16,-1.0,31.0,10.0,South,61,0,0,0,0.3,0,1,0,0,0,0,0,0,0,0,9.299999999999999,18.3,310.0,22895855.18,2299.0,9959.04966507177,1103342.37,16.9464664993121,3
65ddf307-a67a-4755-b419-9f9dda06c6e7,7f5db2088add8cfc040b2b47c6ba4916c8cde2d8,1913,NH,Severe Storm,2010-05-12 00:00:00+00:00,2010-03-14 00:00:00+00:00,2010-03-31 00:00:00+00:00,DR,2024-08-27T18:22:14.800Z,2010,5,2,0.49999999999999994,-0.8660254037844387,1.2246467991473532e-16,-1.0,17.0,59.0,Northeast,34,0,0,0,0.3,0,1,0,0,0,0,0,0,0,0,5.1,10.2,1003.0,2489369.98,125.0,19914.95984,1267763.22,14.727540618053574,1
71ca22c3-ec2f-4a9c-ad14-3e88e1493fa7,44da40bcee295075da2627e37d23232e7d429082,1914,SD,Severe Storm,2010-05-13 00:00:00+00:00,2010-04-02 00:00:00+00:00,2010-04-02 00:00:00+00:00,DR,2024-08-27T18:22:14.800Z,2010,5,2,0.49999999999999994,-0.8660254037844387,1.2246467991473532e-16,-1.0,0.0,41.0,Midwest,55,0,0,0,0.3,0,1,0,0,0,0,0,0,0,0,0.0,16.5,0.0,1862942.69,12.0,155245.22416666665,489714.55,14.437668423684093,0
acb61da3-d9bd-4b2f-8be4-c81a6710b4a2,5167e18c57a06d321af1d7c5fbcb6ea185e09230,1915,SD,Flood,2010-05-13 00:00:00+00:00,2010-03-10 00:00:00+00:00,2010-06-20 00:00:00+00:00,DR,2026-07-20T21:43:12.371Z,2010,5,2,0.49999999999999994,-0.8660254037844387,1.2246467991473532e-16,-1.0,102.0,64.0,Midwest,56,0,0,0,0.44999999999999996,0,0,1,0,0,0,0,0,0,0,45.9,25.199999999999996,6528.0,21471902.31,2414.0,8894.73997928749,357532.09,16.882255815669637,0
b29198db-a6f9-4ca8-9c8d-9fa694b62196,bde198da5bf67cfb750e5abc0b5e2f4ec3a75592,1916,MS,Severe Storm,2010-05-14 00:00:00+00:00,2010-05-01 00:00:00+00:00,2010-05-02 00:00:00+00:00,DR,2024-08-27T18:22:14.800Z,2010,5,2,0.49999999999999994,-0.8660254037844387,1.2246467991473532e-16,-1.0,1.0,13.0,South,57,0,0,0,0.3,0,1,0,0,0,0,0,0,0,0,0.3,17.099999999999998,13.0,7244942.94,419.0,17291.03326968974,998891.74,15.79581439595681,3
6f75abd3-3edb-49aa-8553-63f53b9a84af,00cb73e4e4b504ca5ac020fb04c81b29db57e98f,1917,OK,Severe Storm,2010-05-24 00:00:00+00:00,2010-05-10 00:00:00+00:00,2010-05-13 00:00:00+00:00,DR,2024-08-27T18:22:14.800Z,2010,5,2,0.49999999999999994,-0.8660254037844387,1.2246467991473532e-16,-1.0,3.0,14.0,South,126,0,0,0,0.3,0,1,0,0,0,0,0,0,0,0,0.8999999999999999,37.8,42.0,6413129.86,222.0,28887.972342342346,681033.08,15.673858143349289,3
a336d608-b333-4212-a368-3dfdcdf78303,dbab92d38519fbad3601b2820292f54cdd48bf07,1918,WV,Flood,2010-06-24 00:00:00+00:00,2010-06-12 00:00:00+00:00,2010-06-29 00:00:00+00:00,DR,2024-08-27T18:22:14.800Z,2010,6,2,1.2246467991473532e-16,-1.0,1.2246467991473532e-16,-1.0,17.0,12.0,South,52,0,0,0,0.44999999999999996,0,0,1,0,0,0,0,0,0,0,7.6499999999999995,23.4,204.0,5675810.05,215.0,26399.116511627904,243044.17,15.551724027419738,3
36a617ca-7738-46f4-b429-edb24ce7fce3,dc4dca4d032dc36b4d20b196d5b9a80d68d56d00,1919,PR,Severe Storm,2010-06-24 00:00:00+00:00,2010-05-26 00:00:00+00:00,2010-05-31 00:00:00+00:00,DR,2024-08-27T18:22:14.800Z,2010,6,2,1.2246467991473532e-16,-1.0,1.2246467991473532e-16,-1.0,5.0,29.0,Other,26,0,0,0,0.3,0,1,0,0,0,0,0,0,0,0,1.5,7.8,145.0,4712458.08,236.0,19968.042711864407,468094.51,15.36572042741158,2
7b03db62-856a-4751-8e3a-f93994edefe8,ea257de764093a4edd3ed2b93fae55030f09618d,1920,ME,Severe Storm,2010-07-01 00:00:00+00:00,2010-03-12 00:00:00+00:00,2010-04-01 00:00:00+00:00,DR,2024-08-27T18:22:14.800Z,2010,7,3,-0.4999999999999997,-0.8660254037844388,-1.0,-1.8369701987210297e-16,20.0,111.0,Northeast,52,0,0,0,0.3,0,1,0,0,0,0,0,0,0,0,6.0,15.6,2220.0,1258988.51,137.0,9189.697153284671,334001.25,14.045819980982241,1
edce06d1-13b5-4390-ab6f-cbf017f1dc47,a263d8da0de8a7c9a6831d545fb8542ee241fea2,1921,MN,Tornado,2010-07-02 00:00:00+00:00,2010-06-17 00:00:00+00:00,2010-06-26 00:00:00+00:00,DR,2024-08-27T18:22:14.800Z,2010,7,3,-0.4999999999999997,-0.8660254037844388,-1.0,-1.8369701987210297e-16,9.0,15.0,Midwest,57,0,0,0,0.44999999999999996,0,0,0,0,1,0,0,0,0,0,4.05,25.65,135.0,13066488.27,460.0,28405.409282608696,1321491.3,16.385561439724913,0
dacf8da9-ed9f-49d1-ba5f-23f6f868859c,9f3f102ce446829ddac97cc9c06b68c0f223cba0,1922,MT,Severe Storm,2010-07-10 00:00:00+00:00,2010-06-15 00:00:00+00:00,2010-07-30 00:00:00+00:00,DR,2024-08-27T18:22:14.800Z,2010,7,3,-0.4999999999999997,-0.8660254037844388,-1.0,-1.8369701987210297e-16,45.0,25.0,West,54,0,0,0,0.3,0,1,0,0,0,0,0,0,0,0,13.5,16.2,1125.0,12373472.43,156.0,79317.13096153845,3996288.96,16.331065499617736,4
b40f3c2f-1b46-4896-891c-8a234df507ca,8bb0c8992f0a067bfa069dc06d9a87da746d82af,1923,WY,Flood,2010-07-14 00:00:00+00:00,2010-06-04 00:00:00+00:00,2010-06-18 00:00:00+00:00,DR,2024-08-27T18:22:14.800Z,2010,7,3,-0.4999999999999997,-0.8660254037844388,-1.0,-1.8369701987210297e-16,14.0,40.0,West,20,0,0,0,0.44999999999999996,0,0,1,0,0,0,0,0,0,0,6.299999999999999,9.0,560.0,3004023.04,75.0,40053.64053333333,337229.57,14.915463294497258,4
57b88b48-9f01-4af9-a967-6096e2a4c43c,70f09259c305d5895c74ad458ec32fdbe1d67ccd,1924,NE,Severe Storm,2010-07-15 00:00:00+00:00,2010-06-01 00:00:00+00:00,2010-08-29 00:00:00+00:00,DR,2024-08-27T18:22:14.800Z,2010,7,3,-0.4999999999999997,-0.8660254037844388,-1.0,-1.8369701987210297e-16,89.0,44.0,Midwest,48,0,0,0,0.3,0,1,0,0,0,0,0,0,0,0,26.7,14.399999999999999,3916.0,49895769.12,1168.0,42718.9804109589,5040472.27,17.725446789994542,0
036bc8f2-a456-42a3-87bb-f35dd8830e81,1c42888639a6593a11d95739ce9e1813daabc5ed,1925,KY,Severe Storm,2010-07-23 00:00:00+00:00,2010-07-17 00:00:00+00:00,2010-07-30 00:00:00+00:00,DR,2026-06-03T20:41:14.285Z,2010,7,3,-0.4999999999999997,-0.8660254037844388,-1.0,-1.8369701987210297e-16,13.0,6.0,South,62,0,0,0,0.3,0,1,0,0,0,0,0,0,0,0,3.9,18.599999999999998,78.0,5931056.79,661.0,8972.854447806354,298266.18,15.595713134492835,3
69710a7c-9073-4146-94ec-7b9dd2cfd7b3,ab55d0ea653d3606cb7123752d211d9ca52d69ea,1926,OK,Severe Storm,2010-07-26 00:00:00+00:00,2010-06-13 00:00:00+00:00,2010-06-15 00:00:00+00:00,DR,2024-08-27T18:22:14.800Z,2010,7,3,-0.4999999999999997,-0.8660254037844388,-1.0,-1.8369701987210297e-16,2.0,43.0,South,127,0,0,0,0.3,0,1,0,0,0,0,0,0,0,0,0.6,38.1,86.0,3383812.1,177.0,19117.582485875708,374726.93,15.034513767686537,3
46c2071c-a092-4d9b-afdf-59e6799cde88,6009d2a9160a0a98d4dd3acb5b34afb38a37a5c0,1927,ID,Severe Storm,2010-07-27 00:00:00+00:00,2010-06-02 00:00:00+00:00,2010-06-10 00:00:00+00:00,DR,2024-08-27T18:22:14.800Z,2010,7,3,-0.4999999999999997,-0.8660254037844388,-1.0,-1.8369701987210297e-16,8.0,55.0,West,28,0,0,0,0.3,0,1,0,0,0,0,0,0,0,0,2.4,8.4,440.0,2515039.14,101.0,24901.37762376238,252399.76,14.737799321627183,4
f79b108d-da6d-4f05-9389-2c1f0123918d,5273a22fd8eaad543c36a82334a11b8d0d7322dc,1928,IA,Severe Storm,2010-07-27 00:00:00+00:00,2010-05-12 00:00:00+00:00,2010-05-13 00:00:00+00:00,DR,2024-08-27T18:22:14.800Z,2010,7,3,-0.4999999999999997,-0.8660254037844388,-1.0,-1.8369701987210297e-16,1.0,76.0,Midwest,46,0,0,0,0.3,0,1,0,0,0,0,0,0,0,0,0.3,13.799999999999999,76.0,3008481.95,95.0,31668.23105263158,213019.88,14.916946506350433,0
e60b2666-d400-4556-934f-8db8ea26e853,39e813212b8bb34512bde9a3fb7a14e9e5879a2c,1929,SD,Severe Storm,2010-07-29 00:00:00+00:00,2010-06-16 00:00:00+00:00,2010-06-24 00:00:00+00:00,DR,2024-08-27T18:22:14.800Z,2010,7,3,-0.4999999999999997,-0.8660254037844388,-1.0,-1.8369701987210297e-16,8.0,43.0,Midwest,57,0,0,0,0.3,0,1,0,0,0,0,0,0,0,0,2.4,17.099999999999998,344.0,666648.61,71.0,9389.41704225352,171109.7,13.410019864528808,0
a1bc1559-0c83-4c67-9ea2-5a209c02c0fb,988c46dfdd1dc07de1801857b7594cd415ffc17b,1930,IA,Severe Storm,2010-07-29 00:00:00+00:00,2010-06-01 00:00:00+00:00,2010-08-31 00:00:00+00:00,DR,2024-08-27T18:22:14.800Z,2010,7,3,-0.4999999999999997,-0.8660254037844388,-1.0,-1.8369701987210297e-16,91.0,58.0,Midwest,47,0,0,0,0.3,0,1,0,0,0,0,0,0,0,0,27.3,14.1,5278.0,52037743.77,1816.0,28655.145247797358,1444430.37,17.767479874197583,0
d80b73b4-65a7-4b68-8025-d9e81af6205c,6d62d9dd4f565732c1bb19342dea741efb4c23e9,1931,TX,Hurricane,2010-08-03 00:00:00+00:00,2010-06-30 00:00:00+00:00,2010-08-14 00:00:00+00:00,DR,2024-08-27T18:22:14.800Z,2010,8,3,-0.8660254037844385,-0.5000000000000004,-1.0,-1.8369701987210297e-16,45.0,34.0,South,273,0,0,0,0.6,0,0,0,1,0,0,0,0,0,0,27.0,163.79999999999998,1530.0,19746564.26,801.0,24652.389837702875,1258809.55,16.79849012330108,3
dd013c22-2c03-4b01-9f6b-80ef2560e382,37ec0545dd7d3e7c2fb3e9d7b3ceeafacfad415f,1932,KS,Severe Storm,2010-08-10 00:00:00+00:00,2010-06-07 00:00:00+00:00,2010-07-21 00:00:00+00:00,DR,2024-08-27T18:22:14.800Z,2010,8,3,-0.8660254037844385,-0.5000000000000004,-1.0,-1.8369701987210297e-16,44.0,64.0,Midwest,48,0,0,0,0.3,0,1,0,0,0,0,0,0,0,0,13.2,14.399999999999999,2816.0,7384658.93,544.0,13574.740680147059,491403.96,15.81491542413988,0
6032386e-2066-4087-af60-06669eeaab68,2c988db94d7c069b9b7a9db400b691fb5b1b363a,1933,WI,Severe Storm,2010-08-11 00:00:00+00:00,2010-07-20 00:00:00+00:00,2010-07-24 00:00:00+00:00,DR,2024-08-27T18:22:14.800Z,2010,8,3,-0.8660254037844385,-0.5000000000000004,-1.0,-1.8369701987210297e-16,4.0,22.0,Midwest,40,0,0,0,0.3,0,1,0,0,0,0,0,0,0,0,1.2,12.0,88.0,11708670.41,322.0,36362.33046583851,1546480.33,16.275840271408647,0
96e94b6b-05e3-4053-8539-79196f374e77,10e2c49c65d90aae79ffe782abaac56c34b9b9bb,1934,MO,Severe Storm,2010-08-17 00:00:00+00:00,2010-06-12 00:00:00+00:00,2010-07-31 00:00:00+00:00,DR,2024-08-27T18:22:14.800Z,2010,8,3,-0.8660254037844385,-0.5000000000000004,-1.0,-1.8369701987210297e-16,49.0,66.0,Midwest,56,0,0,0,0.3,0,1,0,0,0,0,0,0,0,0,14.7,16.8,3234.0,17420782.76,1189.0,14651.62553406224,781542.0,16.673174520339785,0
31ddd32f-9f7d-456c-b09d-e37e9edd37c3,fdbbeceec8a65a82677e0c271507acbc4c71110e,1935,IL,Severe Storm,2010-08-19 00:00:00+00:00,2010-07-19 00:00:00+00:00,2010-08-07 00:00:00+00:00,DR,2025-05-15T15:01:28.082Z,2010,8,3,-0.8660254037844385,-0.5000000000000004,-1.0,-1.8369701987210297e-16,19.0,31.0,Midwest,55,0,0,0,0.3,0,1,0,0,0,0,0,0,0,0,5.7,16.5,589.0,5121756.29,512.0,10003.43025390625,172670.0,15.449008158832063,0
7f99ce8b-3133-432d-b00a-d1e7296931fe,05410e6e81ce58a9915cc8df3b461ec6ac9f26b4,3314,NC,Hurricane,2010-09-01 00:00:00+00:00,2010-09-01 00:00:00+00:00,2010-09-04 00:00:00+00:00,EM,2024-08-27T18:22:14.800Z,2010,9,3,-1.0,-1.8369701987210297e-16,-1.0,-1.8369701987210297e-16,3.0,0.0,South,46,0,0,0,0.6,0,0,0,1,0,0,0,0,0,0,1.7999999999999998,27.599999999999998,0.0,455369.3,37.0,12307.278378378378,83256.84,13.028866213093725,3
0b3e659d-8c99-4b7f-aad1-c2565fa21e57,dce14cf47264f964b3a7bf8d0e9067d6ee4d5de8,3315,MA,Hurricane,2010-09-02 00:00:00+00:00,2010-09-01 00:00:00+00:00,2010-09-04 00:00:00+00:00,EM,2024-08-27T18:22:14.800Z,2010,9,3,-1.0,-1.8369701987210297e-16,-1.0,-1.8369701987210297e-16,3.0,1.0,Northeast,36,0,0,0,0.6,0,0,0,1,0,0,0,0,0,0,1.7999999999999998,21.599999999999998,3.0,741694.21,57.0,13012.179122807016,83946.29,13.516693669567083,1
c5c778de-bfc3-47a2-8efe-d86bdf8c53ba,dfed128bc63db47184e7be7f10007768564fdba5,1936,NM,Flood,2010-09-13 00:00:00+00:00,2010-07-25 00:00:00+00:00,2010-08-09 00:00:00+00:00,DR,2024-08-27T18:22:14.800Z,2010,9,3,-1.0,-1.8369701987210297e-16,-1.0,-1.8369701987210297e-16,15.0,50.0,West,60,0,0,0,0.44999999999999996,0,0,1,0,0,0,0,0,0,0,6.749999999999999,26.999999999999996,750.0,11968744.67,460.0,26019.010152173913,1396154.63,16.29780928256967,4
6346b232-4573-4b21-b9c4-64327cfe431f,a702f1b83787c4c3579ebf9d7b8ce1225a36986d,1937,TN,Severe Storm,2010-09-15 00:00:00+00:00,2010-08-17 00:00:00+00:00,2010-08-21 00:00:00+00:00,DR,2024-08-27T18:22:14.800Z,2010,9,3,-1.0,-1.8369701987210297e-16,-1.0,-1.8369701987210297e-16,4.0,29.0,South,52,0,0,0,0.3,0,1,0,0,0,0,0,0,0,0,1.2,15.6,116.0,3950567.97,311.0,12702.790900321545,386553.18,15.189370169542077,3
778b3e58-c1cb-4809-8c7e-59ef14436baa,b892f5b93da963860d2c1a8fbcd0aef7c4d789e7,1938,SD,Severe Storm,2010-09-23 00:00:00+00:00,2010-07-21 00:00:00+00:00,2010-07-30 00:00:00+00:00,DR,2024-08-27T18:22:14.800Z,2010,9,3,-1.0,-1.8369701987210297e-16,-1.0,-1.8369701987210297e-16,9.0,64.0,Midwest,58,0,0,0,0.3,0,1,0,0,0,0,0,0,0,0,2.6999999999999997,17.4,576.0,3144150.1,289.0,10879.412110726644,596654.19,14.961054491172836,0
b0c29db4-9824-4ffc-a176-65645919124e,1c6f0348ff3e961c7a0ae944323ffb6ab82726a4,1939,VI,Hurricane,2010-09-28 00:00:00+00:00,2010-08-29 00:00:00+00:00,2010-08-31 00:00:00+00:00,DR,2024-08-27T18:22:14.800Z,2010,9,3,-1.0,-1.8369701987210297e-16,-1.0,-1.8369701987210297e-16,2.0,30.0,Other,18,0,0,0,0.6,0,0,0,1,0,0,0,0,0,0,1.2,10.799999999999999,60.0,908945.77,57.0,15946.41701754386,335422.5,13.720041812589093,2
6dde2528-40ae-45fb-99e9-90529d6b660a,a4045a28903e0aa6868f05c930985bc300b8085c,1940,AZ,Severe Storm,2010-10-04 00:00:00+00:00,2010-07-20 00:00:00+00:00,2010-08-07 00:00:00+00:00,DR,2024-08-27T18:22:14.800Z,2010,10,4,-0.8660254037844386,0.5000000000000001,-2.4492935982947064e-16,1.0,18.0,76.0,West,66,0,0,0,0.3,0,1,0,0,0,0,0,0,0,0,5.3999999999999995,19.8,1368.0,6363902.22,21.0,303042.96285714285,2381491.0,15.666152460907462,4
236cb088-fd6d-41a2-8c75-900b44e4f928,d3db1e7cc461db282e703db338c332047cd8ab6e,1941,MN,Severe Storm,2010-10-13 00:00:00+00:00,2010-09-22 00:00:00+00:00,2010-10-14 00:00:00+00:00,DR,2024-08-27T18:22:14.800Z,2010,10,4,-0.8660254037844386,0.5000000000000001,-2.4492935982947064e-16,1.0,22.0,21.0,Midwest,58,0,0,0,0.3,0,1,0,0,0,0,0,0,0,0,6.6,17.4,462.0,25096710.63,1544.0,16254.346262953368,1896629.85,17.038247384762382,0
8c019db9-4ca8-4468-87c6-cf9c953ed69d,78a41d4cae6923b0687b8e4d94e23698e82b4fdc,1943,NY,Tornado,2010-10-14 00:00:00+00:00,2010-09-16 00:00:00+00:00,2010-09-16 00:00:00+00:00,DR,2024-08-27T18:22:14.800Z,2010,10,4,-0.8660254037844386,0.5000000000000001,-2.4492935982947064e-16,1.0,0.0,28.0,Northeast,81,0,0,0,0.44999999999999996,0,0,0,0,1,0,0,0,0,0,0.0,36.449999999999996,0.0,22213776.98,162.0,137122.0801234568,1746554.66,16.916223284061253,1
d94c459c-16c6-402f-9f9e-339b26188d4d,f6ac10d22b13eabf4229fd5864451ef972942868,1944,WI,Severe Storm,2010-10-21 00:00:00+00:00,2010-09-22 00:00:00+00:00,2010-10-09 00:00:00+00:00,DR,2024-08-27T18:22:14.800Z,2010,10,4,-0.8660254037844386,0.5000000000000001,-2.4492935982947064e-16,1.0,17.0,29.0,Midwest,41,0,0,0,0.3,0,1,0,0,0,0,0,0,0,0,5.1,12.299999999999999,493.0,4028306.4,535.0,7529.5446728971965,155060.01,15.208856845698161,0
4b120eb1-1a80-4d4c-b35a-7242b7f00b57,b24e4a6cebe2a7d7cc1f2356ae01811b9a8df25a,1945,NE,Severe Storm,2010-10-21 00:00:00+00:00,2010-09-13 00:00:00+00:00,2010-09-14 00:00:00+00:00,DR,2024-08-27T18:22:14.800Z,2010,10,4,-0.8660254037844386,0.5000000000000001,-2.4492935982947064e-16,1.0,1.0,38.0,Midwest,49,0,0,0,0.3,0,1,0,0,0,0,0,0,0,0,0.3,14.7,38.0,2138551.9899999998,38.0,56277.683947368416,1319558.79,14.575639985392842,0
2a6abfd8-1b8e-4a0b-9da5-ac0e36a374da,7987c76a9d3ea327bd8f0106c0ca0ff3b8d14a3c,1946,PR,Severe Storm,2010-10-26 00:00:00+00:00,2010-10-04 00:00:00+00:00,2010-10-08 00:00:00+00:00,DR,2024-08-27T18:22:14.800Z,2010,10,4,-0.8660254037844386,0.5000000000000001,-2.4492935982947064e-16,1.0,4.0,22.0,Other,27,0,0,0,0.3,0,1,0,0,0,0,0,0,0,0,1.2,8.1,88.0,17541820.75,695.0,25240.029856115107,1017550.12,16.680098402114737,2
df1b4952-9933-4042-8c58-b7d3cea7eb87,4df0cc2c4dd447676f5bd8557a39f1ff92133f0e,1947,SD,Severe Storm,2010-11-02 00:00:00+00:00,2010-09-22 00:00:00+00:00,2010-09-23 00:00:00+00:00,DR,2024-08-27T18:22:14.800Z,2010,11,4,-0.5000000000000004,0.8660254037844384,-2.4492935982947064e-16,1.0,1.0,41.0,Midwest,59,0,0,0,0.3,0,1,0,0,0,0,0,0,0,0,0.3,17.7,41.0,1079972.79,170.0,6352.781117647059,232953.18,13.892447330287398,0
09598f3a-6d24-428d-998f-ab918c43443c,0ff69fd0ecad2a9e96dc08b386352f85251e612a,1948,VI,Severe Storm,2010-11-05 00:00:00+00:00,2010-10-01 00:00:00+00:00,2010-10-08 00:00:00+00:00,DR,2024-08-27T18:22:14.800Z,2010,11,4,-0.5000000000000004,0.8660254037844384,-2.4492935982947064e-16,1.0,7.0,35.0,Other,19,0,0,0,0.3,0,1,0,0,0,0,0,0,0,0,2.1,5.7,245.0,100179.04,22.0,4553.592727272727,13479.47,11.514724246192822,2
a5691062-fd79-466e-8914-f447b817b4d7,7e312b4b6815388fd597c588a6c5581d0b8e6370,1949,VI,Severe Storm,2010-11-24 00:00:00+00:00,2010-11-08 00:00:00+00:00,2010-11-12 00:00:00+00:00,DR,2024-08-27T18:22:14.800Z,2010,11,4,-0.5000000000000004,0.8660254037844384,-2.4492935982947064e-16,1.0,4.0,16.0,Other,20,0,0,0,0.3,0,1,0,0,0,0,0,0,0,0,1.2,6.0,64.0,837036.97,21.0,39858.903333333335,222026.25,13.637624712839333,2
d5b0626f-31a7-4c70-9bc5-9c7655e56cb6,8fd7bc3f6e5c8ec9ff344a557030fc8d50c5ca76,1950,AZ,Severe Storm,2010-12-21 00:00:00+00:00,2010-10-03 00:00:00+00:00,2010-10-06 00:00:00+00:00,DR,2024-08-27T18:22:14.800Z,2010,12,4,-2.4492935982947064e-16,1.0,-2.4492935982947064e-16,1.0,3.0,79.0,West,67,0,0,0,0.3,0,1,0,0,0,0,0,0,0,0,0.8999999999999999,20.099999999999998,237.0,574530.98,6.0,95755.16333333333,248140.34,13.26131104051801,4
96a71a90-fa37-4b35-94de-0b81b5941753,e5c138e20681223246a939048674e0c3f097b757,1951,VT,Severe Storm,2010-12-22 00:00:00+00:00,2010-12-01 00:00:00+00:00,2010-12-05 00:00:00+00:00,DR,2024-08-27T18:22:14.800Z,2010,12,4,-2.4492935982947064e-16,1.0,-2.4492935982947064e-16,1.0,4.0,21.0,Northeast,30,0,0,0,0.3,0,1,0,0,0,0,0,0,0,0,1.2,9.0,84.0,1555019.55,49.0,31735.09285714286,412538.36,14.256999318942231,1
01606cfc-feaf-41f3-b107-6e27b6d7e5d6,d2436afaa138b26b4fd9aebdcf2921ccc5735798,1952,CA,Flood,2011-01-26 00:00:00+00:00,2010-12-17 00:00:00+00:00,2011-01-04 00:00:00+00:00,DR,2024-08-27T18:22:14.800Z,2011,1,1,0.49999999999999994,0.8660254037844387,1.0,6.123233995736766e-17,18.0,40.0,West,202,0,0,0,0.44999999999999996,0,0,1,0,0,0,0,0,0,0,8.1,90.89999999999999,720.0,80864515.33,1181.0,68471.22381879763,26988034.76,18.208285674314887,4
0630299f-31a2-42da-b3ae-f59cb3d681b9,5b546025e13dfc18ece3a5d7b5caee88827ac2e5,1953,ME,Severe Storm,2011-02-01 00:00:00+00:00,2010-12-12 00:00:00+00:00,2010-12-19 00:00:00+00:00,DR,2024-08-27T18:22:14.800Z,2011,2,1,0.8660254037844386,0.5000000000000001,1.0,6.123233995736766e-17,7.0,51.0,Northeast,53,0,0,0,0.3,0,1,0,0,0,0,0,0,0,0,2.1,15.899999999999999,357.0,1600455.83,218.0,7341.540504587157,245123.73,14.28579966520729,1
d5879c11-b511-4c38-8a78-4b7361c5d612,de83dffe81bb6a1773efc4468befcc870a98d28c,1954,NJ,Snowstorm,2011-02-04 00:00:00+00:00,2010-12-26 00:00:00+00:00,2010-12-27 00:00:00+00:00,DR,2024-08-27T18:22:14.800Z,2011,2,1,0.8660254037844386,0.5000000000000001,1.0,6.123233995736766e-17,1.0,40.0,Northeast,39,0,0,0,0.15,0,0,0,0,0,1,0,0,0,0,0.15,5.85,40.0,52013289.04,1071.0,48565.162502334264,5545291.55,17.767009821583596,1
b2264df3-7193-4830-b8bf-56c7ef541167,ca7f6fff2fcf75a88a368d19366211b0bbe96145,1955,UT,Flood,2011-02-11 00:00:00+00:00,2010-12-20 00:00:00+00:00,2010-12-24 00:00:00+00:00,DR,2024-08-27T18:22:14.800Z,2011,2,1,0.8660254037844386,0.5000000000000001,1.0,6.123233995736766e-17,4.0,53.0,West,21,0,0,0,0.44999999999999996,0,0,1,0,0,0,0,0,0,0,1.7999999999999998,9.45,212.0,8701342.5,158.0,55071.787974683546,552766.22,15.978987996989812,4
b0a94f26-5687-4150-a4d7-ae7e42ae3a29,b2ea012763bcf728a5d240cd5a510d31ca1f96d6,1956,OR,Severe Storm,2011-02-17 00:00:00+00:00,2011-01-13 00:00:00+00:00,2011-01-21 00:00:00+00:00,DR,2024-08-27T18:22:14.800Z,2011,2,1,0.8660254037844386,0.5000000000000001,1.0,6.123233995736766e-17,8.0,35.0,West,77,0,0,0,0.3,0,1,0,0,0,0,0,0,0,0,2.4,23.099999999999998,280.0,3990138.12,100.0,39901.3812,960689.63,15.199336655426121,4
6c3c08f1-eb6a-4696-ae82-8e76d818ab47,51dfc3a95cf67328f556226a3ffacbef46b1e765,1957,NY,Severe Storm,2011-02-18 00:00:00+00:00,2010-12-26 00:00:00+00:00,2010-12-27 00:00:00+00:00,DR,2024-08-27T18:22:14.800Z,2011,2,1,0.8660254037844386,0.5000000000000001,1.0,6.123233995736766e-17,1.0,54.0,Northeast,82,0,0,0,0.3,0,1,0,0,0,0,0,0,0,0,0.3,24.599999999999998,54.0,44492035.36,543.0,81937.4500184162,6158111.13,17.610820772919293,1
f0297710-8547-4b23-823b-82207b0dcdd9,56df8b1e14f912d292f63b3f3ae0ae3ba055071a,1958,CT,Snowstorm,2011-03-03 00:00:00+00:00,2011-01-11 00:00:00+00:00,2011-01-12 00:00:00+00:00,DR,2024-08-27T18:22:14.800Z,2011,3,1,1.0,6.123233995736766e-17,1.0,6.123233995736766e-17,1.0,51.0,Northeast,21,0,0,0,0.15,0,0,0,0,0,1,0,0,0,0,0.15,3.15,51.0,13527047.43,330.0,40991.052818181815,511848.87,16.420201826311835,1
0935ed52-6c1c-4da3-9769-1a33452f5c13,2b483327bed10820a51677732470049eee82075f,1959,MA,Snowstorm,2011-03-07 00:00:00+00:00,2011-01-11 00:00:00+00:00,2011-01-12 00:00:00+00:00,DR,2024-08-27T18:22:14.800Z,2011,3,1,1.0,6.123233995736766e-17,1.0,6.123233995736766e-17,1.0,55.0,Northeast,37,0,0,0,0.15,0,0,0,0,0,1,0,0,0,0,0.15,5.55,55.0,25786121.71,451.0,57175.43616407982,1286859.29,17.065347025725433,1
40da0828-5032-49ad-bb02-06ddc06ae1ce,1850f2ddfceec8c026cf21141b0c247ece5db6e7,1960,IL,Snowstorm,2011-03-17 00:00:00+00:00,2011-01-31 00:00:00+00:00,2011-02-03 00:00:00+00:00,DR,2024-08-27T18:22:14.800Z,2011,3,1,1.0,6.123233995736766e-17,1.0,6.123233995736766e-17,3.0,45.0,Midwest,56,0,0,0,0.15,0,0,0,0,0,1,0,0,0,0,0.44999999999999996,8.4,135.0,48259660.62,2100.0,22980.79077142857,4250983.29,17.692106606532764,0
75bbcb20-b7e8-4730-b7d2-68a4db72fa2d,ba043ade030355a3f181bb03e0dc0d4c44b16718,1961,MO,Severe Storm,2011-03-23 00:00:00+00:00,2011-01-31 00:00:00+00:00,2011-02-05 00:00:00+00:00,DR,2024-08-27T18:22:14.800Z,2011,3,1,1.0,6.123233995736766e-17,1.0,6.123233995736766e-17,5.0,51.0,Midwest,58,0,0,0,0.3,0,1,0,0,0,0,0,0,0,0,1.5,17.4,255.0,9807841.2,902.0,10873.438137472283,382325.3,16.098692848121686,0
013f365c-ca8f-4bce-9d47-1deaa9e6e042,ed18c030a3e230ace63eb0ba015d1d78b63be424,1962,NM,Severe Storm,2011-03-24 00:00:00+00:00,2011-02-01 00:00:00+00:00,2011-02-05 00:00:00+00:00,DR,2024-08-27T18:22:14.800Z,2011,3,1,1.0,6.123233995736766e-17,1.0,6.123233995736766e-17,4.0,51.0,West,62,0,0,0,0.3,0,1,0,0,0,0,0,0,0,0,1.2,18.599999999999998,204.0,1744399.82,164.0,10636.584268292683,163226.42,14.371921685026308,4
93de442a-872c-4faa-bf6d-65307739900d,c5b9411b00caf30ee6b2a4354c4f400982036b84,1963,WA,Severe Storm,2011-03-25 00:00:00+00:00,2011-01-11 00:00:00+00:00,2011-01-21 00:00:00+00:00,DR,2024-08-27T18:22:14.800Z,2011,3,1,1.0,6.123233995736766e-17,1.0,6.123233995736766e-17,10.0,73.0,West,100,0,0,0,0.3,0,1,0,0,0,0,0,0,0,0,3.0,30.0,730.0,7610816.89,111.0,68565.91792792792,4705713.33,15.845081199752652,4
35f729e0-73ff-42aa-9b80-8bcc901be612,43c71e31340c3b5ba54014f7358e9e63a59ecdbe,1964,OR,Tsunami,2011-03-25 00:00:00+00:00,2011-03-11 00:00:00+00:00,2011-03-11 00:00:00+00:00,DR,2024-08-27T18:22:14.800Z,2011,3,1,1.0,6.123233995736766e-17,1.0,6.123233995736766e-17,0.0,14.0,West,78,0,0,0,0.0,0,0,0,0,0,0,0,0,0,0,0.0,0.0,0.0,5611823.24,26.0,215839.3553846154,1468162.87,15.540386401111057,4
c870b051-e9dd-48fa-9ff4-cdaa617f7a11,6ac85964fb125f54e44e8f4c764d0b3c6e4f0e4f,1965,TN,Severe Storm,2011-03-31 00:00:00+00:00,2011-02-28 00:00:00+00:00,2011-03-01 00:00:00+00:00,DR,2024-08-27T18:22:14.800Z,2011,3,1,1.0,6.123233995736766e-17,1.0,6.123233995736766e-17,1.0,31.0,South,53,0,0,0,0.3,0,1,0,0,0,0,0,0,0,0,0.3,15.899999999999999,31.0,5614462.32,212.0,26483.31283018868,1527886.39,15.540856561889411,3
3fba73c3-5ab0-4834-affb-528bbb0771b3,768cb378fa9ba402588dac3233d786ea21bada82,1966,WI,Snowstorm,2011-04-05 00:00:00+00:00,2011-01-31 00:00:00+00:00,2011-02-03 00:00:00+00:00,DR,2024-08-27T18:22:14.800Z,2011,4,2,0.8660254037844387,-0.4999999999999998,1.2246467991473532e-16,-1.0,3.0,64.0,Midwest,42,0,0,0,0.15,0,0,0,0,0,1,0,0,0,0,0.44999999999999996,6.3,192.0,8190517.17,470.0,17426.632276595745,1000133.15,15.918487722448146,0
d64d8673-10bc-4799-809b-70317d714d68,2dcf76ea9791d6d67c3f6cca1c203c72fa62497c,1967,HI,Tsunami,2011-04-08 00:00:00+00:00,2011-03-11 00:00:00+00:00,2011-03-12 00:00:00+00:00,DR,2024-08-27T18:22:14.800Z,2011,4,2,0.8660254037844387,-0.4999999999999998,1.2246467991473532e-16,-1.0,1.0,28.0,West,43,0,0,0,0.0,0,0,0,0,0,0,0,0,0,0,0.0,0.0,28.0,7050406.37,62.0,113716.23177419355,1697487.75,15.768595956097803,4
901d8f73-502f-4c99-9837-2032e6474e07,bf795c7c08a69372c537947dd60eb5e530f78484,1968,CA,Tsunami,2011-04-18 00:00:00+00:00,2011-03-11 00:00:00+00:00,2011-03-11 00:00:00+00:00,DR,2024-08-27T18:22:14.800Z,2011,4,2,0.8660254037844387,-0.4999999999999998,1.2246467991473532e-16,-1.0,0.0,38.0,West,203,0,0,0,0.0,0,0,0,0,0,0,0,0,0,0,0.0,0.0,0.0,37703713.52,81.0,465477.9446913581,8084518.64,17.4452691759466,4
fbb62ac2-33d1-4bb5-be75-4cd3347a6c6b,532baede8187d3f5a6685b9fd7bb9df4bd63aa02,1969,NC,Severe Storm,2011-04-19 00:00:00+00:00,2011-04-16 00:00:00+00:00,2011-04-16 00:00:00+00:00,DR,2024-08-27T18:22:14.800Z,2011,4,2,0.8660254037844387,-0.4999999999999998,1.2246467991473532e-16,-1.0,0.0,3.0,South,48,0,0,0,0.3,0,1,0,0,0,0,0,0,0,0,0.0,14.399999999999999,0.0,19215057.72,452.0,42511.189646017694,2052400.41,16.771204837922287,3
8f929361-a83b-4779-b5c4-b8039d249384,aa55e1de08f81ddb63644de0d6953e670cc783d1,1970,OK,Severe Storm,2011-04-22 00:00:00+00:00,2011-04-14 00:00:00+00:00,2011-04-14 00:00:00+00:00,DR,2024-08-27T18:22:14.800Z,2011,4,2,0.8660254037844387,-0.4999999999999998,1.2246467991473532e-16,-1.0,0.0,8.0,South,138,0,0,0,0.3,0,1,0,0,0,0,0,0,0,0,0.0,41.4,0.0,4871305.3,64.0,76114.1453125,1510906.79,15.398872693176685,3
fda931c5-fffc-4ae7-93b2-91e0da512e8e,89094aa127f1717f74e07675cfff9354e45c0715,1971,AL,Severe Storm,2011-04-28 00:00:00+00:00,2011-04-15 00:00:00+00:00,2011-05-31 00:00:00+00:00,DR,2024-08-27T18:22:14.800Z,2011,4,2,0.8660254037844387,-0.4999999999999998,1.2246467991473532e-16,-1.0,46.0,13.0,South,74,0,0,0,0.3,0,1,0,0,0,0,0,0,0,0,13.799999999999999,22.2,598.0,201043394.8,2261.0,88917.91012826184,7750734.98,19.119031342222893,3
6e673927-f5fa-487d-a116-aaf508c91952,e177cbb55bd303b00db2f393453c16c419712cc6,1972,MS,Severe Storm,2011-04-29 00:00:00+00:00,2011-04-15 00:00:00+00:00,2011-04-28 00:00:00+00:00,DR,2024-08-27T18:22:14.800Z,2011,4,2,0.8660254037844387,-0.4999999999999998,1.2246467991473532e-16,-1.0,13.0,14.0,South,58,0,0,0,0.3,0,1,0,0,0,0,0,0,0,0,3.9,17.4,182.0,23621731.51,619.0,38161.11714054928,1983676.54,16.977677715323836,3
d32eb7b6-cdd5-4d21-a84d-50971dd5d13f,e57d074629874b1afeef0a86355f6b825d527ec8,1973,GA,Severe Storm,2011-04-29 00:00:00+00:00,2011-04-27 00:00:00+00:00,2011-04-28 00:00:00+00:00,DR,2024-08-27T18:22:14.800Z,2011,4,2,0.8660254037844387,-0.4999999999999998,1.2246467991473532e-16,-1.0,1.0,2.0,South,50,0,0,0,0.3,0,1,0,0,0,0,0,0,0,0,0.3,15.0,2.0,20288231.29,354.0,57311.38782485876,4083445.77,16.82555158577894,3
dbef7c51-e733-4bde-bfb9-478c09b548f9,17da0ea54463ef94c6ab2d959b900c11c89af4fb,1974,TN,Severe Storm,2011-05-01 00:00:00+00:00,2011-04-25 00:00:00+00:00,2011-04-28 00:00:00+00:00,DR,2024-08-27T18:22:14.800Z,2011,5,2,0.49999999999999994,-0.8660254037844387,1.2246467991473532e-16,-1.0,3.0,6.0,South,54,0,0,0,0.3,0,1,0,0,0,0,0,0,0,0,0.8999999999999999,16.2,18.0,50409497.12,1349.0,37368.04827279466,11505399.52,17.735690170048134,3
5b0f03a7-7fc6-4cc7-83e7-7bd2f7285db1,1f4ed8c06a3c7acc14fe7b61b6f697077e5c6942,1975,AR,Severe Storm,2011-05-02 00:00:00+00:00,2011-04-14 00:00:00+00:00,2011-06-03 00:00:00+00:00,DR,2024-08-27T18:22:14.800Z,2011,5,2,0.49999999999999994,-0.8660254037844387,1.2246467991473532e-16,-1.0,50.0,18.0,South,59,0,0,0,0.3,0,1,0,0,0,0,0,0,0,0,15.0,17.7,900.0,49985260.72,4325.0,11557.285715606937,2779782.0,17.7272387543405,3
706a916e-fb50-42e5-8b9b-9f0be40092e2,f9ee19cf3b96715ff8d1e917c7deee1049873e59,1976,KY,Severe Storm,2011-05-04 00:00:00+00:00,2011-04-12 00:00:00+00:00,2011-05-20 00:00:00+00:00,DR,2024-08-27T18:22:14.800Z,2011,5,2,0.49999999999999994,-0.8660254037844387,1.2246467991473532e-16,-1.0,38.0,22.0,South,63,0,0,0,0.3,0,1,0,0,0,0,0,0,0,0,11.4,18.9,836.0,29874525.72,1520.0,19654.293236842106,1329878.65,17.212516726082093,3
1a818387-b32d-4fdd-ac71-72f141a5f952,730afe01f83d4642992d3ae2041ca4e71614f15d,3320,MS,Flood,2011-05-04 00:00:00+00:00,2011-04-27 00:00:00+00:00,2011-06-17 00:00:00+00:00,EM,2024-08-27T18:22:14.800Z,2011,5,2,0.49999999999999994,-0.8660254037844387,1.2246467991473532e-16,-1.0,51.0,7.0,South,59,0,0,0,0.44999999999999996,0,0,1,0,0,0,0,0,0,0,22.95,26.549999999999997,357.0,16250.689999999999,2.0,8125.344999999999,12391.39,9.695952182350258,3
5de64d47-6488-43dc-8950-8b44f57d402f,4c687ee236e25d9947f48f013f757c30bef65d00,1977,IA,Severe Storm,2011-05-05 00:00:00+00:00,2011-04-09 00:00:00+00:00,2011-04-10 00:00:00+00:00,DR,2024-08-27T18:22:14.800Z,2011,5,2,0.49999999999999994,-0.8660254037844387,1.2246467991473532e-16,-1.0,1.0,26.0,Midwest,48,0,0,0,0.3,0,1,0,0,0,0,0,0,0,0,0.3,14.399999999999999,26.0,2702114.08,80.0,33776.426,540927.88,14.8095453872689,0
0ce3c3f9-92ac-46a7-b1c1-e6c816e68375,65a777662108610984b9a23757e9fff06f050ff1,3322,LA,Flood,2011-05-06 00:00:00+00:00,2011-04-25 00:00:00+00:00,2011-07-07 00:00:00+00:00,EM,2024-08-27T18:22:14.800Z,2011,5,2,0.49999999999999994,-0.8660254037844387,1.2246467991473532e-16,-1.0,73.0,11.0,South,65,0,0,0,0.44999999999999996,0,0,1,0,0,0,0,0,0,0,32.849999999999994,29.249999999999996,803.0,28922892.77,192.0,150640.06651041665,2924588.3,17.18014401145237,3
b0091756-f546-4671-b55f-3c2318f3613c,01f58d5c61bc2251d22d63d2f3b50a24be74801c,1978,TN,Severe Storm,2011-05-09 00:00:00+00:00,2011-04-04 00:00:00+00:00,2011-04-04 00:00:00+00:00,DR,2024-08-27T18:22:14.800Z,2011,5,2,0.49999999999999994,-0.8660254037844387,1.2246467991473532e-16,-1.0,0.0,35.0,South,56,0,0,0,0.3,0,1,0,0,0,0,0,0,0,0,0.0,16.8,0.0,7041838.42,107.0,65811.5740186916,2014888.72,15.767379975256224,3
01b94459-d987-4d4c-8f9e-bd869babb852,9bedf959118aa96243854f5a1403b72a4673c3e6,1979,TN,Severe Storm,2011-05-09 00:00:00+00:00,2011-04-19 00:00:00+00:00,2011-06-07 00:00:00+00:00,DR,2024-08-27T18:22:14.800Z,2011,5,2,0.49999999999999994,-0.8660254037844387,1.2246467991473532e-16,-1.0,49.0,20.0,South,57,0,0,0,0.3,0,1,0,0,0,0,0,0,0,0,14.7,17.099999999999998,980.0,18433516.77,552.0,33394.05211956522,2260351.31,16.729681183380183,3
1a92b46a-fa58-442c-83a3-c4165ad09f54,1671000ca601e0cc882c09f82cee8a60905cf811,1980,MO,Severe Storm,2011-05-09 00:00:00+00:00,2011-04-19 00:00:00+00:00,2011-06-06 00:00:00+00:00,DR,2024-08-27T18:22:14.800Z,2011,5,2,0.49999999999999994,-0.8660254037844387,1.2246467991473532e-16,-1.0,48.0,20.0,Midwest,59,0,0,0,0.3,0,1,0,0,0,0,0,0,0,0,14.399999999999999,17.7,960.0,160167969.3,1757.0,91159.9142287991,31547810.05,18.891733636903357,0
602fa81a-bab7-463c-923e-948e7b35a567,869cb8bf3d6b8407b4b4e1f35bbea3c637e59e62,1981,ND,Flood,2011-05-10 00:00:00+00:00,2011-02-14 00:00:00+00:00,2011-07-20 00:00:00+00:00,DR,2024-08-27T18:22:14.800Z,2011,5,2,0.49999999999999994,-0.8660254037844387,1.2246467991473532e-16,-1.0,156.0,85.0,Midwest,49,0,0,0,0.44999999999999996,0,0,1,0,0,0,0,0,0,0,70.19999999999999,22.049999999999997,13260.0,224355761.75,4240.0,52914.09475235849,24236712.0,19.228743576483833,0
f53ef22b-6a80-4160-a178-9f24f647ca49,73c8208c94a02961f9d319685f5958cb3ab202db,1982,MN,Flood,2011-05-10 00:00:00+00:00,2011-03-16 00:00:00+00:00,2011-05-25 00:00:00+00:00,DR,2024-08-27T18:22:14.800Z,2011,5,2,0.49999999999999994,-0.8660254037844387,1.2246467991473532e-16,-1.0,70.0,55.0,Midwest,59,0,0,0,0.44999999999999996,0,0,1,0,0,0,0,0,0,0,31.499999999999996,26.549999999999997,3850.0,20268456.09,1265.0,16022.494932806325,743472.89,16.824576397622828,0
231246ea-72ad-432a-8321-f561a6cd7164,986188360aff6b96d84229726917cf9205fe477a,1983,MS,Flood,2011-05-11 00:00:00+00:00,2011-05-03 00:00:00+00:00,2011-06-17 00:00:00+00:00,DR,2024-08-27T18:22:14.800Z,2011,5,2,0.49999999999999994,-0.8660254037844387,1.2246467991473532e-16,-1.0,45.0,8.0,South,60,0,0,0,0.44999999999999996,0,0,1,0,0,0,0,0,0,0,20.249999999999996,26.999999999999996,360.0,7354369.96,253.0,29068.655968379448,423401.86,15.810805382867299,3
614e1873-5fe4-43f3-8ca4-2e98034f58bb,a84df638d02c183aa0f9feddd377c080c0166313,1984,SD,Flood,2011-05-13 00:00:00+00:00,2011-03-11 00:00:00+00:00,2011-07-22 00:00:00+00:00,DR,2024-08-27T18:22:14.800Z,2011,5,2,0.49999999999999994,-0.8660254037844387,1.2246467991473532e-16,-1.0,133.0,63.0,Midwest,60,0,0,0,0.44999999999999996,0,0,1,0,0,0,0,0,0,0,59.849999999999994,26.999999999999996,8379.0,52112619.47,2378.0,21914.47412531539,5251287.88,17.76891771289795,0
95a40fda-bf32-4f67-9e6e-22d64b147014,80f8dcc5f198e35fe90dd67fd9130b6f9608e155,1985,OK,Severe Storm,2011-05-13 00:00:00+00:00,2011-01-31 00:00:00+00:00,2011-02-05 00:00:00+00:00,DR,2024-08-27T18:22:14.800Z,2011,5,2,0.49999999999999994,-0.8660254037844387,1.2246467991473532e-16,-1.0,5.0,102.0,South,139,0,0,0,0.3,0,1,0,0,0,0,0,0,0,0,1.5,41.699999999999996,510.0,3490382.1,273.0,12785.282417582417,272007.69,15.065522058927879,3
c2f5baa9-77f5-42c5-9522-df97e6921694,4b46b57d3babfccd66791e494735ca1d5cd5372d,1986,ND,Severe Storm,2011-05-20 00:00:00+00:00,2011-04-29 00:00:00+00:00,2011-05-01 00:00:00+00:00,DR,2024-08-27T18:22:14.800Z,2011,5,2,0.49999999999999994,-0.8660254037844387,1.2246467991473532e-16,-1.0,2.0,21.0,Midwest,50,0,0,0,0.3,0,1,0,0,0,0,0,0,0,0,0.6,15.0,42.0,5934923.13,35.0,169569.23228571427,1921753.93,15.596364802456412,0
cd18878f-9566-4767-ba5d-a45afc867a8b,48082797cd6adaa718b2b8504f0520b685d481a2,1987,ID,Flood,2011-05-20 00:00:00+00:00,2011-03-31 00:00:00+00:00,2011-04-11 00:00:00+00:00,DR,2024-08-27T18:22:14.800Z,2011,5,2,0.49999999999999994,-0.8660254037844387,1.2246467991473532e-16,-1.0,11.0,50.0,West,30,0,0,0,0.44999999999999996,0,0,1,0,0,0,0,0,0,0,4.949999999999999,13.499999999999998,550.0,2926897.38,68.0,43042.608529411766,509036.51,14.889453846929893,4
3d73b86c-ee69-4a86-b6b4-2cc60c6ce374,102d3179b056e93800ac38acb182c89f84f913af,1988,OK,Severe Storm,2011-05-27 00:00:00+00:00,2011-04-21 00:00:00+00:00,2011-04-28 00:00:00+00:00,DR,2024-08-27T18:22:14.800Z,2011,5,2,0.49999999999999994,-0.8660254037844387,1.2246467991473532e-16,-1.0,7.0,36.0,South,140,0,0,0,0.3,0,1,0,0,0,0,0,0,0,0,2.1,42.0,252.0,3925597.14,525.0,7477.327885714286,125375.99,15.183029289944798,3
6c9f549d-b8e3-493c-a653-7d5598d356db,1bdbbb2510f0038ce82b44f1bf585b387ed551f5,1989,OK,Severe Storm,2011-06-06 00:00:00+00:00,2011-05-22 00:00:00+00:00,2011-05-25 00:00:00+00:00,DR,2024-08-27T18:22:14.800Z,2011,6,2,1.2246467991473532e-16,-1.0,1.2246467991473532e-16,-1.0,3.0,15.0,South,141,0,0,0,0.3,0,1,0,0,0,0,0,0,0,0,0.8999999999999999,42.3,45.0,7155374.75,236.0,30319.384533898305,857581.37,15.783374485317056,3
957fd987-0660-45bc-85b1-2550a637aa4a,9a4fa293d7c1f893714c4e2778ea0bd8cdf1b1b5,1990,MN,Severe Storm,2011-06-07 00:00:00+00:00,2011-05-21 00:00:00+00:00,2011-05-22 00:00:00+00:00,DR,2024-08-27T18:22:14.800Z,2011,6,2,1.2246467991473532e-16,-1.0,1.2246467991473532e-16,-1.0,1.0,17.0,Midwest,60,0,0,0,0.3,0,1,0,0,0,0,0,0,0,0,0.3,18.0,17.0,3548610.44,85.0,41748.35811764706,484426.55,15.082066941272991,0
268d18d0-b4ba-48c1-9f9e-6aeb71dcd688,7aed36be6299188f79e0e6fce659e9f23ed05249,1991,IL,Severe Storm,2011-06-07 00:00:00+00:00,2011-04-19 00:00:00+00:00,2011-06-14 00:00:00+00:00,DR,2024-08-27T18:22:14.800Z,2011,6,2,1.2246467991473532e-16,-1.0,1.2246467991473532e-16,-1.0,56.0,49.0,Midwest,57,0,0,0,0.3,0,1,0,0,0,0,0,0,0,0,16.8,17.099999999999998,2744.0,13938556.78,571.0,24410.782451838877,1541100.74,16.450169498833915,0
447a6f8b-83e3-4051-9940-8b0db4726d35,9d736dbf8c3d90b1fe9aa7b59998f3baa8739146,1992,AK,Flood,2011-06-10 00:00:00+00:00,2011-05-08 00:00:00+00:00,2011-05-13 00:00:00+00:00,DR,2024-08-27T18:22:14.800Z,2011,6,2,1.2246467991473532e-16,-1.0,1.2246467991473532e-16,-1.0,5.0,33.0,West,50,0,0,0,0.44999999999999996,0,0,1,0,0,0,0,0,0,0,2.25,22.499999999999996,165.0,1756346.8,36.0,48787.41111111111,250398.53,14.37874709734648,4
d11ade06-ff23-4dc3-aa0f-7bf5da111a67,4798ef2c25bed1ee63314c0b34183ae78eba0b13,1993,NY,Flood,2011-06-10 00:00:00+00:00,2011-04-26 00:00:00+00:00,2011-05-08 00:00:00+00:00,DR,2024-08-27T18:22:14.800Z,2011,6,2,1.2246467991473532e-16,-1.0,1.2246467991473532e-16,-1.0,12.0,45.0,Northeast,83,0,0,0,0.44999999999999996,0,0,1,0,0,0,0,0,0,0,5.3999999999999995,37.349999999999994,540.0,35684182.87,1824.0,19563.69674890351,2273139.48,17.39021811973205,1
9bd9c105-0b03-4910-9016-7c920e0bdcd3,8374854b14f12399d4e88407eca51ec922cec780,1994,MA,Tornado,2011-06-15 00:00:00+00:00,2011-06-01 00:00:00+00:00,2011-06-01 00:00:00+00:00,DR,2024-08-27T18:22:14.800Z,2011,6,2,1.2246467991473532e-16,-1.0,1.2246467991473532e-16,-1.0,0.0,14.0,Northeast,38,0,0,0,0.44999999999999996,0,0,0,0,1,0,0,0,0,0,0.0,17.099999999999998,0.0,75239301.83,228.0,329996.9378508772,22071137.25,18.13618429640521,1
967e11ba-bdf0-45bd-8195-bd2035a7f165,47b328f140a6b2c9cdc6dc32d57da344b982ab21,1995,VT,Severe Storm,2011-06-15 00:00:00+00:00,2011-04-23 00:00:00+00:00,2011-05-09 00:00:00+00:00,DR,2026-06-17T19:16:00.553Z,2011,6,2,1.2246467991473532e-16,-1.0,1.2246467991473532e-16,-1.0,16.0,53.0,Northeast,31,0,0,0,0.3,0,1,0,0,0,0,0,0,0,0,4.8,9.299999999999999,848.0,14747309.61,543.0,27158.94955801105,1871645.94,16.506571292600267,1
a8d96c46-ff38-4c9d-b432-e4aa98a4a805,df25885fba4ed3e3f339a74d4e171d277cc2af86,1996,MT,Severe Storm,2011-06-17 00:00:00+00:00,2011-04-04 00:00:00+00:00,2011-07-22 00:00:00+00:00,DR,2024-08-27T18:22:14.800Z,2011,6,2,1.2246467991473532e-16,-1.0,1.2246467991473532e-16,-1.0,109.0,74.0,West,55,0,0,0,0.3,0,1,0,0,0,0,0,0,0,0,32.699999999999996,16.5,8066.0,42263772.07,1604.0,26348.98508104738,7076971.76,17.559440848466803,4
68f6a043-8154-4c1c-aeaa-c0277f9e2ac5,495be510ff5fd622a28b64a0b3b37683b24dd71d,1997,IN,Severe Storm,2011-06-23 00:00:00+00:00,2011-04-19 00:00:00+00:00,2011-06-06 00:00:00+00:00,DR,2024-08-27T18:22:14.800Z,2011,6,2,1.2246467991473532e-16,-1.0,1.2246467991473532e-16,-1.0,48.0,65.0,Midwest,45,0,0,0,0.3,0,1,0,0,0,0,0,0,0,0,14.399999999999999,13.5,3120.0,13570671.84,633.0,21438.66009478673,617280.75,16.423421613485324,0
c4fa040f-99ee-428d-a174-b13ce39b639c,ed5b5b03dddddf8762ef272f66173b7c9d533f4c,1998,IA,Flood,2011-06-27 00:00:00+00:00,2011-05-25 00:00:00+00:00,2011-08-01 00:00:00+00:00,DR,2024-08-27T18:22:14.800Z,2011,6,2,1.2246467991473532e-16,-1.0,1.2246467991473532e-16,-1.0,68.0,33.0,Midwest,49,0,0,0,0.44999999999999996,0,0,1,0,0,0,0,0,0,0,30.599999999999998,22.049999999999997,2244.0,46273268.6,601.0,76993.79134775375,6402528.0,17.650075021883502,0
dc2c0d08-69a3-41f8-a774-250bc904e8e7,e8ece60b52d3d70b2c381183ba31188487780a62,1999,TX,Fire,2011-07-01 00:00:00+00:00,2011-04-06 00:00:00+00:00,2011-08-29 00:00:00+00:00,DR,2024-08-27T18:22:14.800Z,2011,7,3,-0.4999999999999997,-0.8660254037844388,-1.0,-1.8369701987210297e-16,145.0,86.0,South,316,0,0,0,0.3,1,0,0,0,0,0,0,0,0,0,43.5,94.8,12470.0,52813413.07,409.0,129128.14931540343,43468487.78,17.78227577076621,3
55429ff7-bf1c-41c9-8c76-2a49b4155c75,1f729a833342a1024c872b55be8d240c8e68e281,4000,AR,Severe Storm,2011-07-08 00:00:00+00:00,2011-05-24 00:00:00+00:00,2011-05-26 00:00:00+00:00,DR,2024-08-27T18:22:14.800Z,2011,7,3,-0.4999999999999997,-0.8660254037844388,-1.0,-1.8369701987210297e-16,2.0,45.0,South,60,0,0,0,0.3,0,1,0,0,0,0,0,0,0,0,0.6,18.0,90.0,2727242.81,38.0,71769.54763157894,1254755.19,14.818802063771846,3
e1a59a00-6c74-4c9c-86f3-9f0ff31a017f,8ad33351cc51c081c460440afe543e34648cfc71,4001,VT,Severe Storm,2011-07-08 00:00:00+00:00,2011-05-26 00:00:00+00:00,2011-05-27 00:00:00+00:00,DR,2024-08-27T18:22:14.800Z,2011,7,3,-0.4999999999999997,-0.8660254037844388,-1.0,-1.8369701987210297e-16,1.0,43.0,Northeast,32,0,0,0,0.3,0,1,0,0,0,0,0,0,0,0,0.3,9.6,43.0,10545798.69,553.0,19070.160379746834,1786589.85,16.171238204960815,1
81d1cb07-13d6-44ff-b485-b26ade8a0020,c3edef0063447099287c1563fcf8e356bb7e2a05,4002,OH,Severe Storm,2011-07-13 00:00:00+00:00,2011-04-04 00:00:00+00:00,2011-05-15 00:00:00+00:00,DR,2024-08-27T18:22:14.800Z,2011,7,3,-0.4999999999999997,-0.8660254037844388,-1.0,-1.8369701987210297e-16,41.0,100.0,Midwest,50,0,0,0,0.3,0,1,0,0,0,0,0,0,0,0,12.299999999999999,15.0,4100.0,32987889.34,1293.0,25512.67543696829,1096316.58,17.31165109269074,0
73e0acbb-7f53-42b3-bc2e-af54f45e3e7a,3d1574020c357c769f4c3bd3f3c41888ac3f60b9,4003,PA,Severe Storm,2011-07-13 00:00:00+00:00,2011-04-25 00:00:00+00:00,2011-04-28 00:00:00+00:00,DR,2024-08-27T18:22:14.800Z,2011,7,3,-0.4999999999999997,-0.8660254037844388,-1.0,-1.8369701987210297e-16,3.0,79.0,Northeast,48,0,0,0,0.3,0,1,0,0,0,0,0,0,0,0,0.8999999999999999,14.399999999999999,237.0,9389606.38,571.0,16444.144273204904,2032782.48,16.055114037743717,1
68a310e3-f05f-4de9-b4e0-c3a363cc58b5,bc8af0a9f27b3c7a02d9c472cdd0a7d3effc6d15,4004,PR,Severe Storm,2011-07-14 00:00:00+00:00,2011-05-20 00:00:00+00:00,2011-06-08 00:00:00+00:00,DR,2024-08-27T18:22:14.800Z,2011,7,3,-0.4999999999999997,-0.8660254037844388,-1.0,-1.8369701987210297e-16,19.0,55.0,Other,28,0,0,0,0.3,0,1,0,0,0,0,0,0,0,0,5.7,8.4,1045.0,6433605.15,297.0,21661.970202020202,532964.53,15.677045771043616,2
c186c5ae-5226-4ab0-9482-f7118a861647,987521396dca9c74bf36a57d2121184c4bd874cd,4005,TN,Severe Storm,2011-07-20 00:00:00+00:00,2011-06-18 00:00:00+00:00,2011-06-24 00:00:00+00:00,DR,2024-08-27T18:22:14.800Z,2011,7,3,-0.4999999999999997,-0.8660254037844388,-1.0,-1.8369701987210297e-16,6.0,32.0,South,58,0,0,0,0.3,0,1,0,0,0,0,0,0,0,0,1.7999999999999998,17.4,192.0,6940346.02,193.0,35960.34207253886,2964494.93,15.75286233411473,3
13929e1b-6230-4d5e-bfa1-039dfa041369,9f9aa4d3d060b4956cb3cb41898baadd870663b9,4006,NH,Flood,2011-07-22 00:00:00+00:00,2011-05-26 00:00:00+00:00,2011-05-30 00:00:00+00:00,DR,2024-08-27T18:22:14.800Z,2011,7,3,-0.4999999999999997,-0.8660254037844388,-1.0,-1.8369701987210297e-16,4.0,57.0,Northeast,35,0,0,0,0.44999999999999996,0,0,1,0,0,0,0,0,0,0,1.7999999999999998,15.749999999999998,228.0,1218835.96,73.0,16696.38301369863,401138.31,14.013407650543648,1
e2c56da2-ddb6-4d6b-9d5a-850f935bcb2e,cbc17a443f1805145710629275b82199449a8836,4007,WY,Severe Storm,2011-07-22 00:00:00+00:00,2011-05-18 00:00:00+00:00,2011-07-08 00:00:00+00:00,DR,2024-08-27T18:22:14.800Z,2011,7,3,-0.4999999999999997,-0.8660254037844388,-1.0,-1.8369701987210297e-16,51.0,65.0,West,21,0,0,0,0.3,0,1,0,0,0,0,0,0,0,0,15.299999999999999,6.3,3315.0,5568579.02,203.0,27431.423743842362,541549.97,15.53265064582967,4
963d7071-c1ad-4641-82a1-df3a76fc10fa,a67d2c9d37764d67778a3e0841588260f06a8a54,4008,KY,Severe Storm,2011-07-25 00:00:00+00:00,2011-06-19 00:00:00+00:00,2011-06-23 00:00:00+00:00,DR,2024-08-27T18:22:14.800Z,2011,7,3,-0.4999999999999997,-0.8660254037844388,-1.0,-1.8369701987210297e-16,4.0,36.0,South,64,0,0,0,0.3,0,1,0,0,0,0,0,0,0,0,1.2,19.2,144.0,2580667.86,218.0,11837.925963302752,134347.0,14.763559171360845,3
e9603000-a9d1-4ebc-8258-343d1fcf41af,fd2391a130862e0a5ac06691cc1ede6a97a57e59,4009,MN,Severe Storm,2011-07-28 00:00:00+00:00,2011-07-01 00:00:00+00:00,2011-07-11 00:00:00+00:00,DR,2024-08-27T18:22:14.800Z,2011,7,3,-0.4999999999999997,-0.8660254037844388,-1.0,-1.8369701987210297e-16,10.0,27.0,Midwest,61,0,0,0,0.3,0,1,0,0,0,0,0,0,0,0,3.0,18.3,270.0,11105241.25,444.0,25011.804617117115,570176.71,16.222927829570708,0
e4228806-5952-47a2-973c-130ed0b3b4a1,f5266d800259ceb33456cd839d5f4fb25eee5b41,4010,KS,Severe Storm,2011-07-29 00:00:00+00:00,2011-05-19 00:00:00+00:00,2011-06-04 00:00:00+00:00,DR,2024-08-27T18:22:14.800Z,2011,7,3,-0.4999999999999997,-0.8660254037844388,-1.0,-1.8369701987210297e-16,16.0,71.0,Midwest,51,0,0,0,0.3,0,1,0,0,0,0,0,0,0,0,4.8,15.299999999999999,1136.0,7227474.2,406.0,17801.660591133004,618242.7,15.793400321528114,0
6d97782c-dbaa-4540-8661-7276263c1c80,5f2901e28eb03db9c5cc739cf011af6cb9c11f96,4011,UT,Flood,2011-08-08 00:00:00+00:00,2011-04-18 00:00:00+00:00,2011-07-16 00:00:00+00:00,DR,2024-08-27T18:22:14.800Z,2011,8,3,-0.8660254037844385,-0.5000000000000004,-1.0,-1.8369701987210297e-16,89.0,112.0,West,22,0,0,0,0.44999999999999996,0,0,1,0,0,0,0,0,0,0,40.05,9.899999999999999,9968.0,7738769.52,312.0,24803.74846153846,791759.01,15.861753385403082,4
144189f2-3881-4ed6-825f-6eeede9e6995,1f4bca3b9e45d123c0105d8e5d5ea67ba5c836e9,4012,MO,Flood,2011-08-12 00:00:00+00:00,2011-06-01 00:00:00+00:00,2011-08-01 00:00:00+00:00,DR,2024-08-27T18:22:14.800Z,2011,8,3,-0.8660254037844385,-0.5000000000000004,-1.0,-1.8369701987210297e-16,61.0,72.0,Midwest,61,0,0,0,0.44999999999999996,0,0,1,0,0,0,0,0,0,0,27.449999999999996,27.449999999999996,4392.0,21739243.52,550.0,39525.897309090906,2733740.5,16.894629688363548,0
b7a217b9-91d3-48ae-987e-b9a51a2f3f47,6b9c52c0b7d218b9208487d21165e02e7a91ac6c,4013,NE,Flood,2011-08-12 00:00:00+00:00,2011-05-24 00:00:00+00:00,2011-08-01 00:00:00+00:00,DR,2024-08-27T18:22:14.800Z,2011,8,3,-0.8660254037844385,-0.5000000000000004,-1.0,-1.8369701987210297e-16,69.0,80.0,Midwest,52,0,0,0,0.44999999999999996,0,0,1,0,0,0,0,0,0,0,31.049999999999997,23.4,5520.0,62808331.05,575.0,109231.88008695652,9987868.48,17.955598298593166,0
809a0bf2-1a76-4e02-abd6-57f35a9c1776,fbedec99a83682e27901aaa91764c0aba76b1bcf,4014,NE,Severe Storm,2011-08-12 00:00:00+00:00,2011-06-19 00:00:00+00:00,2011-06-21 00:00:00+00:00,DR,2024-08-27T18:22:14.800Z,2011,8,3,-0.8660254037844385,-0.5000000000000004,-1.0,-1.8369701987210297e-16,2.0,54.0,Midwest,53,0,0,0,0.3,0,1,0,0,0,0,0,0,0,0,0.6,15.899999999999999,108.0,3362468.45,46.0,73097.14021739131,838270.9,15.0281862173491,0
9044757d-94bc-4024-98ca-31f3f08b0762,9c9d37e95c5c461bda3537f8f4346a780d9ab0eb,4015,LA,Flood,2011-08-18 00:00:00+00:00,2011-04-25 00:00:00+00:00,2011-07-07 00:00:00+00:00,DR,2024-08-27T18:22:14.800Z,2011,8,3,-0.8660254037844385,-0.5000000000000004,-1.0,-1.8369701987210297e-16,73.0,115.0,South,66,0,0,0,0.44999999999999996,0,0,1,0,0,0,0,0,0,0,32.849999999999994,29.699999999999996,8395.0,5553128.41,56.0,99163.00732142858,946583.39,15.529872184472277,3
9d39c01f-3b34-4bfd-bb7d-8be0af5c1fd3,20144516ecbb5acccbbf16d87fb5addbc8c51c29,3326,PR,Hurricane,2011-08-22 00:00:00+00:00,2011-08-21 00:00:00+00:00,2011-08-24 00:00:00+00:00,EM,2024-08-27T18:22:14.800Z,2011,8,3,-0.8660254037844385,-0.5000000000000004,-1.0,-1.8369701987210297e-16,3.0,1.0,Other,29,0,0,0,0.6,0,0,0,1,0,0,0,0,0,0,1.7999999999999998,17.4,3.0,781030.88,81.0,9642.356543209877,109008.0,13.56837124745096,2
0f0e3496-c7a7-4857-ba47-0c85af081ffa,7ba7a60b1a1e2d664e7994dc373b99ba1911fc63,4016,IA,Severe Storm,2011-08-24 00:00:00+00:00,2011-07-09 00:00:00+00:00,2011-07-14 00:00:00+00:00,DR,2024-08-27T18:22:14.800Z,2011,8,3,-0.8660254037844385,-0.5000000000000004,-1.0,-1.8369701987210297e-16,5.0,46.0,Midwest,50,0,0,0,0.3,0,1,0,0,0,0,0,0,0,0,1.5,15.0,230.0,5743591.7700000005,200.0,28717.958850000003,761827.88,15.563595490609172,0
c92dd78d-6a6d-4614-96a6-6b9163148318,fd7799a9c26d2bfeaeb234519427f3f867564382,3328,NY,Hurricane,2011-08-26 00:00:00+00:00,2011-08-25 00:00:00+00:00,2011-09-05 00:00:00+00:00,EM,2024-08-27T18:22:14.800Z,2011,8,3,-0.8660254037844385,-0.5000000000000004,-1.0,-1.8369701987210297e-16,11.0,1.0,Northeast,84,0,0,0,0.6,0,0,0,1,0,0,0,0,0,0,6.6,50.4,11.0,1313887.82,36.0,36496.88388888889,620925.17,14.088501862574761,1
6bd597d7-8749-4fec-9d88-2e82fe1a231e,68fc7a253d53bf1ba7d07652945e562dc4cd4a0f,3329,VA,Hurricane,2011-08-26 00:00:00+00:00,2011-08-26 00:00:00+00:00,2011-09-04 00:00:00+00:00,EM,2024-08-27T18:22:14.800Z,2011,8,3,-0.8660254037844385,-0.5000000000000004,-1.0,-1.8369701987210297e-16,9.0,0.0,South,55,0,0,0,0.6,0,0,0,1,0,0,0,0,0,0,5.3999999999999995,33.0,0.0,74241.71,9.0,8249.07888888889,23648.22,11.215094870026615,3
e4ef0f45-b43f-472e-af0e-a48f48e01460,0bbceaed0d54799aff6d48d467a4feae9f12c687,3330,MA,Hurricane,2011-08-26 00:00:00+00:00,2011-08-26 00:00:00+00:00,2011-09-05 00:00:00+00:00,EM,2024-08-27T18:22:14.800Z,2011,8,3,-0.8660254037844385,-0.5000000000000004,-1.0,-1.8369701987210297e-16,10.0,0.0,Northeast,39,0,0,0,0.6,0,0,0,1,0,0,0,0,0,0,6.0,23.4,0.0,5366361.92,192.0,27949.801666666666,1171022.96,15.495660940927047,1
a2072772-3fa6-4413-baa3-308ccec5926a,57bedf870e5ab6a8976c2ffed8a5b4ad105ef1a8,3333,NH,Hurricane,2011-08-27 00:00:00+00:00,2011-08-26 00:00:00+00:00,2011-09-06 00:00:00+00:00,EM,2024-08-27T18:22:14.800Z,2011,8,3,-0.8660254037844385,-0.5000000000000004,-1.0,-1.8369701987210297e-16,11.0,1.0,Northeast,36,0,0,0,0.6,0,0,0,1,0,0,0,0,0,0,6.6,21.599999999999998,11.0,550618.32,51.0,10796.437647058823,106618.54,13.218798960068865,1
6cbbc01b-eae3-43ab-bb00-07d7674a7f9a,b268f01772e30b432481313f73b76092b80df565,3335,MD,Hurricane,2011-08-27 00:00:00+00:00,2011-08-26 00:00:00+00:00,2011-09-05 00:00:00+00:00,EM,2024-08-27T18:22:14.800Z,2011,8,3,-0.8660254037844385,-0.5000000000000004,-1.0,-1.8369701987210297e-16,10.0,1.0,South,23,0,0,0,0.6,0,0,0,1,0,0,0,0,0,0,6.0,13.799999999999999,10.0,5191261.4,135.0,38453.78814814815,344477.85,15.46248746255897,3
19126213-1099-4bd9-9fef-3688bdd39997,7cfb69c7226e7b18feafaf250aaaf1f3de8d700b,4017,PR,Hurricane,2011-08-27 00:00:00+00:00,2011-08-21 00:00:00+00:00,2011-08-24 00:00:00+00:00,DR,2024-08-27T18:22:14.800Z,2011,8,3,-0.8660254037844385,-0.5000000000000004,-1.0,-1.8369701987210297e-16,3.0,6.0,Other,30,0,0,0,0.6,0,0,0,1,0,0,0,0,0,0,1.7999999999999998,18.0,18.0,55113218.17,1651.0,33381.71906117505,4436737.34,17.824900157689978,2
50cb82c4-933c-4c58-a729-041c8eacecdd,78a3be0540dbe5e15340d0e1d76f3ab6ad1b5d81,3336,DE,Hurricane,2011-08-28 00:00:00+00:00,2011-08-26 00:00:00+00:00,2011-08-31 00:00:00+00:00,EM,2024-08-27T18:22:14.800Z,2011,8,3,-0.8660254037844385,-0.5000000000000004,-1.0,-1.8369701987210297e-16,5.0,2.0,South,16,0,0,0,0.6,0,0,0,1,0,0,0,0,0,0,3.0,9.6,10.0,916843.53,64.0,14325.68015625,176026.82,13.728693194880002,3
215b297f-4bd9-4927-937b-7e83d25de558,83789d8a1f5d3499c5d019885bedd89a7e348810,4018,IA,Severe Storm,2011-08-30 00:00:00+00:00,2011-07-27 00:00:00+00:00,2011-07-29 00:00:00+00:00,DR,2024-08-27T18:22:14.800Z,2011,8,3,-0.8660254037844385,-0.5000000000000004,-1.0,-1.8369701987210297e-16,2.0,34.0,Midwest,51,0,0,0,0.3,0,1,0,0,0,0,0,0,0,0,0.6,15.299999999999999,68.0,4132709.44,126.0,32799.28126984127,300465.0,15.234444030550769,0
8207e634-022e-4c56-979a-69ac0aa6f189,9b22cff29ef6f5e2841c469508f8e99ec28420c0,4019,NC,Hurricane,2011-08-31 00:00:00+00:00,2011-08-25 00:00:00+00:00,2011-09-01 00:00:00+00:00,DR,2026-06-03T20:41:14.285Z,2011,8,3,-0.8660254037844385,-0.5000000000000004,-1.0,-1.8369701987210297e-16,7.0,6.0,South,51,0,0,0,0.6,0,0,0,1,0,0,0,0,0,0,4.2,30.599999999999998,42.0,87544886.96,1810.0,48367.34086187845,5419472.81,18.287662225042773,3
132f803a-1b16-4834-ae0e-14be8f8522f0,c0e24b8b02c67fb60a84cc08a8884e1213ccace8,4020,NY,Hurricane,2011-08-31 00:00:00+00:00,2011-08-26 00:00:00+00:00,2011-09-05 00:00:00+00:00,DR,2024-08-27T18:22:14.800Z,2011,8,3,-0.8660254037844385,-0.5000000000000004,-1.0,-1.8369701987210297e-16,10.0,5.0,Northeast,85,0,0,0,0.6,0,0,0,1,0,0,0,0,0,0,6.0,51.0,50.0,564762074.85,8682.0,65049.766741534215,36527325.62,20.15191509573097,1
a777261a-49a1-4f7a-a634-9fd162111904,b7645904a869f902c2187a3a943294f014d659fb,4021,NJ,Hurricane,2011-08-31 00:00:00+00:00,2011-08-27 00:00:00+00:00,2011-09-05 00:00:00+00:00,DR,2026-06-29T18:21:16.947Z,2011,8,3,-0.8660254037844385,-0.5000000000000004,-1.0,-1.8369701987210297e-16,9.0,4.0,Northeast,41,0,0,0,0.6,0,0,0,1,0,0,0,0,0,0,5.3999999999999995,24.599999999999998,36.0,122651525.59,4728.0,25941.5240249577,5997442.89,18.624857775309618,1
931d00bb-92ce-418f-9826-1a54f8f84a2f,6493e8197b7b4a9498eaf9e5c14ba0189c8051f7,4022,VT,Hurricane,2011-09-01 00:00:00+00:00,2011-08-27 00:00:00+00:00,2011-09-02 00:00:00+00:00,DR,2025-12-03T12:41:22.958Z,2011,9,3,-1.0,-1.8369701987210297e-16,-1.0,-1.8369701987210297e-16,6.0,5.0,Northeast,34,0,0,0,0.6,0,0,0,1,0,0,0,0,0,0,3.5999999999999996,20.4,30.0,216779434.4,3216.0,67406.54054726368,26928824.4,19.194390967864678,1
0dab6557-6b0c-41d8-a8e6-8ddbeecc5e98,3c7520df2b52f3373ae5fa25bbda3e4bb0665726,4023,CT,Hurricane,2011-09-02 00:00:00+00:00,2011-08-27 00:00:00+00:00,2011-09-01 00:00:00+00:00,DR,2024-08-27T18:22:14.800Z,2011,9,3,-1.0,-1.8369701987210297e-16,-1.0,-1.8369701987210297e-16,5.0,6.0,Northeast,23,0,0,0,0.6,0,0,0,1,0,0,0,0,0,0,3.0,13.799999999999999,30.0,43695699.4,1416.0,30858.544774011298,1649324.0,17.592760266209282,1
00ab3d20-ef49-410e-b8f1-63aee804670d,bd85483ec51a7f8235b5dbc9968889ee15edd969,4024,VA,Hurricane,2011-09-03 00:00:00+00:00,2011-08-26 00:00:00+00:00,2011-08-28 00:00:00+00:00,DR,2024-08-27T18:22:14.800Z,2011,9,3,-1.0,-1.8369701987210297e-16,-1.0,-1.8369701987210297e-16,2.0,8.0,South,56,0,0,0,0.6,0,0,0,1,0,0,0,0,0,0,1.2,33.6,16.0,57876764.76,1103.0,52472.13486854034,3081501.69,17.873826579797264,3
4e1ee828-c45f-43de-84dc-4ffa3ee53c43,0376b00580fa2b63d02e273067dadf0da2a420a3,4025,PA,Hurricane,2011-09-03 00:00:00+00:00,2011-08-26 00:00:00+00:00,2011-08-30 00:00:00+00:00,DR,2024-08-27T18:22:14.800Z,2011,9,3,-1.0,-1.8369701987210297e-16,-1.0,-1.8369701987210297e-16,4.0,8.0,Northeast,50,0,0,0,0.6,0,0,0,1,0,0,0,0,0,0,2.4,30.0,32.0,25816148.93,1357.0,19024.428098747238,2949468.74,17.066510820335743,1
014d7c43-d82c-4ac1-8ebb-e33a69110585,f0ed14b29950e4d6f3c7825ec7f98ee48ecb5901,4026,NH,Hurricane,2011-09-03 00:00:00+00:00,2011-08-26 00:00:00+00:00,2011-09-06 00:00:00+00:00,DR,2024-08-27T18:22:14.800Z,2011,9,3,-1.0,-1.8369701987210297e-16,-1.0,-1.8369701987210297e-16,11.0,8.0,Northeast,37,0,0,0,0.6,0,0,0,1,0,0,0,0,0,0,6.6,22.2,88.0,17861260.9,580.0,30795.2774137931,5531611.9,16.69814478601186,1
5df5f672-0ea1-43b5-ae9b-661f3856c86d,77aeb23c7cd6b3007f3a7c4b8403e718316ed2b1,4027,RI,Hurricane,2011-09-03 00:00:00+00:00,2011-08-27 00:00:00+00:00,2011-08-29 00:00:00+00:00,DR,2024-08-27T18:22:14.800Z,2011,9,3,-1.0,-1.8369701987210297e-16,-1.0,-1.8369701987210297e-16,2.0,7.0,Northeast,17,0,0,0,0.6,0,0,0,1,0,0,0,0,0,0,1.2,10.2,14.0,8341293.11,242.0,34468.153347107436,1325122.34,15.936728931362204,1
2fb99885-a85a-4da3-8569-1fcd68c250f6,544cbec422f39db1ab33702e45953f24e1f01d3f,4028,MA,Hurricane,2011-09-03 00:00:00+00:00,2011-08-27 00:00:00+00:00,2011-08-29 00:00:00+00:00,DR,2024-08-27T18:22:14.800Z,2011,9,3,-1.0,-1.8369701987210297e-16,-1.0,-1.8369701987210297e-16,2.0,7.0,Northeast,40,0,0,0,0.6,0,0,0,1,0,0,0,0,0,0,1.2,24.0,14.0,30463593.38,1068.0,28523.96383895131,4957574.81,17.232042901752443,1
861f0b0c-41f6-450b-8dbd-135b796cf943,f3a2fc39ef9f41b7a7f4292bf99d516dd2512311,3340,PA,Flood,2011-09-08 00:00:00+00:00,2011-09-03 00:00:00+00:00,2011-10-15 00:00:00+00:00,EM,2024-08-27T18:22:14.800Z,2011,9,3,-1.0,-1.8369701987210297e-16,-1.0,-1.8369701987210297e-16,42.0,5.0,Northeast,51,0,0,0,0.44999999999999996,0,0,1,0,0,0,0,0,0,0,18.9,22.95,210.0,495306.49,33.0,15009.287575757575,214726.64,13.112934040610183,1
075906bc-b700-410c-9b0b-a00165898ff8,b089106973549338468069a7bce1409b66a268cc,3341,NY,Severe Storm,2011-09-08 00:00:00+00:00,2011-09-07 00:00:00+00:00,2011-09-11 00:00:00+00:00,EM,2024-08-27T18:22:14.800Z,2011,9,3,-1.0,-1.8369701987210297e-16,-1.0,-1.8369701987210297e-16,4.0,1.0,Northeast,86,0,0,0,0.3,0,1,0,0,0,0,0,0,0,0,1.2,25.8,4.0,3194.36,1.0,3194.36,3194.36,8.069455036520504,1
664e68b7-63ee-43ba-bd3c-16aafd96cfc6,779e4754f50835f2d9d0539e7d1fa78309a88ed6,4029,TX,Fire,2011-09-09 00:00:00+00:00,2011-08-30 00:00:00+00:00,2011-12-31 00:00:00+00:00,DR,2024-08-27T18:22:14.800Z,2011,9,3,-1.0,-1.8369701987210297e-16,-1.0,-1.8369701987210297e-16,123.0,10.0,South,330,0,0,0,0.3,1,0,0,0,0,0,0,0,0,0,36.9,99.0,1230.0,46820167.2,945.0,49545.15047619048,5530079.04,17.661824612502432,3
6de3372d-617e-4ee1-834b-12da3be7332a,e5af28838fdb4e5ca087e06aff4af54875fea95f,4030,PA,Flood,2011-09-12 00:00:00+00:00,2011-09-03 00:00:00+00:00,2011-10-15 00:00:00+00:00,DR,2024-08-27T18:22:14.800Z,2011,9,3,-1.0,-1.8369701987210297e-16,-1.0,-1.8369701987210297e-16,42.0,9.0,Northeast,52,0,0,0,0.44999999999999996,0,0,1,0,0,0,0,0,0,0,18.9,23.4,378.0,147892356.61,5283.0,27994.010336929776,5940167.53,18.811995253661703,1
8ddc805d-56e4-490e-91f9-c66eb02fff16,c3f3f2f586a6aa74c28c0b8558e1c047dac9df3b,4031,NY,Severe Storm,2011-09-13 00:00:00+00:00,2011-09-07 00:00:00+00:00,2011-09-11 00:00:00+00:00,DR,2024-08-27T18:22:14.800Z,2011,9,3,-1.0,-1.8369701987210297e-16,-1.0,-1.8369701987210297e-16,4.0,6.0,Northeast,87,0,0,0,0.3,0,1,0,0,0,0,0,0,0,0,1.2,26.099999999999998,24.0,320422176.95,2530.0,126649.08179841896,47476341.38,19.5851499903322,1
eef116ff-f0e5-4c8a-8cbf-b1298b2a5ef7,4ab0bda411593eaf13dbc295649c991f689b59f2,4032,ME,Hurricane,2011-09-13 00:00:00+00:00,2011-08-27 00:00:00+00:00,2011-08-29 00:00:00+00:00,DR,2024-08-27T18:22:14.800Z,2011,9,3,-1.0,-1.8369701987210297e-16,-1.0,-1.8369701987210297e-16,2.0,17.0,Northeast,54,0,0,0,0.6,0,0,0,1,0,0,0,0,0,0,1.2,32.4,34.0,1995886.96,238.0,8386.079663865547,198882.36,14.506599602013543,1
c5938f2f-1678-48c9-9523-c639ea17bd8d,7f32ddb7a8ace38697e6499df3cc48c6f619addd,4033,NJ,Severe Storm,2011-09-15 00:00:00+00:00,2011-08-13 00:00:00+00:00,2011-08-15 00:00:00+00:00,DR,2024-08-27T18:22:14.800Z,2011,9,3,-1.0,-1.8369701987210297e-16,-1.0,-1.8369701987210297e-16,2.0,33.0,Northeast,42,0,0,0,0.3,0,1,0,0,0,0,0,0,0,0,0.6,12.6,66.0,7037295.1,108.0,65160.139814814815,1788100.39,15.766734577653331,1
f6c069a3-5640-48bc-8fce-313ae5767eaa,100479ff8b6a43a14030f8e9c7217b78e8587543,4034,MD,Hurricane,2011-09-16 00:00:00+00:00,2011-08-24 00:00:00+00:00,2011-09-05 00:00:00+00:00,DR,2024-08-27T18:22:14.800Z,2011,9,3,-1.0,-1.8369701987210297e-16,-1.0,-1.8369701987210297e-16,12.0,23.0,South,24,0,0,0,0.6,0,0,0,1,0,0,0,0,0,0,7.199999999999999,14.399999999999999,276.0,19856370.57,750.0,26475.16076,1888736.96,16.80403549948673,3
8ce04278-56d8-42dc-b063-40fc48384132,79d589109ac54d048464e672178e8210a0037942,4035,KS,Flood,2011-09-23 00:00:00+00:00,2011-06-01 00:00:00+00:00,2011-08-01 00:00:00+00:00,DR,2026-07-20T21:43:12.371Z,2011,9,3,-1.0,-1.8369701987210297e-16,-1.0,-1.8369701987210297e-16,61.0,114.0,Midwest,52,0,0,0,0.44999999999999996,0,0,1,0,0,0,0,0,0,0,27.449999999999996,23.4,6954.0,2900592.12,104.0,27890.308846153846,188639.39,14.880425798182424,0
bb46be49-b802-43df-9be6-d616d92fa1b9,bea979d9577fd261469c62637169ea5940b68ba5,4036,DC,Hurricane,2011-09-28 00:00:00+00:00,2011-08-26 00:00:00+00:00,2011-09-01 00:00:00+00:00,DR,2024-08-27T18:22:14.800Z,2011,9,3,-1.0,-1.8369701987210297e-16,-1.0,-1.8369701987210297e-16,6.0,33.0,South,14,0,0,0,0.6,0,0,0,1,0,0,0,0,0,0,3.5999999999999996,8.4,198.0,2466820.86,63.0,39155.886666666665,638236.02,14.718441183743362,3
0a7d7822-653c-458f-a0a5-969b9497de9b,3e1549c72580ebcb6fa7510dc6ff1f0b38ad9b7f,4037,DE,Hurricane,2011-09-30 00:00:00+00:00,2011-08-25 00:00:00+00:00,2011-08-31 00:00:00+00:00,DR,2024-08-27T18:22:14.800Z,2011,9,3,-1.0,-1.8369701987210297e-16,-1.0,-1.8369701987210297e-16,6.0,36.0,South,17,0,0,0,0.6,0,0,0,1,0,0,0,0,0,0,3.5999999999999996,10.2,216.0,2036745.61,114.0,17866.18956140351,268613.13,14.526864293755153,3
79fd86e0-5cdc-488a-8574-00ad1e8efa13,3162f96966bee424406a0a0ffacf415303e96291,4038,MD,Flood,2011-10-05 00:00:00+00:00,2011-09-06 00:00:00+00:00,2011-09-09 00:00:00+00:00,DR,2024-08-27T18:22:14.800Z,2011,10,4,-0.8660254037844386,0.5000000000000001,-2.4492935982947064e-16,1.0,3.0,29.0,South,25,0,0,0,0.44999999999999996,0,0,1,0,0,0,0,0,0,0,1.3499999999999999,11.249999999999998,87.0,11018960.86,343.0,32125.250320699706,1560416.42,16.215128152169797,3
a2e144cb-a1c4-48c6-99f2-dc584a31c1f3,5ef6c346a37e9b509748d147b9534993a037a51f,4039,NJ,Severe Storm,2011-10-14 00:00:00+00:00,2011-09-28 00:00:00+00:00,2011-10-06 00:00:00+00:00,DR,2024-08-27T18:22:14.800Z,2011,10,4,-0.8660254037844386,0.5000000000000001,-2.4492935982947064e-16,1.0,8.0,16.0,Northeast,43,0,0,0,0.3,0,1,0,0,0,0,0,0,0,0,2.4,12.9,128.0,4007617.71,201.0,19938.396567164178,530124.15,15.203707784985951,1
4bff0b8a-f447-4ec5-8f2a-b0603ac748e3,8c4f9c4faa1eec2909a0be6a0bbc8aa0c2d0d120,4041,LA,Coastal Storm,2011-10-28 00:00:00+00:00,2011-09-01 00:00:00+00:00,2011-09-05 00:00:00+00:00,DR,2024-08-27T18:22:14.800Z,2011,10,4,-0.8660254037844386,0.5000000000000001,-2.4492935982947064e-16,1.0,4.0,57.0,South,67,0,0,0,0.3,0,0,0,0,0,0,0,0,0,0,1.2,20.099999999999998,228.0,5570929.04,87.0,64033.66712643678,822406.51,15.533072571035033,3
ba230328-95de-43e5-942c-c54b7818f33e,6d7b448beeca1c4078613a863f29236a42fed12b,3342,CT,Severe Storm,2011-10-31 00:00:00+00:00,2011-10-29 00:00:00+00:00,2011-10-30 00:00:00+00:00,EM,2024-08-27T18:22:14.800Z,2011,10,4,-0.8660254037844386,0.5000000000000001,-2.4492935982947064e-16,1.0,1.0,2.0,Northeast,24,0,0,0,0.3,0,1,0,0,0,0,0,0,0,0,0.3,7.199999999999999,2.0,28257.8,7.0,4036.828571428571,8677.24,10.249160192491935,1
10113115-0ea7-4d1d-bad2-012e3ce82eb4,252767d7a14165345a37234fc70afbc61bc571b2,4042,VA,Earthquake,2011-11-04 00:00:00+00:00,2011-08-23 00:00:00+00:00,2011-10-25 00:00:00+00:00,DR,2024-08-27T18:22:14.800Z,2011,11,4,-0.5000000000000004,0.8660254037844384,-2.4492935982947064e-16,1.0,63.0,73.0,South,57,0,0,0,0.6,0,0,0,0,0,0,0,0,0,0,37.8,34.199999999999996,4599.0,43550470.92,57.0,764043.3494736842,29803336.6,17.589431097484212,3
e6db564e-6645-4cef-b639-be581502eb01,e2d5db874dabf64a68286f67c41deddb5af4676d,4043,VT,Severe Storm,2011-11-08 00:00:00+00:00,2011-05-20 00:00:00+00:00,2011-05-20 00:00:00+00:00,DR,2024-08-27T18:22:14.800Z,2011,11,4,-0.5000000000000004,0.8660254037844384,-2.4492935982947064e-16,1.0,0.0,172.0,Northeast,35,0,0,0,0.3,0,1,0,0,0,0,0,0,0,0,0.0,10.5,0.0,946367.37,48.0,19715.986875,82508.42,13.7603871697015,1
3d5a205b-2120-443c-9baf-69470401bdfc,3b6bfd60bc6d174b2ee5b3b997f671fe9f928746,4044,DC,Earthquake,2011-11-08 00:00:00+00:00,2011-08-23 00:00:00+00:00,2011-08-28 00:00:00+00:00,DR,2024-08-27T18:22:14.800Z,2011,11,4,-0.5000000000000004,0.8660254037844384,-2.4492935982947064e-16,1.0,5.0,77.0,South,15,0,0,0,0.6,0,0,0,0,0,0,0,0,0,0,3.0,9.0,385.0,3995523.23,118.0,33860.3663559322,380879.25,15.20068535010063,3
6b5e69f9-8d28-437a-a173-dd547037d502,351261051c38251cf5c34a27f9e9d72e4b1b77c5,4045,VA,Severe Storm,2011-11-17 00:00:00+00:00,2011-09-08 00:00:00+00:00,2011-09-09 00:00:00+00:00,DR,2024-08-27T18:22:14.800Z,2011,11,4,-0.5000000000000004,0.8660254037844384,-2.4492935982947064e-16,1.0,1.0,70.0,South,58,0,0,0,0.3,0,1,0,0,0,0,0,0,0,0,0.3,17.4,70.0,5222639.84,103.0,50705.241165048545,843975.51,15.468513739976467,3
1114bd6d-4e15-41f0-94c6-27d7b01e0c73,1167fc39fd41511678a10f44223bd1e480815938,4046,CT,Severe Storm,2011-11-17 00:00:00+00:00,2011-10-29 00:00:00+00:00,2011-10-30 00:00:00+00:00,DR,2024-08-27T18:22:14.800Z,2011,11,4,-0.5000000000000004,0.8660254037844384,-2.4492935982947064e-16,1.0,1.0,19.0,Northeast,25,0,0,0,0.3,0,1,0,0,0,0,0,0,0,0,0.3,7.5,19.0,88561262.68,643.0,137731.3572006221,7721702.21,18.29920511545888,1
e33ce221-f38a-4e0d-ba67-13fdbd3afbfe,51ecf630315a1b505f12cc644e44ce042d72c7f5,4047,NM,Flood,2011-11-23 00:00:00+00:00,2011-08-19 00:00:00+00:00,2011-08-24 00:00:00+00:00,DR,2024-08-27T18:22:14.800Z,2011,11,4,-0.5000000000000004,0.8660254037844384,-2.4492935982947064e-16,1.0,5.0,96.0,West,70,0,0,0,0.44999999999999996,0,0,1,0,0,0,0,0,0,0,2.25,31.499999999999996,480.0,13324210.65,42.0,317243.11071428575,4338839.32,16.405093363038954,4
4bc61a36-0527-40e0-9a19-0955fda594a7,d2b46888ed25dcd5722a251beba6aa1de11846e4,4048,NJ,Severe Storm,2011-11-30 00:00:00+00:00,2011-10-29 00:00:00+00:00,2011-10-30 00:00:00+00:00,DR,2024-08-27T18:22:14.800Z,2011,11,4,-0.5000000000000004,0.8660254037844384,-2.4492935982947064e-16,1.0,1.0,32.0,Northeast,44,0,0,0,0.3,0,1,0,0,0,0,0,0,0,0,0.3,13.2,32.0,26260646.29,747.0,35154.81431057563,844900.77,17.083582075811602,1
be8d4d51-d165-4b1f-a8d4-2656723aee79,ec9eedefcbe227a99348205d04fedeebe8da60e5,4049,NH,Severe Storm,2011-12-05 00:00:00+00:00,2011-10-29 00:00:00+00:00,2011-10-30 00:00:00+00:00,DR,2024-08-27T18:22:14.800Z,2011,12,4,-2.4492935982947064e-16,1.0,-2.4492935982947064e-16,1.0,1.0,37.0,Northeast,39,0,0,0,0.3,0,1,0,0,0,0,0,0,0,0,0.3,11.7,37.0,3337545.6399999997,118.0,28284.28508474576,416329.91,15.020746556124834,1
4e838b1d-8be5-400a-a0ad-0b0145140a3b,be4e8f7336ffda1194cb1ae52b8a43f46dc6df96,4050,AK,Severe Storm,2011-12-22 00:00:00+00:00,2011-11-08 00:00:00+00:00,2011-11-13 00:00:00+00:00,DR,2024-08-27T18:22:14.800Z,2011,12,4,-2.4492935982947064e-16,1.0,-2.4492935982947064e-16,1.0,5.0,44.0,West,51,0,0,0,0.3,0,1,0,0,0,0,0,0,0,0,1.5,15.299999999999999,220.0,4721628.31,56.0,84314.79125,2860096.27,15.367664490793022,4
56822681-2331-49b7-9cb3-b4c4ddeffb9a,f897393d54cf45b1883acec8abaddd7e571d85cc,4051,MA,Severe Storm,2012-01-06 00:00:00+00:00,2011-10-29 00:00:00+00:00,2011-10-30 00:00:00+00:00,DR,2024-08-27T18:22:14.800Z,2012,1,1,0.49999999999999994,0.8660254037844387,1.0,6.123233995736766e-17,1.0,69.0,Northeast,42,0,0,0,0.3,0,1,0,0,0,0,0,0,0,0,0.3,12.6,69.0,71006602.75,640.0,110947.816796875,13767773.41,18.078283441243755,1
4e2166e1-4771-4428-b55d-fc1006106adc,ee81cbf0b4765780806b191d90cfca897bec108d,4053,UT,Severe Storm,2012-02-01 00:00:00+00:00,2011-11-30 00:00:00+00:00,2011-12-01 00:00:00+00:00,DR,2024-08-27T18:22:14.800Z,2012,2,1,0.8660254037844386,0.5000000000000001,1.0,6.123233995736766e-17,1.0,63.0,West,23,0,0,0,0.3,0,1,0,0,0,0,0,0,0,0,0.3,6.8999999999999995,63.0,2564683.7199999997,80.0,32058.546499999997,509273.61,14.757346112852858,4
cf45faf8-5f4d-4806-a2ba-8e58a44b3118,e7eac452ea524c72ef2b85777b99af66921ba11f,4054,AK,Severe Storm,2012-02-02 00:00:00+00:00,2011-11-15 00:00:00+00:00,2011-11-17 00:00:00+00:00,DR,2024-08-27T18:22:14.800Z,2012,2,1,0.8660254037844386,0.5000000000000001,1.0,6.123233995736766e-17,2.0,79.0,West,52,0,0,0,0.3,0,1,0,0,0,0,0,0,0,0,0.6,15.6,158.0,1340817.62,33.0,40630.836969696975,855605.49,14.108790895845033,4
b68dcafd-e7fc-43f4-a046-de0c7b25a589,626cb18e5c11453d33b21bf0bd68df95d537defd,4055,OR,Flood,2012-03-02 00:00:00+00:00,2012-01-17 00:00:00+00:00,2012-01-21 00:00:00+00:00,DR,2024-08-27T18:22:14.800Z,2012,3,1,1.0,6.123233995736766e-17,1.0,6.123233995736766e-17,4.0,45.0,West,79,0,0,0,0.44999999999999996,0,0,1,0,0,0,0,0,0,0,1.7999999999999998,35.55,180.0,15087219.200000001,498.0,30295.62088353414,1598132.21,16.52935859906269,4
c64466f3-ee2e-46e7-b401-a5f98f4eacc4,f0657db973322858a2bea025ca0a12691ecc16f4,4056,WA,Severe Storm,2012-03-05 00:00:00+00:00,2012-01-14 00:00:00+00:00,2012-01-23 00:00:00+00:00,DR,2024-10-30T19:02:15.378Z,2012,3,1,1.0,6.123233995736766e-17,1.0,6.123233995736766e-17,9.0,51.0,West,102,0,0,0,0.3,0,1,0,0,0,0,0,0,0,0,2.6999999999999997,30.599999999999998,459.0,30413928.56,773.0,39345.31508408797,2644185.88,17.23041127064119,4
f1e60c78-6928-489c-be2e-a3096f4a157c,6f9f64f32564c65422f7c42b12bad642ea9aac75,4057,KY,Severe Storm,2012-03-06 00:00:00+00:00,2012-02-29 00:00:00+00:00,2012-03-03 00:00:00+00:00,DR,2024-08-27T18:22:14.800Z,2012,3,1,1.0,6.123233995736766e-17,1.0,6.123233995736766e-17,3.0,6.0,South,65,0,0,0,0.3,0,1,0,0,0,0,0,0,0,0,0.8999999999999999,19.5,18.0,15051352.13,368.0,40900.41339673913,1836752.44,16.52697845408769,3
203d8a5e-7a32-4510-871d-7bcba19bc277,52807f82fa831b2e58044496bf6542e8bccd894c,4058,IN,Severe Storm,2012-03-09 00:00:00+00:00,2012-02-29 00:00:00+00:00,2012-03-03 00:00:00+00:00,DR,2024-08-27T18:22:14.800Z,2012,3,1,1.0,6.123233995736766e-17,1.0,6.123233995736766e-17,3.0,9.0,Midwest,46,0,0,0,0.3,0,1,0,0,0,0,0,0,0,0,0.8999999999999999,13.799999999999999,27.0,4896874.71,147.0,33312.072857142855,559306.55,15.40410794951694,0
9967a609-a2f5-4b0e-a665-d919216a248c,a05d8b8b88edc4e004f7d7b1bf695a0fc1f0cfd6,4059,WV,Severe Storm,2012-03-16 00:00:00+00:00,2012-02-29 00:00:00+00:00,2012-03-05 00:00:00+00:00,DR,2024-08-27T18:22:14.800Z,2012,3,1,1.0,6.123233995736766e-17,1.0,6.123233995736766e-17,5.0,16.0,South,53,0,0,0,0.3,0,1,0,0,0,0,0,0,0,0,1.5,15.899999999999999,80.0,6904030.53,383.0,18026.189373368146,240436.4,15.747616078652701,3
9d7b6d39-17ad-4b02-992f-61caddb071a0,a6e8794855a2b11ddf9133ece3866c72c01f63ae,4061,WV,Severe Storm,2012-03-22 00:00:00+00:00,2012-03-15 00:00:00+00:00,2012-03-31 00:00:00+00:00,DR,2024-08-27T18:22:14.800Z,2012,3,1,1.0,6.123233995736766e-17,1.0,6.123233995736766e-17,16.0,7.0,South,54,0,0,0,0.3,0,1,0,0,0,0,0,0,0,0,4.8,16.2,112.0,3974478.97,119.0,33398.98294117647,655995.99,15.19540447235498,3
218abb7f-61ae-4ecc-acd3-df7a87e792ad,72d3607f02a31b3b6af126ab44dbb0f730c2d9fb,4062,HI,Severe Storm,2012-04-18 00:00:00+00:00,2012-03-03 00:00:00+00:00,2012-03-11 00:00:00+00:00,DR,2024-08-27T18:22:14.800Z,2012,4,2,0.8660254037844387,-0.4999999999999998,1.2246467991473532e-16,-1.0,8.0,46.0,West,44,0,0,0,0.3,0,1,0,0,0,0,0,0,0,0,2.4,13.2,368.0,3095013.91,62.0,49919.57919354839,569756.38,14.945303281536725,4
86cded66-ddb3-41bc-a61c-aaf8c5a3e3f8,6c5e10b97aa299d42f2c4be3fb296f0c7fbd056c,4063,KS,Severe Storm,2012-05-24 00:00:00+00:00,2012-04-14 00:00:00+00:00,2012-04-15 00:00:00+00:00,DR,2024-08-27T18:22:14.800Z,2012,5,2,0.49999999999999994,-0.8660254037844387,1.2246467991473532e-16,-1.0,1.0,40.0,Midwest,53,0,0,0,0.3,0,1,0,0,0,0,0,0,0,0,0.3,15.899999999999999,40.0,4883032.82,117.0,41735.32324786325,877197.93,15.401277269089851,0
74cd49ae-d969-4ed4-85bf-a7a1f46e816a,3a82cf11bd774d42f437102b142bddb9d950cd20,4064,OK,Severe Storm,2012-06-14 00:00:00+00:00,2012-04-28 00:00:00+00:00,2012-05-01 00:00:00+00:00,DR,2024-08-27T18:22:14.800Z,2012,6,2,1.2246467991473532e-16,-1.0,1.2246467991473532e-16,-1.0,3.0,47.0,South,158,0,0,0,0.3,0,1,0,0,0,0,0,0,0,0,0.8999999999999999,47.4,141.0,2918163.16,153.0,19072.96183006536,898140.44,14.886465264193223,3
52d39f11-dea9-4fd4-bd9f-dc2b564c9f6b,59fa83fc04ed1d468899c31bffb946c58371d085,4065,NH,Severe Storm,2012-06-15 00:00:00+00:00,2012-05-29 00:00:00+00:00,2012-05-31 00:00:00+00:00,DR,2024-08-27T18:22:14.800Z,2012,6,2,1.2246467991473532e-16,-1.0,1.2246467991473532e-16,-1.0,2.0,17.0,Northeast,40,0,0,0,0.3,0,1,0,0,0,0,0,0,0,0,0.6,12.0,34.0,3013725.58,77.0,39139.293246753245,558569.03,14.918687937397966,1
4418aea5-1b29-40f6-a1f8-b0258b89ea89,9c725208daa84cb7d2cad56ff7df1b83d2225320,4066,VT,Severe Storm,2012-06-22 00:00:00+00:00,2012-05-29 00:00:00+00:00,2012-05-29 00:00:00+00:00,DR,2024-08-27T18:22:14.800Z,2012,6,2,1.2246467991473532e-16,-1.0,1.2246467991473532e-16,-1.0,0.0,24.0,Northeast,36,0,0,0,0.3,0,1,0,0,0,0,0,0,0,0,0.0,10.799999999999999,0.0,1017761.39,70.0,14539.448428571428,206398.17,13.833117040204167,1
4508e417-d6d1-464a-8f4f-4a69d2173226,49653dcf8524b547349110c8fc31bf1ee61427ff,4067,CO,Fire,2012-06-28 00:00:00+00:00,2012-06-09 00:00:00+00:00,2012-07-11 00:00:00+00:00,DR,2024-08-27T18:22:14.800Z,2012,6,2,1.2246467991473532e-16,-1.0,1.2246467991473532e-16,-1.0,32.0,19.0,West,74,0,0,0,0.3,1,0,0,0,0,0,0,0,0,0,9.6,22.2,608.0,4046793.01,28.0,144528.32178571427,974898.36,15.213435523130904,4
286fee4c-5512-4d14-ae4d-df392ad17de7,448908dc4443e9f99a8b6c3cb17d69e7be3fd623,4068,FL,Severe Storm,2012-07-03 00:00:00+00:00,2012-06-23 00:00:00+00:00,2012-07-26 00:00:00+00:00,DR,2026-07-09T19:41:12.798Z,2012,7,3,-0.4999999999999997,-0.8660254037844388,-1.0,-1.8369701987210297e-16,33.0,10.0,South,132,0,0,0,0.3,0,1,0,0,0,0,0,0,0,0,9.9,39.6,330.0,48651262.66,1118.0,43516.335116279064,5802040.93,17.700188340770776,3
395fc712-f677-4e9d-b75f-990d2da190da,17b6ce9d3ef98fc684f2ae20a4829b1fc1368343,4069,MN,Severe Storm,2012-07-06 00:00:00+00:00,2012-06-14 00:00:00+00:00,2012-06-21 00:00:00+00:00,DR,2025-12-16T19:21:17.070Z,2012,7,3,-0.4999999999999997,-0.8660254037844388,-1.0,-1.8369701987210297e-16,7.0,22.0,Midwest,62,0,0,0,0.3,0,1,0,0,0,0,0,0,0,0,2.1,18.599999999999998,154.0,41354847.24,885.0,46728.64094915255,2989727.12,17.537700221412134,0
ff69c445-271e-41fb-bd92-57dca497b67b,7b70d640579ed55a3868c6671ccada651974513e,4070,NJ,Severe Storm,2012-07-19 00:00:00+00:00,2012-06-30 00:00:00+00:00,2012-06-30 00:00:00+00:00,DR,2024-08-27T18:22:14.800Z,2012,7,3,-0.4999999999999997,-0.8660254037844388,-1.0,-1.8369701987210297e-16,0.0,19.0,Northeast,45,0,0,0,0.3,0,1,0,0,0,0,0,0,0,0,0.0,13.5,0.0,8796860.02,293.0,30023.41303754266,1143583.88,15.98990551354232,1
31204d25-ee43-4b02-b682-3f938fbbf115,4e267012fa290489fca9b6c659b94c12ee8b4472,4071,WV,Severe Storm,2012-07-23 00:00:00+00:00,2012-06-29 00:00:00+00:00,2012-07-08 00:00:00+00:00,DR,2024-08-27T18:22:14.800Z,2012,7,3,-0.4999999999999997,-0.8660254037844388,-1.0,-1.8369701987210297e-16,9.0,24.0,South,56,0,0,0,0.3,0,1,0,0,0,0,0,0,0,0,2.6999999999999997,16.8,216.0,11718754.72,859.0,13642.322142025612,1272908.83,16.276701169241505,3
ee78e7e5-5f8b-4ecf-97be-3513cec67be9,c52be5e848c769157d2c68b3edd02cc554889d74,4072,VA,Severe Storm,2012-07-27 00:00:00+00:00,2012-06-29 00:00:00+00:00,2012-07-01 00:00:00+00:00,DR,2024-08-27T18:22:14.800Z,2012,7,3,-0.4999999999999997,-0.8660254037844388,-1.0,-1.8369701987210297e-16,2.0,28.0,South,59,0,0,0,0.3,0,1,0,0,0,0,0,0,0,0,0.6,17.7,56.0,21681024.57,622.0,34856.95268488746,1408123.29,16.89194803830618,3
08fb7462-397c-4870-b4fc-bfb40d0b3dcd,35f1f8b008fd9a80dca29513b82a113467d2f0db,4073,DC,Severe Storm,2012-07-31 00:00:00+00:00,2012-06-29 00:00:00+00:00,2012-07-01 00:00:00+00:00,DR,2026-07-20T21:43:12.371Z,2012,7,3,-0.4999999999999997,-0.8660254037844388,-1.0,-1.8369701987210297e-16,2.0,32.0,South,16,0,0,0,0.3,0,1,0,0,0,0,0,0,0,0,0.6,4.8,64.0,2914288.6300000004,26.0,112088.02423076924,2224078.85,14.88513665338568,3
c992485f-7d3f-4e0d-88e8-0a3a77a2ba6d,bece34280fb6d5f952833337a3d8a3c6cb4e8a96,4074,MT,Fire,2012-08-02 00:00:00+00:00,2012-06-25 00:00:00+00:00,2012-07-10 00:00:00+00:00,DR,2024-08-27T18:22:14.800Z,2012,8,3,-0.8660254037844385,-0.5000000000000004,-1.0,-1.8369701987210297e-16,15.0,38.0,West,60,0,0,0,0.3,1,0,0,0,0,0,0,0,0,0,4.5,18.0,570.0,1297026.84,12.0,108085.57,967335.58,14.075585927987257,4
7968352e-5987-4232-93d4-718fc32389f9,6f2455ee91f85bdff03eab1104d0e325c6f0b60a,4075,MD,Severe Storm,2012-08-02 00:00:00+00:00,2012-06-29 00:00:00+00:00,2012-07-08 00:00:00+00:00,DR,2024-08-27T18:22:14.800Z,2012,8,3,-0.8660254037844385,-0.5000000000000004,-1.0,-1.8369701987210297e-16,9.0,34.0,South,26,0,0,0,0.3,0,1,0,0,0,0,0,0,0,0,2.6999999999999997,7.8,306.0,12040508.41,129.0,93337.27449612404,5902214.16,16.30378730675058,3
03251fa5-dd8b-4bfd-a353-2adf5c926229,b8a1553e7a4c02d193bd0bcb2ea70df3c93e317c,4076,WI,Severe Storm,2012-08-02 00:00:00+00:00,2012-06-19 00:00:00+00:00,2012-06-20 00:00:00+00:00,DR,2024-08-27T18:22:14.800Z,2012,8,3,-0.8660254037844385,-0.5000000000000004,-1.0,-1.8369701987210297e-16,1.0,44.0,Midwest,43,0,0,0,0.3,0,1,0,0,0,0,0,0,0,0,0.3,12.9,44.0,8488330.16,127.0,66837.2453543307,3866507.25,15.954202973595,0
263bd8a4-142b-473b-8beb-06515cee437a,c1d6e3331b7321de51b5618bf76f174e101c5437,4077,OH,Severe Storm,2012-08-20 00:00:00+00:00,2012-06-29 00:00:00+00:00,2012-07-02 00:00:00+00:00,DR,2024-08-27T18:22:14.800Z,2012,8,3,-0.8660254037844385,-0.5000000000000004,-1.0,-1.8369701987210297e-16,3.0,52.0,Midwest,52,0,0,0,0.3,0,1,0,0,0,0,0,0,0,0,0.8999999999999999,15.6,156.0,16595662.540000001,987.0,16814.24776089159,1424142.23,16.62465198666949,0
635080ba-27ea-487b-a4dd-87f740e18414,71905b6eaa97c6131640574a8cefc2278447eb5e,4079,NM,Flood,2012-08-24 00:00:00+00:00,2012-06-22 00:00:00+00:00,2012-07-12 00:00:00+00:00,DR,2024-08-27T18:22:14.800Z,2012,8,3,-0.8660254037844385,-0.5000000000000004,-1.0,-1.8369701987210297e-16,20.0,63.0,West,75,0,0,0,0.44999999999999996,0,0,1,0,0,0,0,0,0,0,9.0,33.75,1260.0,25632263.08,76.0,337266.6194736842,16456624.34,17.05936243154372,4
78d3f02d-1bbe-4fbd-8a5b-ecdcd1d8e8a0,0096a43d4e610813f26f88d73e8becb9f679809d,4080,LA,Hurricane,2012-08-29 00:00:00+00:00,2012-08-26 00:00:00+00:00,2012-09-10 00:00:00+00:00,DR,2024-08-27T18:22:14.800Z,2012,8,3,-0.8660254037844385,-0.5000000000000004,-1.0,-1.8369701987210297e-16,15.0,3.0,South,69,0,0,0,0.6,0,0,0,1,0,0,0,0,0,0,9.0,41.4,45.0,299091068.29,1371.0,218155.41086068566,17520709.67,19.516258664545237,3
800d0491-ce4d-4153-b52d-fa9cc5d809bb,efe4244a665aa3c23a933085bb3745e0e1d602c3,4081,MS,Hurricane,2012-08-29 00:00:00+00:00,2012-08-26 00:00:00+00:00,2012-09-11 00:00:00+00:00,DR,2024-08-27T18:22:14.800Z,2012,8,3,-0.8660254037844385,-0.5000000000000004,-1.0,-1.8369701987210297e-16,16.0,3.0,South,62,0,0,0,0.6,0,0,0,1,0,0,0,0,0,0,9.6,37.199999999999996,48.0,37353589.68,724.0,51593.35591160221,2108411.14,17.43593960093304,3
6ae8fdea-70eb-4f9e-afc7-99ecb9b58d40,9ec22dcd76685c5995a111cf7783e095f61ec821,4082,AL,Hurricane,2012-09-21 00:00:00+00:00,2012-08-26 00:00:00+00:00,2012-09-05 00:00:00+00:00,DR,2024-08-27T18:22:14.800Z,2012,9,3,-1.0,-1.8369701987210297e-16,-1.0,-1.8369701987210297e-16,10.0,26.0,South,76,0,0,0,0.6,0,0,0,1,0,0,0,0,0,0,6.0,45.6,260.0,6640827.34,160.0,41505.170874999996,1492893.01,15.708747263671983,3
b123a2a4-d792-420f-984c-01cee017e2bd,3ae7789a61a869340cbb58c15977f8d95e75c73d,4083,WA,Severe Storm,2012-09-25 00:00:00+00:00,2012-07-20 00:00:00+00:00,2012-07-20 00:00:00+00:00,DR,2024-09-24T13:41:31.085Z,2012,9,3,-1.0,-1.8369701987210297e-16,-1.0,-1.8369701987210297e-16,0.0,67.0,West,111,0,0,0,0.3,0,1,0,0,0,0,0,0,0,0,0.0,33.3,0.0,2757341.45,58.0,47540.36982758621,806978.88,14.829777893391395,4
0316487b-a11b-474e-b5f9-9cacbdcb34bd,ba82d7b0bbbfe0c589e8349228a57251dc624fb6,4084,FL,Hurricane,2012-10-18 00:00:00+00:00,2012-08-27 00:00:00+00:00,2012-08-29 00:00:00+00:00,DR,2024-08-27T18:22:14.800Z,2012,10,4,-0.8660254037844386,0.5000000000000001,-2.4492935982947064e-16,1.0,2.0,52.0,South,133,0,0,0,0.6,0,0,0,1,0,0,0,0,0,0,1.2,79.8,104.0,17828372.009999998,320.0,55713.66253125,2766375.96,16.696301735535563,3
ede1c1ac-b704-467f-bdc5-a800d902178f,4d3f563a6fe8be3871614bc6d4eeb4cda472060c,3358,WV,Hurricane,2012-10-29 00:00:00+00:00,2012-10-29 00:00:00+00:00,2012-11-08 00:00:00+00:00,EM,2024-08-27T18:22:14.800Z,2012,10,4,-0.8660254037844386,0.5000000000000001,-2.4492935982947064e-16,1.0,10.0,0.0,South,57,0,0,0,0.6,0,0,0,1,0,0,0,0,0,0,6.0,34.199999999999996,0.0,19645.54,5.0,3929.108,6914.16,9.885656520368316,3
ccdfbca4-3c8f-49a0-9320-ea66c556cf40,a41dc3f38a6500fddd54cf5632828f8b09264787,3360,NH,Hurricane,2012-10-30 00:00:00+00:00,2012-10-26 00:00:00+00:00,2012-10-31 00:00:00+00:00,EM,2024-08-27T18:22:14.800Z,2012,10,4,-0.8660254037844386,0.5000000000000001,-2.4492935982947064e-16,1.0,5.0,4.0,Northeast,41,0,0,0,0.6,0,0,0,1,0,0,0,0,0,0,3.0,24.599999999999998,20.0,644300.52,71.0,9074.655211267605,50506.49,13.375922094273415,1
f87f5ee6-66a7-4e06-acac-728242414f86,35b65f1a44f098082825346d5b6a249abf625d49,4085,NY,Hurricane,2012-10-30 00:00:00+00:00,2012-10-27 00:00:00+00:00,2012-11-08 00:00:00+00:00,DR,2024-08-27T18:22:14.800Z,2012,10,4,-0.8660254037844386,0.5000000000000001,-2.4492935982947064e-16,1.0,12.0,3.0,Northeast,89,0,0,0,0.6,0,0,0,1,0,0,0,0,0,0,7.199999999999999,53.4,36.0,14800740827.28,4338.0,3411881.2418810516,1243648431.4,23.41794307242859,1
ce5f8348-8020-48ed-9469-bfa541f70d3d,5e42b22c82d13670edb2bf51e656a97a22f70b80,4086,NJ,Hurricane,2012-10-30 00:00:00+00:00,2012-10-26 00:00:00+00:00,2012-11-08 00:00:00+00:00,DR,2024-08-27T18:22:14.800Z,2012,10,4,-0.8660254037844386,0.5000000000000001,-2.4492935982947064e-16,1.0,13.0,4.0,Northeast,47,0,0,0,0.6,0,0,0,1,0,0,0,0,0,0,7.8,28.2,52.0,2463205461.13,4783.0,514991.73345808074,499341727.72,21.62472937206561,1
e2c0681f-3fc8-4cb1-b67a-46707414f42e,be1042d717bf18f657b114f41c280be9b27d910f,4087,CT,Hurricane,2012-10-30 00:00:00+00:00,2012-10-27 00:00:00+00:00,2012-11-08 00:00:00+00:00,DR,2024-08-27T18:22:14.800Z,2012,10,4,-0.8660254037844386,0.5000000000000001,-2.4492935982947064e-16,1.0,12.0,3.0,Northeast,27,0,0,0,0.6,0,0,0,1,0,0,0,0,0,0,7.199999999999999,16.2,36.0,58093888.28,674.0,86192.71258160238,3195762.44,17.877571040387153,1
47f35f3f-160e-48c9-ab5e-bfd8b50a7699,79bef3d548ce9bbeee532a8d9d6fadc381a0e26a,4088,UT,Flood,2012-11-03 00:00:00+00:00,2012-09-11 00:00:00+00:00,2012-09-11 00:00:00+00:00,DR,2024-08-27T18:22:14.800Z,2012,11,4,-0.5000000000000004,0.8660254037844384,-2.4492935982947064e-16,1.0,0.0,53.0,West,29,0,0,0,0.44999999999999996,0,0,1,0,0,0,0,0,0,0,0.0,13.049999999999999,0.0,1653796.77,32.0,51681.1490625,1015452.22,14.318584879859571,4
22eec88a-4383-46c0-88a8-17b3a0263935,0d36be92924cbbce83feb21918fc2f16040628fd,4089,RI,Hurricane,2012-11-03 00:00:00+00:00,2012-10-26 00:00:00+00:00,2012-10-31 00:00:00+00:00,DR,2025-02-25T16:22:05.555Z,2012,11,4,-0.5000000000000004,0.8660254037844384,-2.4492935982947064e-16,1.0,5.0,8.0,Northeast,19,0,0,0,0.6,0,0,0,1,0,0,0,0,0,0,3.0,11.4,40.0,8734303.07,255.0,34252.16890196079,587583.32,15.982768826939608,1
2c7efe24-aa91-4eba-8d8f-b36935adbdc1,efbb093b781b3f2265f9550f35f5df9a6cf7b221,4090,DE,Hurricane,2012-11-16 00:00:00+00:00,2012-10-27 00:00:00+00:00,2012-11-08 00:00:00+00:00,DR,2024-08-27T18:22:14.800Z,2012,11,4,-0.5000000000000004,0.8660254037844384,-2.4492935982947064e-16,1.0,12.0,20.0,South,19,0,0,0,0.6,0,0,0,1,0,0,0,0,0,0,7.199999999999999,11.4,240.0,6615076.59,146.0,45308.743767123284,683882.81,15.704862084865276,3
5708d3d3-a4be-4afc-8b0b-1ade8938a150,cc0861fec8f1eb1c79b5384b9c6e09fe1ca4b029,4091,MD,Hurricane,2012-11-20 00:00:00+00:00,2012-10-26 00:00:00+00:00,2012-11-04 00:00:00+00:00,DR,2024-08-27T18:22:14.800Z,2012,11,4,-0.5000000000000004,0.8660254037844384,-2.4492935982947064e-16,1.0,9.0,25.0,South,28,0,0,0,0.6,0,0,0,1,0,0,0,0,0,0,5.3999999999999995,16.8,225.0,30749448.69,775.0,39676.70798709678,1410684.23,17.2413826557965,3
66b218b6-b385-4974-99f5-8c967eef7530,8d42d1ee925274b31d056f8055c4d15e8b113128,4092,VA,Hurricane,2012-11-26 00:00:00+00:00,2012-10-26 00:00:00+00:00,2012-11-08 00:00:00+00:00,DR,2024-08-27T18:22:14.800Z,2012,11,4,-0.5000000000000004,0.8660254037844384,-2.4492935982947064e-16,1.0,13.0,31.0,South,61,0,0,0,0.6,0,0,0,1,0,0,0,0,0,0,7.8,36.6,403.0,10459122.12,236.0,44318.31406779661,1634430.2,16.16298518134701,3
12d7239d-ffdf-4102-9960-a981632466eb,f6feede25641f4441f2cd1b2485b8bcba611b046,4093,WV,Hurricane,2012-11-27 00:00:00+00:00,2012-10-29 00:00:00+00:00,2012-11-08 00:00:00+00:00,DR,2024-08-27T18:22:14.800Z,2012,11,4,-0.5000000000000004,0.8660254037844384,-2.4492935982947064e-16,1.0,10.0,29.0,South,58,0,0,0,0.6,0,0,0,1,0,0,0,0,0,0,6.0,34.8,290.0,14890071.93,286.0,52063.188566433564,1590139.7,16.516205302566263,3
ac3c2df2-918e-4b52-bc78-f7568ee70d68,7a9a3c2d3a7ac3fb57e13290e3b6913a69af1ab2,4094,AK,Severe Storm,2012-11-27 00:00:00+00:00,2012-09-15 00:00:00+00:00,2012-09-30 00:00:00+00:00,DR,2024-08-27T18:22:14.800Z,2012,11,4,-0.5000000000000004,0.8660254037844384,-2.4492935982947064e-16,1.0,15.0,73.0,West,53,0,0,0,0.3,0,1,0,0,0,0,0,0,0,0,4.5,15.899999999999999,1095.0,24126888.09,89.0,271088.6302247191,12118371.0,16.99883750637241,4
046648ab-0a88-4f6a-9eb4-278fd662b233,a75053bd12bcd4d8e26328ed794eb705be667b32,4095,NH,Hurricane,2012-11-28 00:00:00+00:00,2012-10-26 00:00:00+00:00,2012-11-08 00:00:00+00:00,DR,2024-08-27T18:22:14.800Z,2012,11,4,-0.5000000000000004,0.8660254037844384,-2.4492935982947064e-16,1.0,13.0,33.0,Northeast,42,0,0,0,0.6,0,0,0,1,0,0,0,0,0,0,7.8,25.2,429.0,2113605.92,68.0,31082.44,434332.64,14.56390648677966,1
c00b6aec-2dfe-4bd8-9cb6-7b4ff718cfaa,6c953c7c46358e0977a74397b73a81b92f843869,4096,DC,Hurricane,2012-12-05 00:00:00+00:00,2012-10-26 00:00:00+00:00,2012-10-31 00:00:00+00:00,DR,2024-08-27T18:22:14.800Z,2012,12,4,-2.4492935982947064e-16,1.0,-2.4492935982947064e-16,1.0,5.0,40.0,South,18,0,0,0,0.6,0,0,0,1,0,0,0,0,0,0,3.0,10.799999999999999,200.0,3119810.75,26.0,119992.72115384616,1269669.14,14.953283221426881,3
e437dea7-e0d5-45cd-ad3e-74aab1c4180d,f2c4b509685bc21761cbbd0201110180ed75aada,4097,MA,Hurricane,2012-12-19 00:00:00+00:00,2012-10-27 00:00:00+00:00,2012-11-08 00:00:00+00:00,DR,2024-08-27T18:22:14.800Z,2012,12,4,-2.4492935982947064e-16,1.0,-2.4492935982947064e-16,1.0,12.0,53.0,Northeast,44,0,0,0,0.6,0,0,0,1,0,0,0,0,0,0,7.199999999999999,26.4,636.0,10786016.2,264.0,40856.121969696964,1709175.88,16.19376114953778,1
147c9471-4541-4adc-aef7-a764a1e9eee1,62654e4e828b255f5969bda0fbbb88ac9a803c72,4098,OH,Hurricane,2013-01-03 00:00:00+00:00,2012-10-29 00:00:00+00:00,2012-10-30 00:00:00+00:00,DR,2024-08-27T18:22:14.800Z,2013,1,1,0.49999999999999994,0.8660254037844387,1.0,6.123233995736766e-17,1.0,66.0,Midwest,53,0,0,0,0.6,0,0,0,1,0,0,0,0,0,0,0.6,31.799999999999997,66.0,17603230.689999998,160.0,110020.19181249998,5765118.85,16.68359306190252,0
01f04c82-c3e5-4489-b4bd-d052673d1ccc,41d6f43134d6b5149a38ba64dbca2b157272fb19,4099,PA,Hurricane,2013-01-10 00:00:00+00:00,2012-10-26 00:00:00+00:00,2012-11-08 00:00:00+00:00,DR,2024-08-27T18:22:14.800Z,2013,1,1,0.49999999999999994,0.8660254037844387,1.0,6.123233995736766e-17,13.0,76.0,Northeast,54,0,0,0,0.6,0,0,0,1,0,0,0,0,0,0,7.8,32.4,988.0,12673281.040000001,593.0,21371.468870151773,375356.73,16.355006559004753,1
7d7680c1-1fbb-4cc2-9c23-5bf8aa25922c,a8d8af809676a38f896fde0f7b4aca79798a0976,4100,AR,Severe Ice Storm,2013-01-29 00:00:00+00:00,2012-12-25 00:00:00+00:00,2012-12-26 00:00:00+00:00,DR,2024-08-27T18:22:14.800Z,2013,1,1,0.49999999999999994,0.8660254037844387,1.0,6.123233995736766e-17,1.0,35.0,South,61,0,0,0,0.3,0,0,0,0,0,0,0,1,0,0,0.3,18.3,35.0,8293401.3,82.0,101139.04024390243,1779546.22,15.930970853048965,3
9676899a-22a8-4ac6-baa0-aafd206e1a34,540179a84927487085f163db3aab95e475c35151,4101,MS,Severe Storm,2013-02-13 00:00:00+00:00,2013-02-10 00:00:00+00:00,2013-02-22 00:00:00+00:00,DR,2025-02-25T16:22:05.555Z,2013,2,1,0.8660254037844386,0.5000000000000001,1.0,6.123233995736766e-17,12.0,3.0,South,63,0,0,0,0.3,0,1,0,0,0,0,0,0,0,0,3.5999999999999996,18.9,36.0,4461112.39,77.0,57936.524545454544,614860.22,15.310908931855066,3
56f067c5-99c1-4682-9d4b-1b83b37223cc,8a6d722029db211543806c5ccc65f03e6a6fae7b,4102,LA,Severe Storm,2013-02-22 00:00:00+00:00,2013-01-08 00:00:00+00:00,2013-01-17 00:00:00+00:00,DR,2024-08-27T18:22:14.800Z,2013,2,1,0.8660254037844386,0.5000000000000001,1.0,6.123233995736766e-17,9.0,45.0,South,70,0,0,0,0.3,0,1,0,0,0,0,0,0,0,0,2.6999999999999997,21.0,405.0,5926569.26,92.0,64419.23108695652,3504867.31,15.594956232657944,3
98539ef1-4ccc-4639-acea-2de7e15e6d3d,829bafbbd9307459bf715b190abec22558b8fe51,4103,NC,Mud/Landslide,2013-03-01 00:00:00+00:00,2013-01-14 00:00:00+00:00,2013-01-17 00:00:00+00:00,DR,2024-10-10T14:02:49.284Z,2013,3,1,1.0,6.123233995736766e-17,1.0,6.123233995736766e-17,3.0,46.0,South,52,0,0,0,0.0,0,0,0,0,0,0,0,0,0,0,0.0,0.0,138.0,4212154.17,52.0,81002.9648076923,567040.7,15.253484991538434,3
4aec2db3-d1ca-46c4-96c4-d79bb56929c7,7c80c0329041d38df74454b13c3ffc27abeaf1fe,4104,AZ,Freezing,2013-03-05 00:00:00+00:00,2012-12-15 00:00:00+00:00,2013-01-21 00:00:00+00:00,DR,2025-04-29T18:01:31.725Z,2013,3,1,1.0,6.123233995736766e-17,1.0,6.123233995736766e-17,37.0,80.0,West,71,0,0,0,0.0,0,0,0,0,0,0,0,0,0,0,0.0,0.0,2960.0,1602599.04,7.0,228942.72,624221.52,14.287137893285548,4
9c320402-efa8-4728-b114-6d6386f95806,aff47e49bcc2f994f77b04a963992e84d84ee8cf,4105,NH,Severe Storm,2013-03-19 00:00:00+00:00,2013-02-08 00:00:00+00:00,2013-02-10 00:00:00+00:00,DR,2024-08-27T18:22:14.800Z,2013,3,1,1.0,6.123233995736766e-17,1.0,6.123233995736766e-17,2.0,39.0,Northeast,43,0,0,0,0.3,0,1,0,0,0,0,0,0,0,0,0.6,12.9,78.0,6153471.49,170.0,36196.89111764706,1378785.84,15.632527112958062,1
7aa5f3a9-0db2-445b-abb1-37f66f6424ab,704b961532f27eed1c0bb6e812458ab3bdc16daf,4106,CT,Severe Storm,2013-03-21 00:00:00+00:00,2013-02-08 00:00:00+00:00,2013-02-11 00:00:00+00:00,DR,2024-08-27T18:22:14.800Z,2013,3,1,1.0,6.123233995736766e-17,1.0,6.123233995736766e-17,3.0,41.0,Northeast,29,0,0,0,0.3,0,1,0,0,0,0,0,0,0,0,0.8999999999999999,8.7,123.0,31099393.08,471.0,66028.43541401274,5034953.42,17.25269889400147,1
176f3562-7ba4-4610-8cef-89a727c19db3,e693b23879a4f4b7c1e2ce7c9321f78eddcdccaf,4107,RI,Severe Storm,2013-03-22 00:00:00+00:00,2013-02-08 00:00:00+00:00,2013-02-09 00:00:00+00:00,DR,2024-08-27T18:22:14.800Z,2013,3,1,1.0,6.123233995736766e-17,1.0,6.123233995736766e-17,1.0,42.0,Northeast,20,0,0,0,0.3,0,1,0,0,0,0,0,0,0,0,0.3,6.0,42.0,7915043.74,217.0,36474.85594470046,1572742.05,15.884275903839708,1
a89029fd-14b2-4cd5-9ddd-243b0f7ba760,14d440879047d0781fd627e70218c78da1b14e71,4108,ME,Severe Storm,2013-03-25 00:00:00+00:00,2013-02-08 00:00:00+00:00,2013-02-09 00:00:00+00:00,DR,2024-08-27T18:22:14.800Z,2013,3,1,1.0,6.123233995736766e-17,1.0,6.123233995736766e-17,1.0,45.0,Northeast,55,0,0,0,0.3,0,1,0,0,0,0,0,0,0,0,0.3,16.5,45.0,3111470.37,150.0,20743.1358,292785.38,14.950606281599246,1
87e35649-c352-44b5-93bd-ec5f94acc1a4,49c195343c4eafbdada43e45d58f5622a4cba6fe,4109,OK,Severe Storm,2013-04-08 00:00:00+00:00,2013-02-24 00:00:00+00:00,2013-02-26 00:00:00+00:00,DR,2024-08-27T18:22:14.800Z,2013,4,2,0.8660254037844387,-0.4999999999999998,1.2246467991473532e-16,-1.0,2.0,43.0,South,167,0,0,0,0.3,0,1,0,0,0,0,0,0,0,0,0.6,50.1,86.0,57648989.57,191.0,301827.1705235602,10064485.2,17.869883294898987,3
a944e8bb-9ac8-4a6b-babc-4366d3b1e8da,f7e2096a011ee854ee4b54c0fb1905d6d6a96b01,3362,MA,Terrorist,2013-04-17 00:00:00+00:00,2013-04-15 00:00:00+00:00,2013-04-22 00:00:00+00:00,EM,2024-08-27T18:22:14.800Z,2013,4,2,0.8660254037844387,-0.4999999999999998,1.2246467991473532e-16,-1.0,7.0,2.0,Northeast,45,0,0,0,0.0,0,0,0,0,0,0,0,0,0,0,0.0,0.0,14.0,6195205.8,50.0,123904.116,2916150.23,15.639286454247705,1
4dd83479-d692-41a0-aa3d-ad70e98c6388,b75c728fd0aaf3e941d3fa9149c7e0e6229f92e0,3363,TX,Other,2013-04-19 00:00:00+00:00,2013-04-17 00:00:00+00:00,2013-04-20 00:00:00+00:00,EM,2024-08-27T18:22:14.800Z,2013,4,2,0.8660254037844387,-0.4999999999999998,1.2246467991473532e-16,-1.0,3.0,2.0,South,332,0,0,0,0.0,0,0,0,0,0,0,0,0,0,0,0.0,0.0,6.0,4019671.8699999996,23.0,174768.34217391303,3214241.59,15.206711081662137,3
55e5cfbf-2778-437e-a931-b51714bea31d,05c2f3d2e5b9d30df0129bad131dd0632a29c876,4110,MA,Severe Storm,2013-04-19 00:00:00+00:00,2013-02-08 00:00:00+00:00,2013-02-09 00:00:00+00:00,DR,2024-08-27T18:22:14.800Z,2013,4,2,0.8660254037844387,-0.4999999999999998,1.2246467991473532e-16,-1.0,1.0,70.0,Northeast,46,0,0,0,0.3,0,1,0,0,0,0,0,0,0,0,0.3,13.799999999999999,70.0,66961249.35,851.0,78685.36938895418,3782529.02,18.019624657059566,1
aac8592e-d39e-4fc4-83b3-6871cc474c1f,4da6f323b740b056b5693a74ba746cfd93ff5d0a,4111,NY,Severe Storm,2013-04-23 00:00:00+00:00,2013-02-08 00:00:00+00:00,2013-02-09 00:00:00+00:00,DR,2024-08-27T18:22:14.800Z,2013,4,2,0.8660254037844387,-0.4999999999999998,1.2246467991473532e-16,-1.0,1.0,74.0,Northeast,90,0,0,0,0.3,0,1,0,0,0,0,0,0,0,0,0.3,27.0,74.0,24295599.44,125.0,194364.79552,9829143.96,17.00580584006706,1
110ccea5-de78-495f-ab29-559bc34885cd,fdebf2f385b22c8c2fe506f5a8e1174840634623,4112,KS,Snowstorm,2013-04-26 00:00:00+00:00,2013-02-20 00:00:00+00:00,2013-02-23 00:00:00+00:00,DR,2024-08-27T18:22:14.800Z,2013,4,2,0.8660254037844387,-0.4999999999999998,1.2246467991473532e-16,-1.0,3.0,65.0,Midwest,54,0,0,0,0.15,0,0,0,0,0,1,0,0,0,0,0.44999999999999996,8.1,195.0,1278103.96,208.0,6144.730576923077,252779.21,14.06088903887278,0
5fa67949-855a-4f10-94b3-14084820e090,f22666b18c9e87ca1413df8f1dd8f3737c980e97,4113,MN,Severe Storm,2013-05-03 00:00:00+00:00,2013-04-09 00:00:00+00:00,2013-04-11 00:00:00+00:00,DR,2024-08-27T18:22:14.800Z,2013,5,2,0.49999999999999994,-0.8660254037844387,1.2246467991473532e-16,-1.0,2.0,24.0,Midwest,63,0,0,0,0.3,0,1,0,0,0,0,0,0,0,0,0.6,18.9,48.0,11108020.790000001,166.0,66915.78789156627,2140754.21,16.223178089056166,0
93274451-a200-487a-97b8-1e1f86738791,cd922c0a8f45b096f84988bc38d347787c04af30,4114,IA,Severe Storm,2013-05-06 00:00:00+00:00,2013-04-09 00:00:00+00:00,2013-04-11 00:00:00+00:00,DR,2024-08-27T18:22:14.800Z,2013,5,2,0.49999999999999994,-0.8660254037844387,1.2246467991473532e-16,-1.0,2.0,27.0,Midwest,52,0,0,0,0.3,0,1,0,0,0,0,0,0,0,0,0.6,15.6,54.0,12480065.52,95.0,131369.1107368421,3281345.31,16.339643251019556,0
f2447143-9c0c-4776-b3be-667c5ffed3eb,e1eb128152e739ef86d4c6a79cff450e43b0c166,4115,SD,Severe Storm,2013-05-10 00:00:00+00:00,2013-04-08 00:00:00+00:00,2013-04-10 00:00:00+00:00,DR,2024-08-27T18:22:14.800Z,2013,5,2,0.49999999999999994,-0.8660254037844387,1.2246467991473532e-16,-1.0,2.0,32.0,Midwest,63,0,0,0,0.3,0,1,0,0,0,0,0,0,0,0,0.6,18.9,64.0,8231034.73,51.0,161392.83784313727,5709635.74,15.92342241285169,0
31b721aa-af58-4468-9ef0-7635758cd4b9,9b65171c1f20ffe0f76ce26f9f3bee1a852e81e5,4116,IL,Flood,2013-05-10 00:00:00+00:00,2013-04-16 00:00:00+00:00,2013-05-05 00:00:00+00:00,DR,2024-08-27T18:22:14.800Z,2013,5,2,0.49999999999999994,-0.8660254037844387,1.2246467991473532e-16,-1.0,19.0,24.0,Midwest,58,0,0,0,0.44999999999999996,0,0,1,0,0,0,0,0,0,0,8.549999999999999,26.099999999999998,456.0,32487770.9,1145.0,28373.59903930131,4740595.93,17.296374327269696,0
cbc8049c-20f8-4a75-80d1-758f92ec2c82,9b567ce0498342b9d5acd3bdb28ee28c929417be,4117,OK,Tornado,2013-05-20 00:00:00+00:00,2013-05-18 00:00:00+00:00,2013-06-02 00:00:00+00:00,DR,2025-12-16T19:01:05.873Z,2013,5,2,0.49999999999999994,-0.8660254037844387,1.2246467991473532e-16,-1.0,15.0,2.0,South,168,0,0,0,0.44999999999999996,0,0,0,0,1,0,0,0,0,0,6.749999999999999,75.6,30.0,55032768.45,630.0,87353.60071428571,7436904.46,17.82343937395534,3
baf1f2ac-4fc6-4412-bfc1-8e70ca93ecdd,5054ef55d5b3fe62f4610e67f69a1fddd69c4282,4118,ND,Flood,2013-05-29 00:00:00+00:00,2013-04-22 00:00:00+00:00,2013-05-16 00:00:00+00:00,DR,2024-08-27T18:22:14.800Z,2013,5,2,0.49999999999999994,-0.8660254037844387,1.2246467991473532e-16,-1.0,24.0,37.0,Midwest,52,0,0,0,0.44999999999999996,0,0,1,0,0,0,0,0,0,0,10.799999999999999,23.4,888.0,7097551.399999999,136.0,52187.87794117647,1637953.89,15.775260550183306,0
c6467280-adfc-40f1-98a0-661d7bc0c9b9,a1762c8f3a3a0426a2b7e9b30eb38ff5b49bfd01,4119,IA,Flood,2013-05-31 00:00:00+00:00,2013-04-17 00:00:00+00:00,2013-04-30 00:00:00+00:00,DR,2024-08-27T18:22:14.800Z,2013,5,2,0.49999999999999994,-0.8660254037844387,1.2246467991473532e-16,-1.0,13.0,44.0,Midwest,53,0,0,0,0.44999999999999996,0,0,1,0,0,0,0,0,0,0,5.85,23.849999999999998,572.0,7594458.33,268.0,28337.531082089554,650241.38,15.842929503854615,0
94cdf2e3-c8f2-45a6-82ac-faedf9ed4de1,5d37e699bb37c85bc45d3f9dceba72b153886763,4120,VT,Flood,2013-06-13 00:00:00+00:00,2013-05-22 00:00:00+00:00,2013-05-26 00:00:00+00:00,DR,2024-08-27T18:22:14.800Z,2013,6,2,1.2246467991473532e-16,-1.0,1.2246467991473532e-16,-1.0,4.0,22.0,Northeast,37,0,0,0,0.44999999999999996,0,0,1,0,0,0,0,0,0,0,1.7999999999999998,16.65,88.0,1914682.79,73.0,26228.531369863013,414559.83,14.465063044247222,1
954797ee-06c4-4aff-b500-d47f918343a3,e9597dc47322d20691e9b08c15e9639aa5b8815a,4121,MI,Flood,2013-06-18 00:00:00+00:00,2013-04-16 00:00:00+00:00,2013-05-14 00:00:00+00:00,DR,2026-07-20T21:43:12.371Z,2013,6,2,1.2246467991473532e-16,-1.0,1.2246467991473532e-16,-1.0,28.0,63.0,Midwest,33,0,0,0,0.44999999999999996,0,0,1,0,0,0,0,0,0,0,12.599999999999998,14.849999999999998,1764.0,4849947.62,342.0,14181.133391812866,541791.08,15.394478669043117,0
4c4b3f0d-c96f-4c4a-b937-345ce1ea17e0,ed0bd23014b0f4d18f3cdd1f1876f614098aacc3,4122,AK,Flood,2013-06-25 00:00:00+00:00,2013-05-17 00:00:00+00:00,2013-06-11 00:00:00+00:00,DR,2025-01-28T17:41:27.735Z,2013,6,2,1.2246467991473532e-16,-1.0,1.2246467991473532e-16,-1.0,25.0,39.0,West,54,0,0,0,0.44999999999999996,0,0,1,0,0,0,0,0,0,0,11.249999999999998,24.299999999999997,975.0,33351764.75,106.0,314639.29009433964,4331432.62,17.322621274951302,4
71e308d4-1405-48d1-a15b-a56b747efc84,15bb89e6bc442501bcae9bd617b027a083983ca1,4123,ND,Flood,2013-06-25 00:00:00+00:00,2013-05-25 00:00:00+00:00,2013-06-01 00:00:00+00:00,DR,2024-08-27T18:22:14.800Z,2013,6,2,1.2246467991473532e-16,-1.0,1.2246467991473532e-16,-1.0,7.0,31.0,Midwest,53,0,0,0,0.44999999999999996,0,0,1,0,0,0,0,0,0,0,3.1499999999999995,23.849999999999998,217.0,239920.61,13.0,18455.431538461537,53199.94,12.388067523970564,0
95cf5b32-c37a-492b-b863-62cd68fa101d,1d33b36d50a3dfbc0bf2cf972e2738de1f32367e,4124,AR,Severe Storm,2013-06-25 00:00:00+00:00,2013-05-30 00:00:00+00:00,2013-06-03 00:00:00+00:00,DR,2024-08-27T18:22:14.800Z,2013,6,2,1.2246467991473532e-16,-1.0,1.2246467991473532e-16,-1.0,4.0,26.0,South,62,0,0,0,0.3,0,1,0,0,0,0,0,0,0,0,1.2,18.599999999999998,104.0,6593153.21,172.0,38332.28610465116,412470.47,15.701542427780943,3
f51d844e-7d93-438c-885a-31d81a8e1983,aba55c5f70d827d24e9d57d3f11f72d033e4f862,4125,SD,Severe Storm,2013-06-28 00:00:00+00:00,2013-05-24 00:00:00+00:00,2013-05-31 00:00:00+00:00,DR,2024-08-27T18:22:14.800Z,2013,6,2,1.2246467991473532e-16,-1.0,1.2246467991473532e-16,-1.0,7.0,35.0,Midwest,64,0,0,0,0.3,0,1,0,0,0,0,0,0,0,0,2.1,19.2,245.0,1215685.33,70.0,17366.933285714287,177799.41,14.0108193559302,0
501819aa-bbd3-40e2-911c-4026b30cbdd6,8476bf5ca244d7e4bb6a728494f9b0b30178be33,4126,IA,Severe Storm,2013-07-02 00:00:00+00:00,2013-05-19 00:00:00+00:00,2013-06-14 00:00:00+00:00,DR,2024-08-27T18:22:14.800Z,2013,7,3,-0.4999999999999997,-0.8660254037844388,-1.0,-1.8369701987210297e-16,26.0,44.0,Midwest,54,0,0,0,0.3,0,1,0,0,0,0,0,0,0,0,7.8,16.2,1144.0,20524115.81,677.0,30316.27150664697,1816020.97,16.83711118241349,0
d9b8a7dc-c4af-41ab-b1bd-f9e3cdd63365,70984847a7dc3f4bc5bb59f9efdfd88357fe15de,4127,MT,Flood,2013-07-10 00:00:00+00:00,2013-05-19 00:00:00+00:00,2013-06-03 00:00:00+00:00,DR,2026-07-20T21:43:12.371Z,2013,7,3,-0.4999999999999997,-0.8660254037844388,-1.0,-1.8369701987210297e-16,15.0,52.0,West,63,0,0,0,0.44999999999999996,0,0,1,0,0,0,0,0,0,0,6.749999999999999,28.349999999999998,780.0,2774452.64,86.0,32261.077209302326,306756.52,14.835964399291496,4
4c256e26-b780-4953-a931-1b150e70d598,c5ff400bcb78d5837ed6a050ca37094ccdbeccc5,4128,ND,Severe Storm,2013-07-12 00:00:00+00:00,2013-05-17 00:00:00+00:00,2013-06-16 00:00:00+00:00,DR,2024-08-27T18:22:14.800Z,2013,7,3,-0.4999999999999997,-0.8660254037844388,-1.0,-1.8369701987210297e-16,30.0,56.0,Midwest,54,0,0,0,0.3,0,1,0,0,0,0,0,0,0,0,9.0,16.2,1680.0,10126940.11,210.0,48223.52433333333,1146666.75,16.13070986714989,0
c54b393e-1c25-410d-a66b-dc0d2ef870dd,5c5300ffee20831d446d4034e6233ff8f9b9eede,4129,NY,Flood,2013-07-12 00:00:00+00:00,2013-06-26 00:00:00+00:00,2013-07-10 00:00:00+00:00,DR,2024-08-27T18:22:14.800Z,2013,7,3,-0.4999999999999997,-0.8660254037844388,-1.0,-1.8369701987210297e-16,14.0,16.0,Northeast,91,0,0,0,0.44999999999999996,0,0,1,0,0,0,0,0,0,0,6.299999999999999,40.949999999999996,224.0,68862258.54,634.0,108615.54974763408,4172344.63,18.04761882887101,1
252cc8f6-5147-418b-87d7-d530024c2c0f,c33c5f32ea62f9289222cf4c5c5307df20c9bcc8,4130,MO,Severe Storm,2013-07-18 00:00:00+00:00,2013-05-29 00:00:00+00:00,2013-06-10 00:00:00+00:00,DR,2024-08-27T18:22:14.800Z,2013,7,3,-0.4999999999999997,-0.8660254037844388,-1.0,-1.8369701987210297e-16,12.0,50.0,Midwest,62,0,0,0,0.3,0,1,0,0,0,0,0,0,0,0,3.5999999999999996,18.599999999999998,600.0,9030000.870000001,271.0,33321.03642066421,1655410.6,16.01606313248063,0
518c9df6-055f-4cd5-9b3e-0957355e4d56,224f5edacf36d0a040a12f0da73cd102dd297984,4131,MN,Severe Storm,2013-07-25 00:00:00+00:00,2013-06-20 00:00:00+00:00,2013-06-26 00:00:00+00:00,DR,2024-08-27T18:22:14.800Z,2013,7,3,-0.4999999999999997,-0.8660254037844388,-1.0,-1.8369701987210297e-16,6.0,35.0,Midwest,64,0,0,0,0.3,0,1,0,0,0,0,0,0,0,0,1.7999999999999998,19.2,210.0,13712894.66,608.0,22554.103059210527,774813.05,16.433847237114716,0
863a7c6a-8e8e-4c7e-bc63-ff4495f2d5d5,cbca13003c9795dcb44054f2bea4871f072b9a36,4132,WV,Flood,2013-07-26 00:00:00+00:00,2013-06-13 00:00:00+00:00,2013-06-13 00:00:00+00:00,DR,2024-08-27T18:22:14.800Z,2013,7,3,-0.4999999999999997,-0.8660254037844388,-1.0,-1.8369701987210297e-16,0.0,43.0,South,59,0,0,0,0.44999999999999996,0,0,1,0,0,0,0,0,0,0,0.0,26.549999999999997,0.0,3283729.69,163.0,20145.5809202454,650888.06,15.004490739492576,3
be915239-456a-47a1-ba9b-0391a4daa12f,3361d35c2169b1992e51fc0e292f979a96c7a914,4133,CO,Fire,2013-07-26 00:00:00+00:00,2013-06-11 00:00:00+00:00,2013-06-16 00:00:00+00:00,DR,2024-08-27T18:22:14.800Z,2013,7,3,-0.4999999999999997,-0.8660254037844388,-1.0,-1.8369701987210297e-16,5.0,45.0,West,80,0,0,0,0.3,1,0,0,0,0,0,0,0,0,0,1.5,24.0,225.0,173358.38999999998,9.0,19262.04333333333,103697.65,12.063122117514618,4
879d6d76-e80d-44ba-9e5e-1013eba8d1c3,d4c60a212e08e01ff93644a8302977cd769f67c9,4134,CO,Fire,2013-07-26 00:00:00+00:00,2013-06-11 00:00:00+00:00,2013-06-21 00:00:00+00:00,DR,2024-08-27T18:22:14.800Z,2013,7,3,-0.4999999999999997,-0.8660254037844388,-1.0,-1.8369701987210297e-16,10.0,45.0,West,81,0,0,0,0.3,1,0,0,0,0,0,0,0,0,0,3.0,24.3,450.0,6617742.08,19.0,348302.2147368421,2528007.51,15.705264945313932,4
5104794f-5090-4b97-81a3-908cd96fe48b,5a555279004ff8e8860747c0b48c36b871c27a99,4135,IA,Severe Storm,2013-07-31 00:00:00+00:00,2013-06-21 00:00:00+00:00,2013-06-28 00:00:00+00:00,DR,2024-08-27T18:22:14.800Z,2013,7,3,-0.4999999999999997,-0.8660254037844388,-1.0,-1.8369701987210297e-16,7.0,40.0,Midwest,55,0,0,0,0.3,0,1,0,0,0,0,0,0,0,0,2.1,16.5,280.0,4551830.57,209.0,21779.09363636364,294127.08,15.331040252785636,0
309f067d-06c9-4eaf-ae2b-eaa0d76c657f,d76f2f6191063bfd592ebed08e5aeeb44bfcb842,4136,TX,Other,2013-08-02 00:00:00+00:00,2013-04-17 00:00:00+00:00,2013-04-20 00:00:00+00:00,DR,2024-08-27T18:22:14.800Z,2013,8,3,-0.8660254037844385,-0.5000000000000004,-1.0,-1.8369701987210297e-16,3.0,107.0,South,333,0,0,0,0.0,0,0,0,0,0,0,0,0,0,0,0.0,0.0,321.0,28828351.7,26.0,1108782.7576923077,14853154.11,17.176869929584623,3
0d7fa310-f2c5-4a49-b110-1ef6e709739a,0e2dd7bc8838dfb93f67866bb2122356295c427f,4137,SD,Severe Storm,2013-08-02 00:00:00+00:00,2013-06-19 00:00:00+00:00,2013-06-29 00:00:00+00:00,DR,2026-07-20T21:43:12.371Z,2013,8,3,-0.8660254037844385,-0.5000000000000004,-1.0,-1.8369701987210297e-16,10.0,44.0,Midwest,65,0,0,0,0.3,0,1,0,0,0,0,0,0,0,0,3.0,19.5,440.0,1152109.19,86.0,13396.618488372093,178094.57,13.957105766705372,0
55bcda2a-77f9-457c-a16e-d154481b5637,84dfec9a5b3b25608ab186f44ad84410e3aff5ab,4138,FL,Severe Storm,2013-08-02 00:00:00+00:00,2013-07-02 00:00:00+00:00,2013-07-07 00:00:00+00:00,DR,2024-08-27T18:22:14.800Z,2013,8,3,-0.8660254037844385,-0.5000000000000004,-1.0,-1.8369701987210297e-16,5.0,31.0,South,134,0,0,0,0.3,0,1,0,0,0,0,0,0,0,0,1.5,40.199999999999996,155.0,43120199.96,255.0,169098.82337254903,15974866.99,17.579502145036532,3
78c120d0-c565-4624-96be-6948fd40742e,6f5d86e570cf060ad0f21a0fd144023573104776,4139,NH,Severe Storm,2013-08-02 00:00:00+00:00,2013-06-26 00:00:00+00:00,2013-07-03 00:00:00+00:00,DR,2024-08-27T18:22:14.800Z,2013,8,3,-0.8660254037844385,-0.5000000000000004,-1.0,-1.8369701987210297e-16,7.0,37.0,Northeast,44,0,0,0,0.3,0,1,0,0,0,0,0,0,0,0,2.1,13.2,259.0,5898074.88,78.0,75616.34461538462,2778840.06,15.590136733652695,1
b42c784e-2e44-4c17-b3ae-e1c88ebd4e77,a13b85f9ca67526a2455be1460b6deb1edabd54d,4140,VT,Flood,2013-08-02 00:00:00+00:00,2013-06-25 00:00:00+00:00,2013-07-11 00:00:00+00:00,DR,2024-08-27T18:22:14.800Z,2013,8,3,-0.8660254037844385,-0.5000000000000004,-1.0,-1.8369701987210297e-16,16.0,38.0,Northeast,38,0,0,0,0.44999999999999996,0,0,1,0,0,0,0,0,0,0,7.199999999999999,17.099999999999998,608.0,6182973.09,291.0,21247.330206185565,933710.25,15.637309958009526,1
7e30bd95-282f-40b6-866c-6e97ddade759,af9ed200ab5ffc6392d83d6822ece8265a0f8880,4141,WI,Severe Storm,2013-08-08 00:00:00+00:00,2013-06-20 00:00:00+00:00,2013-06-28 00:00:00+00:00,DR,2024-08-27T18:22:14.800Z,2013,8,3,-0.8660254037844385,-0.5000000000000004,-1.0,-1.8369701987210297e-16,8.0,49.0,Midwest,44,0,0,0,0.3,0,1,0,0,0,0,0,0,0,0,2.4,13.2,392.0,5934364.43,250.0,23737.45772,332907.53,15.596270660343256,0
ac7b46e0-24a1-4a20-bca5-55d27d203638,41349ef5ba3cccc5dc2f77ce8e7e5a5860086bcd,4142,CA,Fire,2013-08-29 00:00:00+00:00,2013-07-29 00:00:00+00:00,2013-08-01 00:00:00+00:00,DR,2024-08-27T18:22:14.800Z,2013,8,3,-0.8660254037844385,-0.5000000000000004,-1.0,-1.8369701987210297e-16,3.0,31.0,West,217,0,0,0,0.3,1,0,0,0,0,0,0,0,0,0,0.8999999999999999,65.1,93.0,444517.27,8.0,55564.65875,162574.5,13.004746435453622,4
0333585c-90ba-4a26-a5cf-295f3a1110e0,e3b1dd7efbdd37d1acba9f4e46461b1544a00147,4143,AR,Severe Storm,2013-09-04 00:00:00+00:00,2013-08-08 00:00:00+00:00,2013-08-14 00:00:00+00:00,DR,2024-08-27T18:22:14.800Z,2013,9,3,-1.0,-1.8369701987210297e-16,-1.0,-1.8369701987210297e-16,6.0,27.0,South,63,0,0,0,0.3,0,1,0,0,0,0,0,0,0,0,1.7999999999999998,18.9,162.0,7781424.57,116.0,67081.24629310345,282463.16,15.867250114587561,3
84aea596-9589-4ed7-a892-f30082f71619,34be4de29f25f0fce5ffd5cc04bcca2bd4781066,4144,MO,Severe Storm,2013-09-06 00:00:00+00:00,2013-08-02 00:00:00+00:00,2013-08-14 00:00:00+00:00,DR,2024-08-27T18:22:14.800Z,2013,9,3,-1.0,-1.8369701987210297e-16,-1.0,-1.8369701987210297e-16,12.0,35.0,Midwest,63,0,0,0,0.3,0,1,0,0,0,0,0,0,0,0,3.5999999999999996,18.9,420.0,17467954.13,386.0,45253.7671761658,631501.88,16.675878624887243,0
caa758bd-e916-4657-bdf4-4b6229424453,f75e4eecdcf7e740ff3016084924c956fc5ef0d3,4145,CO,Flood,2013-09-14 00:00:00+00:00,2013-09-11 00:00:00+00:00,2013-09-30 00:00:00+00:00,DR,2024-08-27T18:22:14.800Z,2013,9,3,-1.0,-1.8369701987210297e-16,-1.0,-1.8369701987210297e-16,19.0,3.0,West,83,0,0,0,0.44999999999999996,0,0,1,0,0,0,0,0,0,0,8.549999999999999,37.349999999999994,57.0,370716216.28,1049.0,353399.6342040038,31732910.64,19.730947414884586,4
29fa0835-8193-4d9a-9f26-84d36f8ebc9f,f9e67792479336ce2c271b28a032ade78c9e5deb,4146,NC,Flood,2013-09-25 00:00:00+00:00,2013-07-03 00:00:00+00:00,2013-07-13 00:00:00+00:00,DR,2024-10-10T14:02:49.284Z,2013,9,3,-1.0,-1.8369701987210297e-16,-1.0,-1.8369701987210297e-16,10.0,84.0,South,53,0,0,0,0.44999999999999996,0,0,1,0,0,0,0,0,0,0,4.5,23.849999999999998,840.0,10450604.45,161.0,64910.58664596273,690714.67,16.16217047249581,3
e8765e34-fd4a-4b45-b1fb-fbc1cdf3b0d8,653fca7fea68ccc3e845c5c7c3d10a54a41ddd38,4147,NM,Severe Storm,2013-09-27 00:00:00+00:00,2013-07-19 00:00:00+00:00,2013-07-21 00:00:00+00:00,DR,2024-08-27T18:22:14.800Z,2013,9,3,-1.0,-1.8369701987210297e-16,-1.0,-1.8369701987210297e-16,2.0,70.0,West,77,0,0,0,0.3,0,1,0,0,0,0,0,0,0,0,0.6,23.099999999999998,140.0,72568.6,3.0,24189.533333333336,60810.0,11.192301380337467,4
78192ff9-eb13-4890-b543-23dc1751ed0d,964ae2a4e6c225d715e11d353e67275bb778ab93,4148,NM,Severe Storm,2013-09-30 00:00:00+00:00,2013-07-23 00:00:00+00:00,2013-07-28 00:00:00+00:00,DR,2026-07-20T21:43:12.371Z,2013,9,3,-1.0,-1.8369701987210297e-16,-1.0,-1.8369701987210297e-16,5.0,69.0,West,78,0,0,0,0.3,0,1,0,0,0,0,0,0,0,0,1.5,23.4,345.0,5404942.04,193.0,28004.88103626943,672417.79,15.502824470609537,4
731efce2-69c9-4f27-8c80-36f24ae9b848,a40a3996ff1aeead145bf669c0325c6141e9d0e6,4149,PA,Severe Storm,2013-10-01 00:00:00+00:00,2013-06-26 00:00:00+00:00,2013-07-11 00:00:00+00:00,DR,2024-08-27T18:22:14.800Z,2013,10,4,-0.8660254037844386,0.5000000000000001,-2.4492935982947064e-16,1.0,15.0,97.0,Northeast,55,0,0,0,0.3,0,1,0,0,0,0,0,0,0,0,4.5,16.5,1455.0,12096256.67,337.0,35893.936706231456,624428.65,16.3084066792579,1
832d7d0d-753e-4079-824f-22f4a234aa6e,4202bae8260b7e0ba21d03ca16acfd254bee0af7,4150,KS,Severe Storm,2013-10-22 00:00:00+00:00,2013-07-22 00:00:00+00:00,2013-08-16 00:00:00+00:00,DR,2024-08-27T18:22:14.800Z,2013,10,4,-0.8660254037844386,0.5000000000000001,-2.4492935982947064e-16,1.0,25.0,92.0,Midwest,55,0,0,0,0.3,0,1,0,0,0,0,0,0,0,0,7.5,16.5,2300.0,10135201.52,517.0,19603.871411992262,475887.16,16.13152531990836,0
3a38b379-f372-464a-bb9a-57b8c151451f,e490b2e945d34097b1423279d8b20e59281dc2db,4151,NM,Severe Storm,2013-10-24 00:00:00+00:00,2013-09-13 00:00:00+00:00,2013-09-16 00:00:00+00:00,DR,2024-08-27T18:22:14.800Z,2013,10,4,-0.8660254037844386,0.5000000000000001,-2.4492935982947064e-16,1.0,3.0,41.0,West,79,0,0,0,0.3,0,1,0,0,0,0,0,0,0,0,0.8999999999999999,23.7,123.0,4347340.77,23.0,189014.8160869565,1046727.32,15.285075128918566,4
208ca655-f104-4e97-a3ff-e1c649be700b,a4ff27a491d34d86222eb9886fb9744e3581cf23,4152,NM,Flood,2013-10-29 00:00:00+00:00,2013-09-09 00:00:00+00:00,2013-09-22 00:00:00+00:00,DR,2024-08-27T18:22:14.800Z,2013,10,4,-0.8660254037844386,0.5000000000000001,-2.4492935982947064e-16,1.0,13.0,50.0,West,80,0,0,0,0.44999999999999996,0,0,1,0,0,0,0,0,0,0,5.85,36.0,650.0,40862897.89,663.0,61633.33015082956,2352036.25,17.525733091728963,4
c695da09-d9d7-4a21-a6bc-ab3deedc1773,d76d83c3de68311492b6a604c3df954a70690ecf,4153,NC,Flood,2013-10-29 00:00:00+00:00,2013-07-27 00:00:00+00:00,2013-07-27 00:00:00+00:00,DR,2024-08-27T18:22:14.800Z,2013,10,4,-0.8660254037844386,0.5000000000000001,-2.4492935982947064e-16,1.0,0.0,94.0,South,54,0,0,0,0.44999999999999996,0,0,1,0,0,0,0,0,0,0,0.0,24.299999999999997,0.0,8390658.87,107.0,78417.37261682242,1352274.25,15.942629724933509,3
3a1db593-798a-42ed-bea6-005e69c0b31c,8879ace5448dc5d99974ddb37888d0071c56002e,4154,ND,Severe Storm,2013-10-31 00:00:00+00:00,2013-10-04 00:00:00+00:00,2013-10-05 00:00:00+00:00,DR,2024-08-27T18:22:14.800Z,2013,10,4,-0.8660254037844386,0.5000000000000001,-2.4492935982947064e-16,1.0,1.0,27.0,Midwest,55,0,0,0,0.3,0,1,0,0,0,0,0,0,0,0,0.3,16.5,27.0,4389175.57,33.0,133005.3203030303,1949738.39,15.294652197981918,0
e905e1cf-8615-475c-8f1f-875bedc80aa3,ef7e304b7ef2a6a0ef92b9d9ac3401b6b0b5574d,4155,SD,Severe Storm,2013-11-08 00:00:00+00:00,2013-10-03 00:00:00+00:00,2013-10-16 00:00:00+00:00,DR,2024-08-27T18:22:14.800Z,2013,11,4,-0.5000000000000004,0.8660254037844384,-2.4492935982947064e-16,1.0,13.0,36.0,Midwest,66,0,0,0,0.3,0,1,0,0,0,0,0,0,0,0,3.9,19.8,468.0,43148257.98,222.0,194361.52243243242,14943810.91,17.58015262659164,0
2ccddfa6-2c72-458c-83b6-5a5c6d2c98ed,67e68ebd4f4fdb4ea38ac533bb7c46120d944a33,4156,NE,Severe Storm,2013-11-26 00:00:00+00:00,2013-10-02 00:00:00+00:00,2013-10-06 00:00:00+00:00,DR,2024-08-27T18:22:14.800Z,2013,11,4,-0.5000000000000004,0.8660254037844384,-2.4492935982947064e-16,1.0,4.0,55.0,Midwest,55,0,0,0,0.3,0,1,0,0,0,0,0,0,0,0,1.2,16.5,220.0,2670513.58,67.0,39858.41164179105,379309.52,14.79778173839881,0
fdae9a84-12e4-483e-892e-31f42e27cbcb,971064ce0190f3c391e13d5ef3c6e3cc054a6e00,4158,CA,Fire,2013-12-13 00:00:00+00:00,2013-08-17 00:00:00+00:00,2013-10-24 00:00:00+00:00,DR,2024-08-27T18:22:14.800Z,2013,12,4,-2.4492935982947064e-16,1.0,-2.4492935982947064e-16,1.0,68.0,118.0,West,219,0,0,0,0.3,1,0,0,0,0,0,0,0,0,0,20.4,65.7,8024.0,24638260.54,53.0,464872.8403773585,13564175.35,17.019811139757397,4
3763d5a2-a2b4-4035-8e29-6d829f88ea51,b04b654a0d5b9fd244a2d82861ad8fceabe10212,4159,TX,Severe Storm,2013-12-20 00:00:00+00:00,2013-10-30 00:00:00+00:00,2013-10-31 00:00:00+00:00,DR,2024-08-27T18:22:14.800Z,2013,12,4,-2.4492935982947064e-16,1.0,-2.4492935982947064e-16,1.0,1.0,51.0,South,334,0,0,0,0.3,0,1,0,0,0,0,0,0,0,0,0.3,100.2,51.0,7753470.350000001,119.0,65155.21302521009,962401.76,15.863651217174077,3
46296dad-720e-4031-81cd-2104b7fab266,151d8341d12045d4e1e3948e9a07df98662ff7ff,4160,AR,Severe Ice Storm,2014-01-06 00:00:00+00:00,2013-12-05 00:00:00+00:00,2013-12-06 00:00:00+00:00,DR,2024-08-27T18:22:14.800Z,2014,1,1,0.49999999999999994,0.8660254037844387,1.0,6.123233995736766e-17,1.0,32.0,South,64,0,0,0,0.3,0,0,0,0,0,0,0,1,0,0,0.3,19.2,32.0,5501202.69,111.0,49560.3845945946,1134032.53,15.520477478985207,3
38e50a02-abe7-4fc4-95e6-688d4a207df0,6361fee14e9d111b024c1e813d2d285b59d29589,3366,WV,Chemical,2014-01-10 00:00:00+00:00,2014-01-09 00:00:00+00:00,2014-01-20 00:00:00+00:00,EM,2024-08-27T18:22:14.800Z,2014,1,1,0.49999999999999994,0.8660254037844387,1.0,6.123233995736766e-17,11.0,1.0,South,60,0,0,0,0.44999999999999996,0,0,0,0,0,0,0,0,0,0,4.949999999999999,26.999999999999996,11.0,1639099.39,54.0,30353.692407407405,288601.22,14.309658106612876,3
51d056fb-c7d2-40e3-a2cc-b29854cce57a,38335075a621e3fb6e1d69c49394b2bb827749da,4161,AK,Flood,2014-01-16 00:00:00+00:00,2013-10-27 00:00:00+00:00,2013-10-28 00:00:00+00:00,DR,2024-08-27T18:22:14.800Z,2014,1,1,0.49999999999999994,0.8660254037844387,1.0,6.123233995736766e-17,1.0,81.0,West,55,0,0,0,0.44999999999999996,0,0,1,0,0,0,0,0,0,0,0.44999999999999996,24.749999999999996,81.0,1802953.09,32.0,56342.2840625,531535.97,14.404937038744237,4
b47dec61-c7e4-4893-b77f-7aa77f0c2c03,62dce842155001108799c11f4569ac1343ab03c1,4162,AK,Severe Storm,2014-01-23 00:00:00+00:00,2013-11-05 00:00:00+00:00,2013-11-14 00:00:00+00:00,DR,2026-06-29T15:41:21.074Z,2014,1,1,0.49999999999999994,0.8660254037844387,1.0,6.123233995736766e-17,9.0,79.0,West,56,0,0,0,0.3,0,1,0,0,0,0,0,0,0,0,2.6999999999999997,16.8,711.0,28786113.52,62.0,464292.1535483871,8070882.5,17.175403694119634,4
ff2cd04c-f79c-4436-a7fc-87c71bd3390e,1bf38fa25631fe37fa3023b80fc162a944a3ff75,4163,VT,Severe Ice Storm,2014-01-29 00:00:00+00:00,2013-12-20 00:00:00+00:00,2013-12-26 00:00:00+00:00,DR,2024-08-27T18:22:14.800Z,2014,1,1,0.49999999999999994,0.8660254037844387,1.0,6.123233995736766e-17,6.0,40.0,Northeast,39,0,0,0,0.3,0,0,0,0,0,0,0,1,0,0,1.7999999999999998,11.7,240.0,6342340.95,44.0,144144.11250000002,3466921.59,15.662758650949185,1
aa5295ec-678e-4af5-af68-95ea08fa254d,958ca0132425bd5a3a2171eac198b96f09d7b557,4164,OK,Severe Storm,2014-01-30 00:00:00+00:00,2013-12-05 00:00:00+00:00,2013-12-06 00:00:00+00:00,DR,2024-08-27T18:22:14.800Z,2014,1,1,0.49999999999999994,0.8660254037844387,1.0,6.123233995736766e-17,1.0,56.0,South,169,0,0,0,0.3,0,1,0,0,0,0,0,0,0,0,0.3,50.699999999999996,56.0,3975158.12,42.0,94646.62190476191,1716115.34,15.195575335458061,3
d94f4095-84de-461c-9133-ebd1038bda16,7ec7b9c75ae069773e5c814049b2c63782c23a60,4165,GA,Severe Ice Storm,2014-03-06 00:00:00+00:00,2014-02-10 00:00:00+00:00,2014-02-14 00:00:00+00:00,DR,2024-08-27T18:22:14.800Z,2014,3,1,1.0,6.123233995736766e-17,1.0,6.123233995736766e-17,4.0,24.0,South,54,0,0,0,0.3,0,0,0,0,0,0,0,1,0,0,1.2,16.2,96.0,46601415.91,307.0,151796.14302931595,7383125.98,17.657141504427617,3
e3048594-06da-46f8-9bfd-56b068f4deea,272c9758ecaa46984bb672c47ed63bc2afbc9844,4166,SC,Severe Ice Storm,2014-03-12 00:00:00+00:00,2014-02-10 00:00:00+00:00,2014-02-14 00:00:00+00:00,DR,2024-08-27T18:22:14.800Z,2014,3,1,1.0,6.123233995736766e-17,1.0,6.123233995736766e-17,4.0,30.0,South,22,0,0,0,0.3,0,0,0,0,0,0,0,1,0,0,1.2,6.6,120.0,216551605.04,438.0,494410.05716894974,10169944.76,19.193339442083207,3
5a9e2e7d-57b9-448f-bfae-f9e3b70c381b,5421a97c0039b86f11a705f95487d3dcdee44009,4167,NC,Severe Ice Storm,2014-03-31 00:00:00+00:00,2014-03-06 00:00:00+00:00,2014-03-07 00:00:00+00:00,DR,2024-08-27T18:22:14.800Z,2014,3,1,1.0,6.123233995736766e-17,1.0,6.123233995736766e-17,1.0,25.0,South,55,0,0,0,0.3,0,0,0,0,0,0,0,1,0,0,0.3,16.5,25.0,40862440.57,138.0,296104.6418115942,13292422.39,17.525721900096176,3
273bcf44-1484-43b9-a040-dc85289ef4de,1a8095482c4261630abf473af215de62c5c36a37,4168,WA,Mud/Landslide,2014-04-02 00:00:00+00:00,2014-03-22 00:00:00+00:00,2014-04-28 00:00:00+00:00,DR,2025-06-10T11:41:09.354Z,2014,4,2,0.8660254037844387,-0.4999999999999998,1.2246467991473532e-16,-1.0,37.0,11.0,West,116,0,0,0,0.0,0,0,0,0,0,0,0,0,0,0,0.0,0.0,407.0,28624712.03,40.0,715617.80075,8152596.09,17.169780994635587,4
8b907c42-7d83-443a-a721-345b98cf10cf,4669b1a73a3262b6945935d4af31ca8a35adbb48,4169,OR,Severe Storm,2014-04-04 00:00:00+00:00,2014-02-06 00:00:00+00:00,2014-02-10 00:00:00+00:00,DR,2024-08-27T18:22:14.800Z,2014,4,2,0.8660254037844387,-0.4999999999999998,1.2246467991473532e-16,-1.0,4.0,57.0,West,84,0,0,0,0.3,0,1,0,0,0,0,0,0,0,0,1.2,25.2,228.0,6364572.95,51.0,124795.54803921569,1138074.14,15.666257851362527,4
ac83be6a-8fbd-4c94-a53d-4f107e9058cd,825a1f791541fe88fc0f8b19b540bffa5dadf41d,4170,MD,Severe Storm,2014-04-10 00:00:00+00:00,2014-02-12 00:00:00+00:00,2014-02-13 00:00:00+00:00,DR,2024-08-27T18:22:14.800Z,2014,4,2,0.8660254037844387,-0.4999999999999998,1.2246467991473532e-16,-1.0,1.0,57.0,South,29,0,0,0,0.3,0,1,0,0,0,0,0,0,0,0,0.3,8.7,57.0,8678576.02,84.0,103316.38119047618,1008505.04,15.976368135409247,3
33f25881-e762-4b1b-abbb-f521542849e0,d71db38ab8bce029ee17ff06c3b8b81a17b86786,4171,TN,Severe Ice Storm,2014-04-11 00:00:00+00:00,2014-03-02 00:00:00+00:00,2014-03-04 00:00:00+00:00,DR,2024-08-27T18:22:14.800Z,2014,4,2,0.8660254037844387,-0.4999999999999998,1.2246467991473532e-16,-1.0,2.0,40.0,South,60,0,0,0,0.3,0,0,0,0,0,0,0,1,0,0,0.6,18.0,80.0,7524647.93,51.0,147542.1162745098,2253411.66,15.833694713690292,3
d816d72e-46cb-469b-8b2e-170f8c9fca22,dabf14caa8c32df7db2c3cdd9a1086fac6b80b47,4172,MT,Flood,2014-04-17 00:00:00+00:00,2014-03-01 00:00:00+00:00,2014-03-16 00:00:00+00:00,DR,2024-08-27T18:22:14.800Z,2014,4,2,0.8660254037844387,-0.4999999999999998,1.2246467991473532e-16,-1.0,15.0,47.0,West,66,0,0,0,0.44999999999999996,0,0,1,0,0,0,0,0,0,0,6.749999999999999,29.699999999999996,705.0,1925935.2,60.0,32098.92,86782.67,14.470922745142529,4
a4c31cbc-3f36-43d2-ad65-161ce9406f43,783433855ebb1fee221b7848860b375e99752f49,4173,IN,Severe Storm,2014-04-22 00:00:00+00:00,2014-01-05 00:00:00+00:00,2014-01-09 00:00:00+00:00,DR,2024-08-27T18:22:14.800Z,2014,4,2,0.8660254037844387,-0.4999999999999998,1.2246467991473532e-16,-1.0,4.0,107.0,Midwest,47,0,0,0,0.3,0,1,0,0,0,0,0,0,0,0,1.2,14.1,428.0,9571816.89,308.0,31077.327564935065,1346113.67,16.074333702547346,0
37f516d6-8c7e-463f-9203-f69109ed2909,97b99de97ec13fa9ebcd8c4b6e3e810f0eae67c3,4174,AR,Severe Storm,2014-04-29 00:00:00+00:00,2014-04-27 00:00:00+00:00,2014-04-27 00:00:00+00:00,DR,2024-08-27T18:22:14.800Z,2014,4,2,0.8660254037844387,-0.4999999999999998,1.2246467991473532e-16,-1.0,0.0,2.0,South,65,0,0,0,0.3,0,1,0,0,0,0,0,0,0,0,0.0,19.5,0.0,9410016.22,174.0,54080.55298850575,1715010.28,16.057285341528008,3
3ff10f48-9e7b-4439-983b-8bd8647ccaad,e266e6d5cf5e4ea07387d666fbc5e4182731ac1c,4175,MS,Severe Storm,2014-04-30 00:00:00+00:00,2014-04-28 00:00:00+00:00,2014-05-03 00:00:00+00:00,DR,2024-08-27T18:22:14.800Z,2014,4,2,0.8660254037844387,-0.4999999999999998,1.2246467991473532e-16,-1.0,5.0,2.0,South,64,0,0,0,0.3,0,1,0,0,0,0,0,0,0,0,1.5,19.2,10.0,87324475.11000001,152.0,574503.1257236843,35190300.34,18.285141349326263,3
572ea941-6dcb-42f1-af7f-67d4aba9786a,96684418db9b0f72a38c2107f7d10866405abcae,4176,AL,Severe Storm,2014-05-02 00:00:00+00:00,2014-04-28 00:00:00+00:00,2014-05-05 00:00:00+00:00,DR,2025-06-18T11:42:11.544Z,2014,5,2,0.49999999999999994,-0.8660254037844387,1.2246467991473532e-16,-1.0,7.0,4.0,South,77,0,0,0,0.3,0,1,0,0,0,0,0,0,0,0,2.1,23.099999999999998,28.0,34914043.03,386.0,90450.88867875648,2097535.71,17.368399713964767,3
bf844d63-7d90-4164-b506-fcae54e064d8,50b22a0e6341bce95cd1f40bee9ffc9827dea8b4,4177,FL,Severe Storm,2014-05-06 00:00:00+00:00,2014-04-28 00:00:00+00:00,2014-05-06 00:00:00+00:00,DR,2024-08-27T18:22:14.800Z,2014,5,2,0.49999999999999994,-0.8660254037844387,1.2246467991473532e-16,-1.0,8.0,8.0,South,135,0,0,0,0.3,0,1,0,0,0,0,0,0,0,0,2.4,40.5,64.0,129239208.64,915.0,141245.03676502733,41561684.72,18.677175583457736,3
b9ee8c30-1820-450d-a186-98de0cb550fe,77c456ca40f10021510740c88756c6549b5538b1,4178,VT,Flood,2014-06-11 00:00:00+00:00,2014-04-15 00:00:00+00:00,2014-04-18 00:00:00+00:00,DR,2024-08-27T18:22:14.800Z,2014,6,2,1.2246467991473532e-16,-1.0,1.2246467991473532e-16,-1.0,3.0,57.0,Northeast,40,0,0,0,0.44999999999999996,0,0,1,0,0,0,0,0,0,0,1.3499999999999999,18.0,171.0,1824522.67,43.0,42430.75976744186,276271.16,14.41682950819186,1
c9660f97-d9f2-494d-a7ef-3e71f931579e,34541fa2a66a60e062d4bb1dca93d69e66b8e44b,4179,NE,Tornado,2014-06-17 00:00:00+00:00,2014-05-11 00:00:00+00:00,2014-05-12 00:00:00+00:00,DR,2024-08-27T18:22:14.800Z,2014,6,2,1.2246467991473532e-16,-1.0,1.2246467991473532e-16,-1.0,1.0,37.0,Midwest,56,0,0,0,0.44999999999999996,0,0,0,0,1,0,0,0,0,0,0.44999999999999996,25.199999999999996,37.0,9821343.680000002,42.0,233841.51619047622,5424648.15,16.100068603746433,0
9ed99587-d810-4cdd-9c2d-87a4c4ab5136,ca0662cfd775877c5ceb047ee53fd0e03a58775f,4180,NY,Severe Storm,2014-07-08 00:00:00+00:00,2014-05-13 00:00:00+00:00,2014-05-22 00:00:00+00:00,DR,2026-07-01T14:45:25.421Z,2014,7,3,-0.4999999999999997,-0.8660254037844388,-1.0,-1.8369701987210297e-16,9.0,56.0,Northeast,92,0,0,0,0.3,0,1,0,0,0,0,0,0,0,0,2.6999999999999997,27.599999999999998,504.0,31649907.34,576.0,54947.75579861111,3048068.33,17.270245810499713,1
79a975c2-3842-4e78-a714-9a4bf6b56cad,620fe43cfdcd66ce7928247eb1c3996304a0d906,4181,IA,Severe Storm,2014-07-14 00:00:00+00:00,2014-06-03 00:00:00+00:00,2014-06-04 00:00:00+00:00,DR,2024-08-27T18:22:14.800Z,2014,7,3,-0.4999999999999997,-0.8660254037844388,-1.0,-1.8369701987210297e-16,1.0,41.0,Midwest,56,0,0,0,0.3,0,1,0,0,0,0,0,0,0,0,0.3,16.8,41.0,5532167.98,104.0,53193.922884615386,823750.72,15.526090517214946,0
043b1c51-478f-42da-bc16-2b896e87c5a8,b97a459489fb501a7a1b860faec5502001ab0b58,4182,MN,Flood,2014-07-21 00:00:00+00:00,2014-06-11 00:00:00+00:00,2014-07-11 00:00:00+00:00,DR,2026-02-18T16:41:04.089Z,2014,7,3,-0.4999999999999997,-0.8660254037844388,-1.0,-1.8369701987210297e-16,30.0,40.0,Midwest,65,0,0,0,0.44999999999999996,0,0,1,0,0,0,0,0,0,0,13.499999999999998,29.249999999999996,1200.0,39488157.03,1042.0,37896.50386756238,2452283.68,17.491511388214473,0
a52fe3bb-a87c-4692-a8d6-fa1859d8fe8c,d73c0843b7c0d150e0a7f573c2d7acce2f0d27b3,4183,NE,Severe Storm,2014-07-24 00:00:00+00:00,2014-06-14 00:00:00+00:00,2014-06-21 00:00:00+00:00,DR,2024-08-27T18:22:14.800Z,2014,7,3,-0.4999999999999997,-0.8660254037844388,-1.0,-1.8369701987210297e-16,7.0,40.0,Midwest,57,0,0,0,0.3,0,1,0,0,0,0,0,0,0,0,2.1,17.099999999999998,280.0,12097027.26,148.0,81736.67067567568,1812614.91,16.30847038205565,0
eed592a9-ef5d-4133-abf2-22d8fca22ba6,0d204bffaaf597942271cff3d6608ccb6ab47849,4184,IA,Flood,2014-07-24 00:00:00+00:00,2014-06-14 00:00:00+00:00,2014-06-23 00:00:00+00:00,DR,2024-08-27T18:22:14.800Z,2014,7,3,-0.4999999999999997,-0.8660254037844388,-1.0,-1.8369701987210297e-16,9.0,40.0,Midwest,57,0,0,0,0.44999999999999996,0,0,1,0,0,0,0,0,0,0,4.05,25.65,360.0,17806184.12,317.0,56170.92782334385,1245084.61,16.695056433557273,0
453adc5c-891b-429f-995f-660a27ed9c04,1add2bf47b540bb990050905238865dedd156605,4185,NE,Severe Storm,2014-07-28 00:00:00+00:00,2014-06-01 00:00:00+00:00,2014-06-04 00:00:00+00:00,DR,2024-08-27T18:22:14.800Z,2014,7,3,-0.4999999999999997,-0.8660254037844388,-1.0,-1.8369701987210297e-16,3.0,57.0,Midwest,58,0,0,0,0.3,0,1,0,0,0,0,0,0,0,0,0.8999999999999999,17.4,171.0,3837595.3,48.0,79949.90208333333,1587310.61,15.16035676502527,0
b38a4880-d307-4136-8768-5708d7a952e8,3f53c77237b8f5a7e67c71aa9bf41d58320ff8bf,4186,SD,Flood,2014-07-28 00:00:00+00:00,2014-06-13 00:00:00+00:00,2014-06-20 00:00:00+00:00,DR,2024-08-27T18:22:14.800Z,2014,7,3,-0.4999999999999997,-0.8660254037844388,-1.0,-1.8369701987210297e-16,7.0,45.0,Midwest,67,0,0,0,0.44999999999999996,0,0,1,0,0,0,0,0,0,0,3.1499999999999995,30.15,315.0,11078851.36,154.0,71940.59324675324,1385939.51,16.220548656301553,0
78896856-ec32-40fb-8afb-4bd17b773088,95d694a5a78b7e2c10986cb8bc7befb155120390,4187,IA,Severe Storm,2014-08-05 00:00:00+00:00,2014-06-26 00:00:00+00:00,2014-07-07 00:00:00+00:00,DR,2024-08-27T18:22:14.800Z,2014,8,3,-0.8660254037844385,-0.5000000000000004,-1.0,-1.8369701987210297e-16,11.0,40.0,Midwest,58,0,0,0,0.3,0,1,0,0,0,0,0,0,0,0,3.3,17.4,440.0,14338940.7,332.0,43189.58042168675,970406.45,16.478489589854473,0
62fbd9fb-0bf9-4d9c-8df0-cc8c8988d579,01ce3734ef239583de5e0b147e84da24670a7130,4188,WA,Fire,2014-08-11 00:00:00+00:00,2014-07-09 00:00:00+00:00,2014-08-05 00:00:00+00:00,DR,2024-08-27T18:22:14.800Z,2014,8,3,-0.8660254037844385,-0.5000000000000004,-1.0,-1.8369701987210297e-16,27.0,33.0,West,126,0,0,0,0.3,1,0,0,0,0,0,0,0,0,0,8.1,37.8,891.0,17125256.62,92.0,186144.09369565218,4201770.3,16.65606498550306,4
8701e939-65d4-4a6f-b570-c25651417ba2,5c0a56c49a25a9f240b9b8c88a5f2ea48b097fae,4189,TN,Severe Storm,2014-08-13 00:00:00+00:00,2014-06-05 00:00:00+00:00,2014-06-10 00:00:00+00:00,DR,2024-08-27T18:22:14.800Z,2014,8,3,-0.8660254037844385,-0.5000000000000004,-1.0,-1.8369701987210297e-16,5.0,69.0,South,61,0,0,0,0.3,0,1,0,0,0,0,0,0,0,0,1.5,18.3,345.0,5444967.6,130.0,41884.36615384615,397603.81,15.510202547574076,3
c174dac3-6a70-4152-b7ec-384bf318ec79,4e77615c0b21686f51efef3642433bc37e41fdb5,4190,ND,Flood,2014-08-19 00:00:00+00:00,2014-06-25 00:00:00+00:00,2014-07-01 00:00:00+00:00,DR,2024-08-27T18:22:14.800Z,2014,8,3,-0.8660254037844385,-0.5000000000000004,-1.0,-1.8369701987210297e-16,6.0,55.0,Midwest,56,0,0,0,0.44999999999999996,0,0,1,0,0,0,0,0,0,0,2.6999999999999997,25.199999999999996,330.0,2352906.0100000002,43.0,54718.744418604656,146625.05,14.671162147166568,0
6f4c39de-e6e2-46d1-85e8-5a800338e10c,2af0e6d71002fd19fb0f9dd57afc5a2356cb040e,4191,GU,Severe Storm,2014-09-10 00:00:00+00:00,2014-07-28 00:00:00+00:00,2014-07-31 00:00:00+00:00,DR,2024-08-27T18:22:14.800Z,2014,9,3,-1.0,-1.8369701987210297e-16,-1.0,-1.8369701987210297e-16,3.0,44.0,Other,13,0,0,0,0.3,0,1,0,0,0,0,0,0,0,0,0.8999999999999999,3.9,132.0,570373.61,18.0,31687.422777777778,192020.06,13.254048634468786,2
2303a40c-2c96-4751-961a-f76fd0d7e711,8e657cef7bc953d8cd38de30c2d903721cdeb259,4192,AS,Severe Storm,2014-09-10 00:00:00+00:00,2014-07-29 00:00:00+00:00,2014-08-03 00:00:00+00:00,DR,2024-08-27T18:22:14.800Z,2014,9,3,-1.0,-1.8369701987210297e-16,-1.0,-1.8369701987210297e-16,5.0,43.0,Other,11,0,0,0,0.3,0,1,0,0,0,0,0,0,0,0,1.5,3.3,215.0,548510.68,15.0,36567.37866666667,190137.76,13.21496385291008,2
140f4da4-f31f-49dc-b0c4-e25dcff0ade9,bcc31f7cecc6b72679f6b48e8e869c24b2641e0a,4193,CA,Earthquake,2014-09-11 00:00:00+00:00,2014-08-24 00:00:00+00:00,2014-09-07 00:00:00+00:00,DR,2024-08-27T18:22:14.800Z,2014,9,3,-1.0,-1.8369701987210297e-16,-1.0,-1.8369701987210297e-16,14.0,18.0,West,232,0,0,0,0.6,0,0,0,0,0,0,0,0,0,0,8.4,139.2,252.0,26324959.88,224.0,117522.14232142856,1556633.46,17.086028129943323,4
e2abe7bc-2d98-43a9-89ed-cca1cb06a56e,9947b60e69a762593ef787c558316d9690d83ad5,4194,HI,Severe Storm,2014-09-12 00:00:00+00:00,2014-08-07 00:00:00+00:00,2014-08-09 00:00:00+00:00,DR,2024-08-27T18:22:14.800Z,2014,9,3,-1.0,-1.8369701987210297e-16,-1.0,-1.8369701987210297e-16,2.0,36.0,West,45,0,0,0,0.3,0,1,0,0,0,0,0,0,0,0,0.6,13.5,72.0,4363162.7,47.0,92833.24893617022,1517878.35,15.288707971456896,4
35b10735-5705-4a79-9495-6ea4ab10fe22,ab96c47b50b853e6660f5bf1bbf30ef235410096,4195,MI,Flood,2014-09-25 00:00:00+00:00,2014-08-11 00:00:00+00:00,2014-08-13 00:00:00+00:00,DR,2025-12-16T19:21:17.070Z,2014,9,3,-1.0,-1.8369701987210297e-16,-1.0,-1.8369701987210297e-16,2.0,45.0,Midwest,34,0,0,0,0.44999999999999996,0,0,1,0,0,0,0,0,0,0,0.8999999999999999,15.299999999999999,90.0,15216615.38,146.0,104223.39301369863,1871954.25,16.537898571621934,0
50a32880-653d-4d13-8a78-8ff2bbca31de,69acfc89c9b9f1ae138ea4cd3fb3b4fb3e871b58,4196,KY,Severe Storm,2014-09-30 00:00:00+00:00,2014-08-18 00:00:00+00:00,2014-08-23 00:00:00+00:00,DR,2024-08-27T18:22:14.800Z,2014,9,3,-1.0,-1.8369701987210297e-16,-1.0,-1.8369701987210297e-16,5.0,43.0,South,66,0,0,0,0.3,0,1,0,0,0,0,0,0,0,0,1.5,19.8,215.0,4749435.13,51.0,93126.17901960784,1060434.2,15.373536459490612,3
64a1f44d-f56c-4ce6-90d1-475ba5b65a27,f4a85e7e68515b10ab9c0b1dbb9e3894aec34500,4197,NM,Severe Storm,2014-10-06 00:00:00+00:00,2014-07-27 00:00:00+00:00,2014-08-05 00:00:00+00:00,DR,2024-08-27T18:22:14.800Z,2014,10,4,-0.8660254037844386,0.5000000000000001,-2.4492935982947064e-16,1.0,9.0,71.0,West,81,0,0,0,0.3,0,1,0,0,0,0,0,0,0,0,2.6999999999999997,24.3,639.0,6005686.07,44.0,136492.86522727273,1396877.3,15.608217423270906,4
b5f40ad4-aa79-4988-a1b3-c4d304983da6,1e262048f50fd858d40a8822620bd4b1ccad7871,4198,MT,Severe Storm,2014-10-09 00:00:00+00:00,2014-08-21 00:00:00+00:00,2014-08-25 00:00:00+00:00,DR,2024-08-27T18:22:14.800Z,2014,10,4,-0.8660254037844386,0.5000000000000001,-2.4492935982947064e-16,1.0,4.0,49.0,West,67,0,0,0,0.3,0,1,0,0,0,0,0,0,0,0,1.2,20.099999999999998,196.0,1609009.6099999999,34.0,47323.812058823525,319874.99,14.291130020110641,4
df7e5a70-ecee-4b72-a510-79cf24127cb9,9fd39c8d0162e04de4e422c3a54761b403a5cc0e,4199,NM,Severe Storm,2014-10-29 00:00:00+00:00,2014-09-15 00:00:00+00:00,2014-09-26 00:00:00+00:00,DR,2024-08-27T18:22:14.800Z,2014,10,4,-0.8660254037844386,0.5000000000000001,-2.4492935982947064e-16,1.0,11.0,44.0,West,82,0,0,0,0.3,0,1,0,0,0,0,0,0,0,0,3.3,24.599999999999998,484.0,62583747.54,52.0,1203533.6065384615,23297565.5,17.95201619437912,4
20f33ec1-e391-4d2f-a2a2-c645177c63f2,76c5b98c394a1d2de373c2bc18b33432b5820d4a,4200,MO,Severe Storm,2014-10-31 00:00:00+00:00,2014-09-09 00:00:00+00:00,2014-09-10 00:00:00+00:00,DR,2024-08-27T18:22:14.800Z,2014,10,4,-0.8660254037844386,0.5000000000000001,-2.4492935982947064e-16,1.0,1.0,52.0,Midwest,64,0,0,0,0.3,0,1,0,0,0,0,0,0,0,0,0.3,19.2,52.0,5668467.76,184.0,30806.89,255615.11,15.55042957926645,0
b0eafb1d-15dd-4d5f-a946-63f62439a670,31e43e0ba3efde5011e4143cffd1ed0f58219ed7,4201,HI,Volcanic Eruption,2014-11-03 00:00:00+00:00,2014-09-04 00:00:00+00:00,2015-03-25 00:00:00+00:00,DR,2024-08-27T18:22:14.800Z,2014,11,4,-0.5000000000000004,0.8660254037844384,-2.4492935982947064e-16,1.0,202.0,60.0,West,46,0,0,0,0.0,0,0,0,0,0,0,0,0,0,0,0.0,0.0,12120.0,11180461.69,20.0,559023.0845,3302672.94,16.22967841034471,4
10378117-b310-4a81-967f-66c85aa0c5e4,a2133e69a5786ddf66ea07b399efd16102e5a623,4202,NV,Flood,2014-11-05 00:00:00+00:00,2014-09-07 00:00:00+00:00,2014-09-09 00:00:00+00:00,DR,2024-08-27T18:22:14.800Z,2014,11,4,-0.5000000000000004,0.8660254037844384,-2.4492935982947064e-16,1.0,2.0,59.0,West,75,0,0,0,0.44999999999999996,0,0,1,0,0,0,0,0,0,0,0.8999999999999999,33.75,118.0,316269.06,6.0,52711.51,78011.13,12.664351747842257,4
f4ced368-698f-4876-abcd-3c2600a1dbe3,2df83b47ca758ef3ceb1af96b779024c77bddfdb,4203,AZ,Flood,2014-11-05 00:00:00+00:00,2014-09-07 00:00:00+00:00,2014-09-09 00:00:00+00:00,DR,2024-08-27T18:22:14.800Z,2014,11,4,-0.5000000000000004,0.8660254037844384,-2.4492935982947064e-16,1.0,2.0,59.0,West,75,0,0,0,0.44999999999999996,0,0,1,0,0,0,0,0,0,0,0.8999999999999999,33.75,118.0,5206761.6,96.0,54237.1,704361.99,15.465468838633996,4
4093bd8c-147e-4f1d-9375-a33502bd57e4,68d86df572d5a5b3d10ec8962ca2bde7be46ba05,4204,NY,Snowstorm,2014-12-22 00:00:00+00:00,2014-11-17 00:00:00+00:00,2014-11-26 00:00:00+00:00,DR,2024-08-27T18:22:14.800Z,2014,12,4,-2.4492935982947064e-16,1.0,-2.4492935982947064e-16,1.0,9.0,35.0,Northeast,93,0,0,0,0.15,0,0,0,0,0,1,0,0,0,0,1.3499999999999999,13.95,315.0,31549943.74,372.0,84811.6767204301,813695.08,17.267082395444415,1
5b1d75fb-500f-4549-b1c7-371b4e074ae2,8e660a252e4fddec23c23d6a427845f9fc5cd417,4205,MS,Tornado,2015-01-07 00:00:00+00:00,2014-12-23 00:00:00+00:00,2014-12-23 00:00:00+00:00,DR,2024-08-27T18:22:14.800Z,2015,1,1,0.49999999999999994,0.8660254037844387,1.0,6.123233995736766e-17,0.0,15.0,South,65,0,0,0,0.44999999999999996,0,0,0,0,1,0,0,0,0,0,0.0,29.249999999999996,0.0,2985308.1599999997,22.0,135695.82545454544,1060117.65,14.909213870634995,3
1f43ede7-a241-4205-b8c5-706e50810eca,46abc0e810ad407aee9a2cd7b4f2cee4e4f28d68,4206,CA,Flood,2015-01-27 00:00:00+00:00,2014-12-04 00:00:00+00:00,2014-12-06 00:00:00+00:00,DR,2024-08-27T18:22:14.800Z,2015,1,1,0.49999999999999994,0.8660254037844387,1.0,6.123233995736766e-17,2.0,54.0,West,237,0,0,0,0.44999999999999996,0,0,1,0,0,0,0,0,0,0,0.8999999999999999,106.64999999999999,108.0,924687.91,28.0,33024.56821428572,325641.84,13.737212646414976,4
6d7245d2-beb8-45d1-83ac-439d4291453f,4748b5ba965e1ccdfed1642a0ee2e2b5cbf0ce94,4207,VT,Severe Storm,2015-02-03 00:00:00+00:00,2014-12-09 00:00:00+00:00,2014-12-12 00:00:00+00:00,DR,2024-08-27T18:22:14.800Z,2015,2,1,0.8660254037844386,0.5000000000000001,1.0,6.123233995736766e-17,3.0,56.0,Northeast,41,0,0,0,0.3,0,1,0,0,0,0,0,0,0,0,0.8999999999999999,12.299999999999999,168.0,3949092.7800000003,62.0,63695.044838709684,1904841.09,15.188996687771061,1
6f1535c5-3577-431c-8215-5ee236b20dca,6333021bde768302fd4ae9e538c85e96ab733354,4208,ME,Snowstorm,2015-03-12 00:00:00+00:00,2015-01-26 00:00:00+00:00,2015-01-28 00:00:00+00:00,DR,2024-08-27T18:22:14.800Z,2015,3,1,1.0,6.123233995736766e-17,1.0,6.123233995736766e-17,2.0,45.0,Northeast,56,0,0,0,0.15,0,0,0,0,0,1,0,0,0,0,0.3,8.4,90.0,2643562.21,99.0,26702.648585858584,229044.38,14.787638265852758,1
c99d44db-33f5-485b-be35-ec3206766809,2829bb599ab5e8286da25d49f45211574df21201,4209,NH,Severe Storm,2015-03-25 00:00:00+00:00,2015-01-26 00:00:00+00:00,2015-01-28 00:00:00+00:00,DR,2024-08-27T18:22:14.800Z,2015,3,1,1.0,6.123233995736766e-17,1.0,6.123233995736766e-17,2.0,58.0,Northeast,45,0,0,0,0.3,0,1,0,0,0,0,0,0,0,0,0.6,13.5,116.0,4917407.03,164.0,29984.189207317075,636094.51,15.408292126477674,1
a973c30c-55b6-4573-9724-07178c260c28,6fc10cd33083ae21b0314ecea51f758aea442400,4210,WV,Severe Storm,2015-03-31 00:00:00+00:00,2015-03-03 00:00:00+00:00,2015-03-14 00:00:00+00:00,DR,2024-08-27T18:22:14.800Z,2015,3,1,1.0,6.123233995736766e-17,1.0,6.123233995736766e-17,11.0,28.0,South,61,0,0,0,0.3,0,1,0,0,0,0,0,0,0,0,3.3,18.3,308.0,29974123.15,524.0,57202.52509541984,3191183.12,17.215845039101502,3
423e2acd-a70e-4d7a-9be0-54b9e5a449dc,ec6c2e86d8e25e6f4fb9cea0fa812cecd9f769a3,4211,TN,Severe Ice Storm,2015-04-02 00:00:00+00:00,2015-02-15 00:00:00+00:00,2015-02-22 00:00:00+00:00,DR,2024-08-27T18:22:14.800Z,2015,4,2,0.8660254037844387,-0.4999999999999998,1.2246467991473532e-16,-1.0,7.0,46.0,South,62,0,0,0,0.3,0,0,0,0,0,0,0,1,0,0,2.1,18.599999999999998,322.0,34509703.44,253.0,136401.98988142292,6239830.87,17.356751130563445,3
0c3935a0-27e5-4ffe-91a1-b8a23dbfda3c,b7a700ca3cd6be55ca388914636e76e2d3a31a28,4212,RI,Severe Storm,2015-04-03 00:00:00+00:00,2015-01-26 00:00:00+00:00,2015-01-28 00:00:00+00:00,DR,2024-08-27T18:22:14.800Z,2015,4,2,0.8660254037844387,-0.4999999999999998,1.2246467991473532e-16,-1.0,2.0,67.0,Northeast,21,0,0,0,0.3,0,1,0,0,0,0,0,0,0,0,0.6,6.3,134.0,8736490.43,145.0,60251.65813793103,2379951.61,15.983019228818724,1
a537e8c0-b5ff-4e1b-9a70-8bde0913ce37,7ce75a98a574afc8a972694008106541c3a5b4dc,4213,CT,Severe Storm,2015-04-08 00:00:00+00:00,2015-01-26 00:00:00+00:00,2015-01-28 00:00:00+00:00,DR,2024-08-27T18:22:14.800Z,2015,4,2,0.8660254037844387,-0.4999999999999998,1.2246467991473532e-16,-1.0,2.0,72.0,Northeast,30,0,0,0,0.3,0,1,0,0,0,0,0,0,0,0,0.6,9.0,144.0,9503317.82,187.0,50819.881390374336,660125.24,16.067151645036134,1
9d1ea430-3772-407b-841e-9c40c00fbb95,a4caa82d92a00b93411c2d80014bf1610e8ea21b,4214,MA,Severe Storm,2015-04-13 00:00:00+00:00,2015-01-26 00:00:00+00:00,2015-01-28 00:00:00+00:00,DR,2024-08-27T18:22:14.800Z,2015,4,2,0.8660254037844387,-0.4999999999999998,1.2246467991473532e-16,-1.0,2.0,77.0,Northeast,47,0,0,0,0.3,0,1,0,0,0,0,0,0,0,0,0.6,14.1,154.0,86829160.52,1178.0,73708.96478777588,4080316.49,18.279453085419892,1
13cc4f02-bcdb-4ba9-a110-6c4f688fb048,60322264f632d3ff1144ccebb1645ce048918b4b,4215,GA,Severe Ice Storm,2015-04-20 00:00:00+00:00,2015-02-15 00:00:00+00:00,2015-02-17 00:00:00+00:00,DR,2026-07-20T21:43:12.371Z,2015,4,2,0.8660254037844387,-0.4999999999999998,1.2246467991473532e-16,-1.0,2.0,64.0,South,55,0,0,0,0.3,0,0,0,0,0,0,0,1,0,0,0.6,16.5,128.0,10843502.790000001,100.0,108435.02790000002,2419287.67,16.19907672960868,3
39df4a01-09e7-474f-b64f-665bab5d9410,020abf443760991ead0239b6eb78661acf7b4053,4216,KY,Snowstorm,2015-04-30 00:00:00+00:00,2015-02-15 00:00:00+00:00,2015-02-22 00:00:00+00:00,DR,2026-07-20T21:43:12.371Z,2015,4,2,0.8660254037844387,-0.4999999999999998,1.2246467991473532e-16,-1.0,7.0,74.0,South,67,0,0,0,0.15,0,0,0,0,0,1,0,0,0,0,1.05,10.049999999999999,518.0,4314738.44,233.0,18518.190729613736,259741.73,15.277547495971916,3
7aa8b6b7-6aff-41a8-8349-4ec2c6b36a8e,b178b65c74923ba23b517b34f608c0b8171b415e,4217,KY,Flood,2015-05-01 00:00:00+00:00,2015-04-02 00:00:00+00:00,2015-04-17 00:00:00+00:00,DR,2024-08-27T18:22:14.800Z,2015,5,2,0.49999999999999994,-0.8660254037844387,1.2246467991473532e-16,-1.0,15.0,29.0,South,68,0,0,0,0.44999999999999996,0,0,1,0,0,0,0,0,0,0,6.749999999999999,30.599999999999998,435.0,11037836.74,260.0,42453.218230769235,415014.45,16.216839722746702,3
2c8623f8-6d47-428c-beff-ce09ab6ed411,f9056f9921faf31ea68a78983691e463d0444611,4218,KY,Flood,2015-05-12 00:00:00+00:00,2015-03-03 00:00:00+00:00,2015-03-09 00:00:00+00:00,DR,2024-08-27T18:22:14.800Z,2015,5,2,0.49999999999999994,-0.8660254037844387,1.2246467991473532e-16,-1.0,6.0,70.0,South,69,0,0,0,0.44999999999999996,0,0,1,0,0,0,0,0,0,0,2.6999999999999997,31.049999999999997,420.0,18686958.9,404.0,46254.848762376234,487895.07,16.743336507025276,3
07ed0ebe-6502-4d25-b642-1acce5392ab0,cfee827566847c3b77763040c5a419ea4f43af34,4219,WV,Severe Storm,2015-05-14 00:00:00+00:00,2015-04-03 00:00:00+00:00,2015-04-05 00:00:00+00:00,DR,2024-08-27T18:22:14.800Z,2015,5,2,0.49999999999999994,-0.8660254037844387,1.2246467991473532e-16,-1.0,2.0,41.0,South,62,0,0,0,0.3,0,1,0,0,0,0,0,0,0,0,0.6,18.599999999999998,82.0,7415157.76,289.0,25657.985328719722,285519.56,15.819036943979045,3
759b8d04-a82d-4f51-b005-56c17ffed5db,a14eb6ef7957f0e2d45f3b35a9ef7e6903130e16,4220,WV,Flood,2015-05-18 00:00:00+00:00,2015-04-08 00:00:00+00:00,2015-04-11 00:00:00+00:00,DR,2024-08-27T18:22:14.800Z,2015,5,2,0.49999999999999994,-0.8660254037844387,1.2246467991473532e-16,-1.0,3.0,40.0,South,63,0,0,0,0.44999999999999996,0,0,1,0,0,0,0,0,0,0,1.3499999999999999,28.349999999999998,120.0,6320816.79,92.0,68704.53032608696,286930.15,15.65935915490385,3
62c94e0a-65e4-4566-9c3b-5e4bf2e43705,6455899af74b1b00049f86df7c62182bfc38b517,4221,WV,Flood,2015-05-21 00:00:00+00:00,2015-04-13 00:00:00+00:00,2015-04-15 00:00:00+00:00,DR,2024-08-27T18:22:14.800Z,2015,5,2,0.49999999999999994,-0.8660254037844387,1.2246467991473532e-16,-1.0,2.0,38.0,South,64,0,0,0,0.44999999999999996,0,0,1,0,0,0,0,0,0,0,0.8999999999999999,28.799999999999997,76.0,5885189.5,78.0,75451.14743589744,287944.54,15.587949668585908,3
3fdde6ee-88dc-4934-bdff-88dbcf78f4ba,de7e1e78f50baf2ddb2254a38ef4296cae5b725c,4222,OK,Severe Storm,2015-05-26 00:00:00+00:00,2015-05-05 00:00:00+00:00,2015-06-22 00:00:00+00:00,DR,2025-02-25T16:22:05.555Z,2015,5,2,0.49999999999999994,-0.8660254037844387,1.2246467991473532e-16,-1.0,48.0,21.0,South,171,0,0,0,0.3,0,1,0,0,0,0,0,0,0,0,14.399999999999999,51.3,1008.0,64240911.93,1470.0,43701.30063265306,2153618.89,17.978150838740905,3
3f32b7a2-d860-41f8-8dd6-c8a24d2b1221,99925df8713a6b090f24cbbb2df4914c30763546,4223,TX,Severe Storm,2015-05-29 00:00:00+00:00,2015-05-04 00:00:00+00:00,2015-06-22 00:00:00+00:00,DR,2024-08-27T18:22:14.800Z,2015,5,2,0.49999999999999994,-0.8660254037844387,1.2246467991473532e-16,-1.0,49.0,25.0,South,336,0,0,0,0.3,0,1,0,0,0,0,0,0,0,0,14.7,100.8,1225.0,156418387.15,2091.0,74805.54143950263,5528783.0,18.86804495045608,3
87ee0a06-6dea-46ea-bfdb-8f5486f08c2b,c02ffa417205dacd32a0e86b4d16d231a17a8041,4224,GU,Typhoon,2015-06-05 00:00:00+00:00,2015-05-13 00:00:00+00:00,2015-05-16 00:00:00+00:00,DR,2024-08-27T18:22:14.800Z,2015,6,2,1.2246467991473532e-16,-1.0,1.2246467991473532e-16,-1.0,3.0,23.0,Other,14,0,0,0,0.6,0,0,0,0,0,0,0,0,1,0,1.7999999999999998,8.4,69.0,3751531.77,42.0,89322.185,1181440.67,15.137675053102367,2
b3ddffa5-ca22-4a1d-8999-e54f5137a07b,07e543ef133fe4ef3f81ae9ce569c2d2c3d9be4b,4225,NE,Severe Storm,2015-06-25 00:00:00+00:00,2015-05-06 00:00:00+00:00,2015-06-17 00:00:00+00:00,DR,2025-06-16T13:01:56.648Z,2015,6,2,1.2246467991473532e-16,-1.0,1.2246467991473532e-16,-1.0,42.0,50.0,Midwest,59,0,0,0,0.3,0,1,0,0,0,0,0,0,0,0,12.6,17.7,2100.0,16081740.66,271.0,59342.21645756457,2584842.63,16.593195128038808,0
ca9f6860-9498-4607-835c-84bece29aa2e,565630bb9454fb3429f9e846688b10ac22a91b96,4226,AR,Severe Storm,2015-06-26 00:00:00+00:00,2015-05-07 00:00:00+00:00,2015-06-15 00:00:00+00:00,DR,2024-08-27T18:22:14.800Z,2015,6,2,1.2246467991473532e-16,-1.0,1.2246467991473532e-16,-1.0,39.0,50.0,South,66,0,0,0,0.3,0,1,0,0,0,0,0,0,0,0,11.7,19.8,1950.0,11190670.99,131.0,85424.96938931297,977798.02,16.230591131210662,3
226ffe69-16fb-4808-a738-fed667d4efcc,1664b74c6601fc5c101426ebd30e56e709dfa1c1,4227,WY,Flood,2015-07-07 00:00:00+00:00,2015-05-24 00:00:00+00:00,2015-06-06 00:00:00+00:00,DR,2024-08-27T18:22:14.800Z,2015,7,3,-0.4999999999999997,-0.8660254037844388,-1.0,-1.8369701987210297e-16,13.0,44.0,West,26,0,0,0,0.44999999999999996,0,0,1,0,0,0,0,0,0,0,5.85,11.7,572.0,2498189.73,42.0,59480.70785714286,665471.88,14.731077319835379,4
7249174a-f54c-4dd9-b86b-a867d600bce4,32f077087a97ec31192548c649bfaae0ec51fff5,4228,LA,Flood,2015-07-13 00:00:00+00:00,2015-05-18 00:00:00+00:00,2015-06-20 00:00:00+00:00,DR,2026-06-24T15:01:15.684Z,2015,7,3,-0.4999999999999997,-0.8660254037844388,-1.0,-1.8369701987210297e-16,33.0,56.0,South,71,0,0,0,0.44999999999999996,0,0,1,0,0,0,0,0,0,0,14.849999999999998,31.949999999999996,1848.0,10855649.51,80.0,135695.618875,4975778.88,16.200196286721443,3
de20f309-e539-4e57-a643-78b29d9e1c86,474b580cbae76d5eb1bae9de5310089624fe1c6c,4229,CO,Flood,2015-07-16 00:00:00+00:00,2015-05-04 00:00:00+00:00,2015-06-16 00:00:00+00:00,DR,2026-05-19T14:01:34.158Z,2015,7,3,-0.4999999999999997,-0.8660254037844388,-1.0,-1.8369701987210297e-16,43.0,73.0,West,84,0,0,0,0.44999999999999996,0,0,1,0,0,0,0,0,0,0,19.349999999999998,37.8,3139.0,24723138.43,183.0,135099.11710382515,4756529.04,17.023250182085466,4
24e3abed-34eb-48a9-8e75-69e08177aa7d,726bb0e263783e301aeefbf95058913545d33818,4230,KS,Severe Storm,2015-07-20 00:00:00+00:00,2015-05-04 00:00:00+00:00,2015-06-21 00:00:00+00:00,DR,2024-08-27T18:22:14.800Z,2015,7,3,-0.4999999999999997,-0.8660254037844388,-1.0,-1.8369701987210297e-16,48.0,77.0,Midwest,56,0,0,0,0.3,0,1,0,0,0,0,0,0,0,0,14.399999999999999,16.8,3696.0,10965009.42,370.0,29635.160594594596,355577.66,16.210219890130073,0
01b29b78-6d50-428f-8dcd-f88d187c3e66,542fb7555447199d19caa7af6c7485118a906397,4231,NJ,Severe Storm,2015-07-22 00:00:00+00:00,2015-06-23 00:00:00+00:00,2015-06-23 00:00:00+00:00,DR,2024-08-27T18:22:14.800Z,2015,7,3,-0.4999999999999997,-0.8660254037844388,-1.0,-1.8369701987210297e-16,0.0,29.0,Northeast,48,0,0,0,0.3,0,1,0,0,0,0,0,0,0,0,0.0,14.399999999999999,0.0,12466494.51,333.0,37436.92045045045,961430.49,16.33855524447802,1
1c4abbf4-43ac-40fe-8db4-d5d0cbd97e3b,e8f9b44f3fd43bad6fad172b0ded1a695bd56a48,4232,VT,Severe Storm,2015-07-29 00:00:00+00:00,2015-06-09 00:00:00+00:00,2015-06-09 00:00:00+00:00,DR,2024-08-27T18:22:14.800Z,2015,7,3,-0.4999999999999997,-0.8660254037844388,-1.0,-1.8369701987210297e-16,0.0,50.0,Northeast,42,0,0,0,0.3,0,1,0,0,0,0,0,0,0,0,0.0,12.6,0.0,1326573.48,24.0,55273.895,450595.3,14.098110598740961,1
ce874c97-2a05-415d-8e5f-1e9c35b686a1,8b7968c730488c5fd1fb727cdb9e1fccc2c4a6c6,4233,SD,Severe Storm,2015-07-30 00:00:00+00:00,2015-06-17 00:00:00+00:00,2015-06-24 00:00:00+00:00,DR,2024-08-27T18:22:14.800Z,2015,7,3,-0.4999999999999997,-0.8660254037844388,-1.0,-1.8369701987210297e-16,7.0,43.0,Midwest,68,0,0,0,0.3,0,1,0,0,0,0,0,0,0,0,2.1,20.4,301.0,3078434.15,64.0,48100.53359375,459859.39,14.939931957657567,0
8c0906cc-555f-4187-9e8a-a62b334da8c5,de2a6d53fdb1cf5f6c3af0d1669f036b56331f0d,4234,IA,Severe Storm,2015-07-31 00:00:00+00:00,2015-06-20 00:00:00+00:00,2015-06-25 00:00:00+00:00,DR,2024-08-27T18:22:14.800Z,2015,7,3,-0.4999999999999997,-0.8660254037844388,-1.0,-1.8369701987210297e-16,5.0,41.0,Midwest,59,0,0,0,0.3,0,1,0,0,0,0,0,0,0,0,1.5,17.7,205.0,7084653.32,120.0,59038.77766666667,569827.6,15.773441639514369,0
d83daa9d-c8b1-491e-b7c2-a487a7eadf23,16291118f32199bfecfcff88ac53dd7e85f94893,4235,MP,Typhoon,2015-08-05 00:00:00+00:00,2015-08-01 00:00:00+00:00,2015-08-03 00:00:00+00:00,DR,2024-08-27T18:22:14.800Z,2015,8,3,-0.8660254037844385,-0.5000000000000004,-1.0,-1.8369701987210297e-16,2.0,4.0,Other,14,0,0,0,0.6,0,0,0,0,0,0,0,0,1,0,1.2,8.4,8.0,35021324.529999994,83.0,421943.6690361445,17672402.65,17.37146773476243,2
cf022b8d-9a0c-420e-bc61-773c14e1645a,506aa41ba0acb98da006e11b967040d627592759,4236,WV,Severe Storm,2015-08-07 00:00:00+00:00,2015-07-10 00:00:00+00:00,2015-07-14 00:00:00+00:00,DR,2024-08-27T18:22:14.800Z,2015,8,3,-0.8660254037844385,-0.5000000000000004,-1.0,-1.8369701987210297e-16,4.0,28.0,South,65,0,0,0,0.3,0,1,0,0,0,0,0,0,0,0,1.2,19.5,112.0,7743787.17,215.0,36017.614744186045,776903.47,15.862401553483842,3
4d15d9e3-37ea-4ec4-9f29-075143a3df04,faf4029cb27e5e6baa193e64ae30bf247a2d94a3,4238,MO,Severe Storm,2015-08-07 00:00:00+00:00,2015-05-15 00:00:00+00:00,2015-07-27 00:00:00+00:00,DR,2024-08-27T18:22:14.800Z,2015,8,3,-0.8660254037844385,-0.5000000000000004,-1.0,-1.8369701987210297e-16,73.0,84.0,Midwest,65,0,0,0,0.3,0,1,0,0,0,0,0,0,0,0,21.9,19.5,6132.0,50780811.67,1136.0,44701.41872359155,3285306.96,17.74302913785438,0
ddc8e506-5910-4805-a8a3-1de037312016,f2e8a5c134614fbcd833bcef813ab8b1a32905d2,4239,KY,Severe Storm,2015-08-12 00:00:00+00:00,2015-07-11 00:00:00+00:00,2015-07-20 00:00:00+00:00,DR,2024-08-27T18:22:14.800Z,2015,8,3,-0.8660254037844385,-0.5000000000000004,-1.0,-1.8369701987210297e-16,9.0,32.0,South,70,0,0,0,0.3,0,1,0,0,0,0,0,0,0,0,2.6999999999999997,21.0,288.0,9527354.28,249.0,38262.466987951804,378091.39,16.069677721900803,3
e59523fe-72f5-4784-8935-eee8cffc765f,5b4c899b527a9ce6142e1242982a50c098dd89d5,4240,CA,Fire,2015-09-22 00:00:00+00:00,2015-09-09 00:00:00+00:00,2015-10-30 00:00:00+00:00,DR,2024-08-27T18:22:14.800Z,2015,9,3,-1.0,-1.8369701987210297e-16,-1.0,-1.8369701987210297e-16,51.0,13.0,West,243,0,0,0,0.3,1,0,0,0,0,0,0,0,0,0,15.299999999999999,72.89999999999999,663.0,221769801.05,91.0,2437030.780769231,65103459.92,19.21715047415239,4
203e2c61-4b34-4584-8f80-e8d6a9d91ced,4e4d5803580501e42ce06841352d2ebab7f86aa3,4241,SC,Flood,2015-10-05 00:00:00+00:00,2015-10-01 00:00:00+00:00,2015-10-23 00:00:00+00:00,DR,2024-08-27T18:22:14.800Z,2015,10,4,-0.8660254037844386,0.5000000000000001,-2.4492935982947064e-16,1.0,22.0,4.0,South,24,0,0,0,0.44999999999999996,0,0,1,0,0,0,0,0,0,0,9.899999999999999,10.799999999999999,88.0,125928352.51,1055.0,119363.36730805688,8649246.0,18.65122368025191,3
aa3d947b-ae61-433a-b5aa-3fa7fa756816,198c01d9b5577157eb62593a745b62c4c2aac82f,4242,WA,Severe Storm,2015-10-15 00:00:00+00:00,2015-08-29 00:00:00+00:00,2015-08-29 00:00:00+00:00,DR,2024-09-24T13:41:31.085Z,2015,10,4,-0.8660254037844386,0.5000000000000001,-2.4492935982947064e-16,1.0,0.0,47.0,West,140,0,0,0,0.3,0,1,0,0,0,0,0,0,0,0,0.0,42.0,0.0,6172025.65,65.0,94954.24076923078,4158915.81,15.635537810343099,4
09de8c69-3abd-45ea-8a55-6617b3c17e7e,0dde11ef01fedc8ba39eba05640fda79434b5ff5,4243,WA,Fire,2015-10-20 00:00:00+00:00,2015-08-09 00:00:00+00:00,2015-09-10 00:00:00+00:00,DR,2024-08-27T18:22:14.800Z,2015,10,4,-0.8660254037844386,0.5000000000000001,-2.4492935982947064e-16,1.0,32.0,72.0,West,141,0,0,0,0.3,1,0,0,0,0,0,0,0,0,0,9.6,42.3,2304.0,39411849.21,107.0,368335.0393457944,23833386.13,17.48957709579818,4
61d3637e-0e97-4891-bec8-f420755c2a3f,493110847873922a32d9261eaeaeb2cca7f06a20,4244,AK,Coastal Storm,2015-10-30 00:00:00+00:00,2015-08-27 00:00:00+00:00,2015-08-27 00:00:00+00:00,DR,2024-08-27T18:22:14.800Z,2015,10,4,-0.8660254037844386,0.5000000000000001,-2.4492935982947064e-16,1.0,0.0,64.0,West,59,0,0,0,0.3,0,0,0,0,0,0,0,0,0,0,0.0,17.7,0.0,1750700.92,8.0,218837.615,1079000.44,14.375527362624597,4
5b64cd7a-de55-428b-a358-ab4932ca83b8,dcbc53f31ffff4fb8fd81d9286c55e52913a32be,4245,TX,Severe Storm,2015-11-25 00:00:00+00:00,2015-10-22 00:00:00+00:00,2015-10-31 00:00:00+00:00,DR,2024-08-27T18:22:14.800Z,2015,11,4,-0.5000000000000004,0.8660254037844384,-2.4492935982947064e-16,1.0,9.0,34.0,South,338,0,0,0,0.3,0,1,0,0,0,0,0,0,0,0,2.6999999999999997,101.39999999999999,306.0,42026629.46,410.0,102503.97429268293,8455696.94,17.553814033888866,3
b0a3fabe-c698-48bd-b1ca-1634eaed3caf,0e3d235b495bafc974cade0e028ea27dfb395498,4246,ID,Severe Storm,2015-12-23 00:00:00+00:00,2015-11-17 00:00:00+00:00,2015-11-17 00:00:00+00:00,DR,2024-08-27T18:22:14.800Z,2015,12,4,-2.4492935982947064e-16,1.0,-2.4492935982947064e-16,1.0,0.0,36.0,West,39,0,0,0,0.3,0,1,0,0,0,0,0,0,0,0,0.0,11.7,0.0,2486685.0900000003,25.0,99467.40360000002,1402891.99,14.726461494473286,4
c05b8757-06be-4dfe-ba40-f13f85253d49,cabf50db3f63580b30e8fae65fc264b652ff4f3f,4247,OK,Severe Ice Storm,2015-12-29 00:00:00+00:00,2015-11-27 00:00:00+00:00,2015-11-29 00:00:00+00:00,DR,2024-08-27T18:22:14.800Z,2015,12,4,-2.4492935982947064e-16,1.0,-2.4492935982947064e-16,1.0,2.0,32.0,South,173,0,0,0,0.3,0,0,0,0,0,0,0,1,0,0,0.6,51.9,64.0,29394929.36,136.0,216139.18647058823,6709021.15,17.196332780705294,3
0f81b1cf-ab8b-42a7-be45-e3402bff0a46,a37afbd95c78b20b42407638ec3c8538ef065a55,4248,MS,Severe Storm,2016-01-04 00:00:00+00:00,2015-12-23 00:00:00+00:00,2015-12-28 00:00:00+00:00,DR,2024-08-27T18:22:14.800Z,2016,1,1,0.49999999999999994,0.8660254037844387,1.0,6.123233995736766e-17,5.0,12.0,South,66,0,0,0,0.3,0,1,0,0,0,0,0,0,0,0,1.5,19.8,60.0,5699153.76,99.0,57567.209696969694,1005179.31,15.555828434089769,3
8ce3fc41-0253-453e-bed3-5a989b8ba858,2262f11aab8cd3b462f93010da8e890b9e9779e3,4249,WA,Severe Storm,2016-01-15 00:00:00+00:00,2015-11-12 00:00:00+00:00,2015-11-21 00:00:00+00:00,DR,2024-08-27T18:22:14.800Z,2016,1,1,0.49999999999999994,0.8660254037844387,1.0,6.123233995736766e-17,9.0,64.0,West,142,0,0,0,0.3,0,1,0,0,0,0,0,0,0,0,2.6999999999999997,42.6,576.0,25047302.009999998,152.0,164784.88164473683,4873126.75,17.036276715427476,4
c9126bf0-a504-4cd3-8dff-9f98224f033b,0b01a02559257889f810ea8b4c9692748765651e,4250,MO,Flood,2016-01-21 00:00:00+00:00,2015-12-23 00:00:00+00:00,2016-01-09 00:00:00+00:00,DR,2024-08-27T18:22:14.800Z,2016,1,1,0.49999999999999994,0.8660254037844387,1.0,6.123233995736766e-17,17.0,29.0,Midwest,67,0,0,0,0.44999999999999996,0,0,1,0,0,0,0,0,0,0,7.6499999999999995,30.15,493.0,32747311.6,609.0,53772.26863711002,1732768.98,17.304331458663324,0
e49aeebd-566f-425c-9913-f89641f2dbbd,dc58d62d24466e5add6d695b937f3d2f83624554,4251,AL,Severe Storm,2016-01-21 00:00:00+00:00,2015-12-23 00:00:00+00:00,2015-12-31 00:00:00+00:00,DR,2025-03-27T12:21:46.559Z,2016,1,1,0.49999999999999994,0.8660254037844387,1.0,6.123233995736766e-17,8.0,29.0,South,78,0,0,0,0.3,0,1,0,0,0,0,0,0,0,0,2.4,23.4,232.0,36201886.24,693.0,52239.374083694085,1739135.15,17.404621809138742,3
343ed311-7832-4941-857c-bc6b5f3a37bd,da5e6b1e6f863485894f6813af6eca605f072f26,4252,ID,Severe Storm,2016-02-01 00:00:00+00:00,2015-12-16 00:00:00+00:00,2015-12-27 00:00:00+00:00,DR,2024-08-27T18:22:14.800Z,2016,2,1,0.8660254037844386,0.5000000000000001,1.0,6.123233995736766e-17,11.0,47.0,West,40,0,0,0,0.3,0,1,0,0,0,0,0,0,0,0,3.3,12.0,517.0,18305095.509999998,11.0,1664099.5918181816,16954759.65,16.72269007685254,4
b7a92cb6-0772-4181-9a98-ef1ec2d17804,9fa69453554df9cefe5a774132aa59742906b24f,4253,WA,Flood,2016-02-02 00:00:00+00:00,2015-12-01 00:00:00+00:00,2015-12-14 00:00:00+00:00,DR,2024-08-27T18:22:14.800Z,2016,2,1,0.8660254037844386,0.5000000000000001,1.0,6.123233995736766e-17,13.0,63.0,West,143,0,0,0,0.44999999999999996,0,0,1,0,0,0,0,0,0,0,5.85,64.35,819.0,11273092.74,123.0,91651.16048780488,952597.85,16.237929359436077,4
6408d85a-fcfe-4fe1-b970-a6267b7a7468,37d14a675094790bd7638614381a3e3e0213b4d4,3376,LA,Flood,2016-02-05 00:00:00+00:00,2015-12-28 00:00:00+00:00,2016-02-01 00:00:00+00:00,EM,2024-08-27T18:22:14.800Z,2016,2,1,0.8660254037844386,0.5000000000000001,1.0,6.123233995736766e-17,35.0,39.0,South,72,0,0,0,0.44999999999999996,0,0,1,0,0,0,0,0,0,0,15.749999999999998,32.4,1365.0,6999940.029999999,19.0,368417.89631578943,5048906.02,15.76141228269839,3
c0dbc432-58e1-4232-a38f-1ca45d72a7bf,044cee1f6dc720d5727e164324f5cd887a6b3e58,4254,AR,Severe Storm,2016-02-05 00:00:00+00:00,2015-12-26 00:00:00+00:00,2016-01-22 00:00:00+00:00,DR,2024-08-27T18:22:14.800Z,2016,2,1,0.8660254037844386,0.5000000000000001,1.0,6.123233995736766e-17,27.0,41.0,South,67,0,0,0,0.3,0,1,0,0,0,0,0,0,0,0,8.1,20.099999999999998,1107.0,11363427.87,356.0,31919.741207865165,830883.44,16.2459107628615,3
d7da7f5a-af32-449a-b815-c1737c5d0b45,c5df0fa08936b2a191b5804b9ef53375d3a57d33,4255,TX,Severe Storm,2016-02-09 00:00:00+00:00,2015-12-26 00:00:00+00:00,2016-01-21 00:00:00+00:00,DR,2024-08-27T18:22:14.800Z,2016,2,1,0.8660254037844386,0.5000000000000001,1.0,6.123233995736766e-17,26.0,45.0,South,339,0,0,0,0.3,0,1,0,0,0,0,0,0,0,0,7.8,101.7,1170.0,24986530.17,270.0,92542.70433333334,1454989.21,17.033847484452824,3
8351a0bd-0266-44dd-8137-79a05acf8a2f,0197c528e4dcb8facf6ca6e32be7a12b722bc815,4256,OK,Severe Storm,2016-02-10 00:00:00+00:00,2015-12-26 00:00:00+00:00,2016-01-05 00:00:00+00:00,DR,2024-08-27T18:22:14.800Z,2016,2,1,0.8660254037844386,0.5000000000000001,1.0,6.123233995736766e-17,10.0,46.0,South,175,0,0,0,0.3,0,1,0,0,0,0,0,0,0,0,3.0,52.5,460.0,49083177.910000004,325.0,151025.16280000002,8776233.64,17.7090269456769,3
c94e3102-da9b-4aa5-80e5-08eec804c328,a89f1b5b948277c868e06b5fb3c8f0a93d93b481,4257,AK,Severe Storm,2016-02-17 00:00:00+00:00,2015-12-12 00:00:00+00:00,2015-12-15 00:00:00+00:00,DR,2024-08-27T18:22:14.800Z,2016,2,1,0.8660254037844386,0.5000000000000001,1.0,6.123233995736766e-17,3.0,67.0,West,60,0,0,0,0.3,0,1,0,0,0,0,0,0,0,0,0.8999999999999999,18.0,201.0,11464133.02,2.0,5732066.51,11051697.02,16.25473393893123,4
3561bf97-a647-47e8-ab8e-349573f669e7,c2269c3241968b2531f6e54865ea0921b58deb6a,4258,OR,Severe Storm,2016-02-17 00:00:00+00:00,2015-12-06 00:00:00+00:00,2015-12-23 00:00:00+00:00,DR,2024-08-27T18:22:14.800Z,2016,2,1,0.8660254037844386,0.5000000000000001,1.0,6.123233995736766e-17,17.0,73.0,West,96,0,0,0,0.3,0,1,0,0,0,0,0,0,0,0,5.1,28.799999999999997,1241.0,33987135.14,311.0,109283.39273311898,1848409.29,17.34149266216493,4
79bfa986-a568-47ea-92cf-79b777297357,476678c2d5aa6a40e861789642353404b6e49cf5,4259,GA,Severe Storm,2016-02-26 00:00:00+00:00,2015-12-22 00:00:00+00:00,2016-01-13 00:00:00+00:00,DR,2025-04-03T16:01:36.356Z,2016,2,1,0.8660254037844386,0.5000000000000001,1.0,6.123233995736766e-17,22.0,66.0,South,56,0,0,0,0.3,0,1,0,0,0,0,0,0,0,0,6.6,16.8,1452.0,21181388.94,224.0,94559.77205357143,3556194.14,16.868633521102335,3
722a428f-2543-4b28-8357-8736a1ec7733,5dd15cca2cc4709e4323d806a6175dc6aa6235b4,4260,DC,Snowstorm,2016-03-04 00:00:00+00:00,2016-01-22 00:00:00+00:00,2016-01-23 00:00:00+00:00,DR,2024-08-27T18:22:14.800Z,2016,3,1,1.0,6.123233995736766e-17,1.0,6.123233995736766e-17,1.0,42.0,South,19,0,0,0,0.15,0,0,0,0,0,1,0,0,0,0,0.15,2.85,42.0,16996776.09,58.0,293047.86362068966,6093071.51,16.648534301106196,3
5f6d9dd7-c6d6-459d-be93-202e2b868101,209625db6056bc5ea289085a562cd9400a61dc8a,4261,MD,Snowstorm,2016-03-04 00:00:00+00:00,2016-01-22 00:00:00+00:00,2016-01-23 00:00:00+00:00,DR,2024-08-27T18:22:14.800Z,2016,3,1,1.0,6.123233995736766e-17,1.0,6.123233995736766e-17,1.0,42.0,South,30,0,0,0,0.15,0,0,0,0,0,1,0,0,0,0,0.15,4.5,42.0,69267697.55,491.0,141074.74042769856,4344995.19,18.053489245107308,3
484f98d0-27d4-4c66-9298-a4e73a7307eb,2f53d12b4ac0fd1ca0e4ea1a45044cdf5bd1aaf5,4262,VA,Snowstorm,2016-03-07 00:00:00+00:00,2016-01-22 00:00:00+00:00,2016-01-23 00:00:00+00:00,DR,2025-05-15T15:01:28.082Z,2016,3,1,1.0,6.123233995736766e-17,1.0,6.123233995736766e-17,1.0,45.0,South,62,0,0,0,0.15,0,0,0,0,0,1,0,0,0,0,0.15,9.299999999999999,45.0,46994294.43,181.0,259636.98580110498,13407829.85,17.665536778478145,3
4b9d9034-0f9c-445c-ac1f-844c290e25bc,418b6b019a3e592ddfa77bb3a00199950ad7dfeb,4263,LA,Flood,2016-03-13 00:00:00+00:00,2016-03-08 00:00:00+00:00,2016-04-08 00:00:00+00:00,DR,2024-08-27T18:22:14.800Z,2016,3,1,1.0,6.123233995736766e-17,1.0,6.123233995736766e-17,31.0,5.0,South,73,0,0,0,0.44999999999999996,0,0,1,0,0,0,0,0,0,0,13.95,32.849999999999994,155.0,104748906.08,851.0,123089.19633372503,20648138.02,18.46707668310827,3
aa4ff3e1-ab9e-47c4-935a-41cf5b85b947,8c5628ce4737427aadb8401996a485ab2d0fb18c,4264,NJ,Severe Storm,2016-03-14 00:00:00+00:00,2016-01-22 00:00:00+00:00,2016-01-24 00:00:00+00:00,DR,2025-05-13T15:21:28.293Z,2016,3,1,1.0,6.123233995736766e-17,1.0,6.123233995736766e-17,2.0,52.0,Northeast,49,0,0,0,0.3,0,1,0,0,0,0,0,0,0,0,0.6,14.7,104.0,81093524.93,967.0,83860.93581178905,8260282.5,18.211113687662454,1
cec03aec-9ddc-4fc5-9d76-4cc7ff8548d5,59439c191503ac14c4f0743b3a7994800a0da4e8,4265,DE,Snowstorm,2016-03-16 00:00:00+00:00,2016-01-22 00:00:00+00:00,2016-01-23 00:00:00+00:00,DR,2024-08-27T18:22:14.800Z,2016,3,1,1.0,6.123233995736766e-17,1.0,6.123233995736766e-17,1.0,54.0,South,20,0,0,0,0.15,0,0,0,0,0,1,0,0,0,0,0.15,3.0,54.0,1602711.5,22.0,72850.52272727272,712220.63,14.287208064289867,3
d74986db-117c-4482-bbc4-1e5090520bbe,357dcf2533e810b741e55d2ae035c9ecf152fb03,4266,TX,Flood,2016-03-19 00:00:00+00:00,2016-03-07 00:00:00+00:00,2016-03-29 00:00:00+00:00,DR,2024-08-27T18:22:14.800Z,2016,3,1,1.0,6.123233995736766e-17,1.0,6.123233995736766e-17,22.0,12.0,South,340,0,0,0,0.44999999999999996,0,0,1,0,0,0,0,0,0,0,9.899999999999999,152.99999999999997,264.0,33020774.35,245.0,134778.67081632654,10014288.32,17.312647477404077,3
7b7db2ce-6f10-4839-ad11-6ab24b6953af,5475559bd43a40af69d1651868ee3f6c3d14d188,4267,PA,Snowstorm,2016-03-23 00:00:00+00:00,2016-01-22 00:00:00+00:00,2016-01-23 00:00:00+00:00,DR,2024-08-27T18:22:14.800Z,2016,3,1,1.0,6.123233995736766e-17,1.0,6.123233995736766e-17,1.0,61.0,Northeast,57,0,0,0,0.15,0,0,0,0,0,1,0,0,0,0,0.15,8.549999999999999,61.0,44619194.68,1213.0,36784.16708985985,5175682.68,17.61367472080888,1
cc7a16d8-6fd5-4edb-b88b-cc7cc6272cd0,c0bdf177ebe4648b387e19fa5e9c874f9cc5b4e1,4268,MS,Flood,2016-03-25 00:00:00+00:00,2016-03-09 00:00:00+00:00,2016-03-29 00:00:00+00:00,DR,2025-05-13T15:21:28.293Z,2016,3,1,1.0,6.123233995736766e-17,1.0,6.123233995736766e-17,20.0,16.0,South,67,0,0,0,0.44999999999999996,0,0,1,0,0,0,0,0,0,0,9.0,30.15,320.0,10328758.13,261.0,39573.78593869732,1824456.06,16.150442710937597,3
eb9940d7-3460-4540-b1e1-8507fe06b438,24166db7268bfe092a4e9210b0721b0af34a5153,4269,TX,Flood,2016-04-25 00:00:00+00:00,2016-04-17 00:00:00+00:00,2016-04-30 00:00:00+00:00,DR,2026-07-20T21:43:12.371Z,2016,4,2,0.8660254037844387,-0.4999999999999998,1.2246467991473532e-16,-1.0,13.0,8.0,South,341,0,0,0,0.44999999999999996,0,0,1,0,0,0,0,0,0,0,5.85,153.45,104.0,41632095.64,464.0,89724.34405172414,6446017.05,17.54438198158299,3
59d3d2fa-52b0-480f-bd29-718f2bc0f227,1dcb34fdfcd340a12bf1f9dabd0eb4fe66c701f9,4270,AR,Severe Storm,2016-05-06 00:00:00+00:00,2016-03-08 00:00:00+00:00,2016-03-13 00:00:00+00:00,DR,2024-08-27T18:22:14.800Z,2016,5,2,0.49999999999999994,-0.8660254037844387,1.2246467991473532e-16,-1.0,5.0,59.0,South,68,0,0,0,0.3,0,1,0,0,0,0,0,0,0,0,1.5,20.4,295.0,2418773.48,82.0,29497.23756097561,187788.19,14.698771556639246,3
d248a2b4-e9ea-48ec-a717-ef542251e426,d77a5f304679c8f5dca116939660396848452b4e,4271,MT,Severe Storm,2016-05-24 00:00:00+00:00,2016-04-15 00:00:00+00:00,2016-04-16 00:00:00+00:00,DR,2024-08-27T18:22:14.800Z,2016,5,2,0.49999999999999994,-0.8660254037844387,1.2246467991473532e-16,-1.0,1.0,39.0,West,68,0,0,0,0.3,0,1,0,0,0,0,0,0,0,0,0.3,20.4,39.0,1690433.9,31.0,54530.12580645161,188564.02,14.340496391071804,4
e199e709-894f-4554-b4f9-e6972d071b02,8e8a554ab70d9ae1229dcee3ca469b753df461c7,4272,TX,Flood,2016-06-11 00:00:00+00:00,2016-05-22 00:00:00+00:00,2016-06-24 00:00:00+00:00,DR,2024-08-27T18:22:14.800Z,2016,6,2,1.2246467991473532e-16,-1.0,1.2246467991473532e-16,-1.0,33.0,20.0,South,342,0,0,0,0.44999999999999996,0,0,1,0,0,0,0,0,0,0,14.849999999999998,153.89999999999998,660.0,60254109.57,795.0,75791.33279245283,2017495.0,17.914081353236018,3
a3dd9e5e-c933-436f-8447-8f5ff09d9b0b,4dbb8db4c3f5324be401af45da8a933d49208d83,4273,WV,Flood,2016-06-25 00:00:00+00:00,2016-06-22 00:00:00+00:00,2016-06-29 00:00:00+00:00,DR,2024-08-27T18:22:14.800Z,2016,6,2,1.2246467991473532e-16,-1.0,1.2246467991473532e-16,-1.0,7.0,3.0,South,66,0,0,0,0.44999999999999996,0,0,1,0,0,0,0,0,0,0,3.1499999999999995,29.699999999999996,21.0,456185078.43,974.0,468362.5035215606,158006398.14,19.938409161076283,3
2dbd411f-c130-4594-a99d-eacda8b08456,be7b8525773f016c54a1e5d1ce4d0514398257d9,4274,OK,Flood,2016-07-15 00:00:00+00:00,2016-06-11 00:00:00+00:00,2016-06-13 00:00:00+00:00,DR,2024-08-27T18:22:14.800Z,2016,7,3,-0.4999999999999997,-0.8660254037844388,-1.0,-1.8369701987210297e-16,2.0,34.0,South,178,0,0,0,0.44999999999999996,0,0,1,0,0,0,0,0,0,0,0.8999999999999999,80.1,68.0,4693118.02,76.0,61751.55289473684,581446.55,15.361607955631186,3
2f1d9d53-70d1-482d-8cb2-3f8cd70bb511,0dcc303fdb8da68986316fa3116b97cc1e84cb06,4275,MT,Tornado,2016-08-03 00:00:00+00:00,2016-06-11 00:00:00+00:00,2016-06-11 00:00:00+00:00,DR,2024-08-27T18:22:14.800Z,2016,8,3,-0.8660254037844385,-0.5000000000000004,-1.0,-1.8369701987210297e-16,0.0,53.0,West,70,0,0,0,0.44999999999999996,0,0,0,0,1,0,0,0,0,0,0.0,31.499999999999996,0.0,3045115.45,12.0,253759.62083333335,2090814.09,14.929049701416234,4
e8b82f2e-de86-406b-9b11-6fcec4be6628,35fbfe46ef05e9c4604def0834255f78e4e48d91,4276,WI,Severe Storm,2016-08-09 00:00:00+00:00,2016-07-11 00:00:00+00:00,2016-07-12 00:00:00+00:00,DR,2026-02-18T17:01:08.817Z,2016,8,3,-0.8660254037844385,-0.5000000000000004,-1.0,-1.8369701987210297e-16,1.0,29.0,Midwest,45,0,0,0,0.3,0,1,0,0,0,0,0,0,0,0,0.3,13.5,29.0,13802564.69,182.0,75838.26752747252,3112173.01,16.44036505241175,0
6b5d6042-cbdf-48fb-b343-a5f51fae577f,2bedc62ea7f33a41f714a7db0e5dd88c1d519180,4277,LA,Flood,2016-08-14 00:00:00+00:00,2016-08-11 00:00:00+00:00,2016-08-31 00:00:00+00:00,DR,2024-08-27T18:22:14.800Z,2016,8,3,-0.8660254037844385,-0.5000000000000004,-1.0,-1.8369701987210297e-16,20.0,3.0,South,74,0,0,0,0.44999999999999996,0,0,1,0,0,0,0,0,0,0,9.0,33.3,60.0,772323653.96,1163.0,664078.8082201204,118500273.93,20.46491426230777,3
9e1dec01-1722-4720-837b-b88d9f363def,1bf87afa3cc02a5d9597cb12bf6af0ce8ba6e42f,4278,KY,Severe Storm,2016-08-26 00:00:00+00:00,2016-07-02 00:00:00+00:00,2016-07-09 00:00:00+00:00,DR,2025-02-24T13:42:12.137Z,2016,8,3,-0.8660254037844385,-0.5000000000000004,-1.0,-1.8369701987210297e-16,7.0,55.0,South,71,0,0,0,0.3,0,1,0,0,0,0,0,0,0,0,2.1,21.3,385.0,4746862.15,172.0,27598.035755813955,390909.72,15.372994568383962,3
06e236a7-5c9f-4447-be05-0682034b400f,ad75d6c774985135000e1fc3609c688543f808ec,4279,MD,Flood,2016-09-16 00:00:00+00:00,2016-07-30 00:00:00+00:00,2016-07-31 00:00:00+00:00,DR,2025-07-09T15:41:52.712Z,2016,9,3,-1.0,-1.8369701987210297e-16,-1.0,-1.8369701987210297e-16,1.0,48.0,South,31,0,0,0,0.44999999999999996,0,0,1,0,0,0,0,0,0,0,0.44999999999999996,13.95,48.0,7132460.77,40.0,178311.51924999998,1002015.59,15.780167002083468,3
0ce5d748-d9be-4e09-ba42-4f46403c3408,7b7c515f622210fc9bb40f0fca1a1721bcca3d65,4280,FL,Hurricane,2016-09-28 00:00:00+00:00,2016-08-31 00:00:00+00:00,2016-09-11 00:00:00+00:00,DR,2024-08-27T18:22:14.800Z,2016,9,3,-1.0,-1.8369701987210297e-16,-1.0,-1.8369701987210297e-16,11.0,28.0,South,136,0,0,0,0.6,0,0,0,1,0,0,0,0,0,0,6.6,81.6,308.0,60149909.97,449.0,133964.16474387527,4015725.9,17.912350520250865,3
a49eee00-6739-4997-937b-3dcb1de12d18,27c0de534748331928e4922981eb422e29145d37,4281,IA,Flood,2016-09-29 00:00:00+00:00,2016-08-23 00:00:00+00:00,2016-08-27 00:00:00+00:00,DR,2024-08-27T18:22:14.800Z,2016,9,3,-1.0,-1.8369701987210297e-16,-1.0,-1.8369701987210297e-16,4.0,37.0,Midwest,60,0,0,0,0.44999999999999996,0,0,1,0,0,0,0,0,0,0,1.7999999999999998,26.999999999999996,148.0,5398418.52,106.0,50928.47660377358,552296.96,15.501616787213438,0
915a2a4f-8c6e-4e46-8b91-7c34db8cf44e,5d677b7c192b7daff8189ada36f61646dd8cbe23,4282,HI,Mud/Landslide,2016-10-06 00:00:00+00:00,2016-09-11 00:00:00+00:00,2016-09-14 00:00:00+00:00,DR,2024-08-27T18:22:14.800Z,2016,10,4,-0.8660254037844386,0.5000000000000001,-2.4492935982947064e-16,1.0,3.0,25.0,West,47,0,0,0,0.0,0,0,0,0,0,0,0,0,0,0,0.0,0.0,75.0,4786876.55,19.0,251940.87105263156,1520497.06,15.381388888352472,4
ecae10fe-4692-4215-9cc8-c3dfbbcae92a,23934780c4a6c635e15795cc204553a92b269437,4283,FL,Hurricane,2016-10-08 00:00:00+00:00,2016-10-03 00:00:00+00:00,2016-10-19 00:00:00+00:00,DR,2024-08-27T18:22:14.800Z,2016,10,4,-0.8660254037844386,0.5000000000000001,-2.4492935982947064e-16,1.0,16.0,5.0,South,138,0,0,0,0.6,0,0,0,1,0,0,0,0,0,0,9.6,82.8,80.0,402782360.57,1140.0,353317.8601491228,19535821.89,19.81390692830173,3
bb032980-aefa-4fb8-955e-ee5a1bb4caae,d5aa8e91ecb3f826d11917d8bfac65d443fd8bc4,4284,GA,Hurricane,2016-10-08 00:00:00+00:00,2016-10-04 00:00:00+00:00,2016-10-15 00:00:00+00:00,DR,2024-08-27T18:22:14.800Z,2016,10,4,-0.8660254037844386,0.5000000000000001,-2.4492935982947064e-16,1.0,11.0,4.0,South,58,0,0,0,0.6,0,0,0,1,0,0,0,0,0,0,6.6,34.8,44.0,93104330.83,474.0,196422.63888185655,10931884.54,18.349231269951115,3
6fbe8650-aadc-457d-84da-9c4ba6caf3aa,5f74067a7fc8a72dcb21c3c7759ceed12a8331b9,4285,NC,Hurricane,2016-10-10 00:00:00+00:00,2016-10-04 00:00:00+00:00,2016-10-24 00:00:00+00:00,DR,2024-08-27T18:22:14.800Z,2016,10,4,-0.8660254037844386,0.5000000000000001,-2.4492935982947064e-16,1.0,20.0,6.0,South,57,0,0,0,0.6,0,0,0,1,0,0,0,0,0,0,12.0,34.199999999999996,120.0,319994263.58,1841.0,173815.46093427483,12175377.86,19.583813630409924,3
472b34d8-1ac0-4582-a4aa-92bab8450de7,23fa2fdea655e51ef80f27f700af7f0918c4c8d4,4286,SC,Hurricane,2016-10-11 00:00:00+00:00,2016-10-04 00:00:00+00:00,2016-10-30 00:00:00+00:00,DR,2024-08-27T18:22:14.800Z,2016,10,4,-0.8660254037844386,0.5000000000000001,-2.4492935982947064e-16,1.0,26.0,7.0,South,26,0,0,0,0.6,0,0,0,1,0,0,0,0,0,0,15.6,15.6,182.0,241155033.64000002,1016.0,237357.31657480318,13991797.67,19.300950581889353,3
1aa42908-5738-43fa-9184-969324ca65f4,5383a33174743e184b0d6606ab5b362bc3406ffc,4287,KS,Severe Storm,2016-10-20 00:00:00+00:00,2016-09-02 00:00:00+00:00,2016-09-12 00:00:00+00:00,DR,2024-08-27T18:22:14.800Z,2016,10,4,-0.8660254037844386,0.5000000000000001,-2.4492935982947064e-16,1.0,10.0,48.0,Midwest,59,0,0,0,0.3,0,1,0,0,0,0,0,0,0,0,3.0,17.7,480.0,5798145.11,138.0,42015.54427536232,1370949.11,15.57304878821521,0
3ec92ee8-6658-414b-ade8-529cd233e8f7,86883fcd25e385daeca9ad60e7aeced324e0d884,4288,WI,Flood,2016-10-20 00:00:00+00:00,2016-09-21 00:00:00+00:00,2016-09-22 00:00:00+00:00,DR,2024-08-27T18:22:14.800Z,2016,10,4,-0.8660254037844386,0.5000000000000001,-2.4492935982947064e-16,1.0,1.0,29.0,Midwest,46,0,0,0,0.44999999999999996,0,0,1,0,0,0,0,0,0,0,0.44999999999999996,20.7,29.0,9038145.25,238.0,37975.40021008404,474631.32,16.0169646504998,0
e3b35ba7-2dc7-4762-ae30-cecc414483dd,1febc3ac53c9fb0f038189100d788244986d6004,4289,IA,Flood,2016-10-31 00:00:00+00:00,2016-09-21 00:00:00+00:00,2016-10-03 00:00:00+00:00,DR,2024-10-11T19:22:05.834Z,2016,10,4,-0.8660254037844386,0.5000000000000001,-2.4492935982947064e-16,1.0,12.0,40.0,Midwest,61,0,0,0,0.44999999999999996,0,0,1,0,0,0,0,0,0,0,5.3999999999999995,27.449999999999996,480.0,16783200.6,295.0,56892.20542372882,2125786.21,16.63588903937333,0
177b8d06-18bf-4328-9f20-11f66a51c9d6,5588918a4dacac048ed9ba94b8432eedf95d17ca,4290,MN,Flood,2016-11-02 00:00:00+00:00,2016-09-21 00:00:00+00:00,2016-09-24 00:00:00+00:00,DR,2024-08-27T18:22:14.800Z,2016,11,4,-0.5000000000000004,0.8660254037844384,-2.4492935982947064e-16,1.0,3.0,42.0,Midwest,66,0,0,0,0.44999999999999996,0,0,1,0,0,0,0,0,0,0,1.3499999999999999,29.699999999999996,126.0,7109979.59,254.0,27992.04562992126,666299.39,15.777010071817891,0
a7c729fd-9a35-40a7-b9c5-066ef5d0e37a,5f2d5613edb09add49b7df4ff8f2259b371bf9f5,4291,VA,Hurricane,2016-11-02 00:00:00+00:00,2016-10-07 00:00:00+00:00,2016-10-15 00:00:00+00:00,DR,2024-08-27T18:22:14.800Z,2016,11,4,-0.5000000000000004,0.8660254037844384,-2.4492935982947064e-16,1.0,8.0,26.0,South,63,0,0,0,0.6,0,0,0,1,0,0,0,0,0,0,4.8,37.8,208.0,16772599.44,120.0,139771.66199999998,4983653.05,16.635257186775075,3
0386acc8-d3dd-44a0-a97b-04350ff2ff61,aa6296cd19f8765b0613fde27106ebf47ecddf4d,4292,PA,Flood,2016-12-02 00:00:00+00:00,2016-10-20 00:00:00+00:00,2016-10-21 00:00:00+00:00,DR,2024-08-27T18:22:14.800Z,2016,12,4,-2.4492935982947064e-16,1.0,-2.4492935982947064e-16,1.0,1.0,43.0,Northeast,58,0,0,0,0.44999999999999996,0,0,1,0,0,0,0,0,0,0,0.44999999999999996,26.099999999999998,43.0,25541185.85,131.0,194970.88435114504,3999502.67,17.055802877731715,1
a17e2149-2a77-4bac-ad3e-9a60405e7374,4910732d16080d107e8697341d2a4e3e1c430b0c,4293,TN,Fire,2016-12-15 00:00:00+00:00,2016-11-28 00:00:00+00:00,2016-12-09 00:00:00+00:00,DR,2024-08-27T18:22:14.800Z,2016,12,4,-2.4492935982947064e-16,1.0,-2.4492935982947064e-16,1.0,11.0,17.0,South,67,0,0,0,0.3,1,0,0,0,0,0,0,0,0,0,3.3,20.099999999999998,187.0,3678756.29,36.0,102187.67472222222,704303.45,15.118085560179232,3
2f72a66e-7586-48a5-9c28-e5456b687d74,e4d43e4d0b124f8f9fed0cfe4a814fc3cced1dd9,4294,GA,Severe Storm,2017-01-25 00:00:00+00:00,2017-01-02 00:00:00+00:00,2017-01-02 00:00:00+00:00,DR,2026-01-30T01:41:15.237Z,2017,1,1,0.49999999999999994,0.8660254037844387,1.0,6.123233995736766e-17,0.0,23.0,South,60,0,0,0,0.3,0,1,0,0,0,0,0,0,0,0,0.0,18.0,0.0,14573962.86,75.0,194319.5048,3662710.71,16.494747197450817,3
3003b260-8d09-498c-8597-0d0e58e8271f,561e9c87bfad87858c155cb41f299786595f93c4,4295,MS,Tornado,2017-01-25 00:00:00+00:00,2017-01-20 00:00:00+00:00,2017-01-21 00:00:00+00:00,DR,2024-08-27T18:22:14.800Z,2017,1,1,0.49999999999999994,0.8660254037844387,1.0,6.123233995736766e-17,1.0,5.0,South,68,0,0,0,0.44999999999999996,0,0,0,0,1,0,0,0,0,0,0.44999999999999996,30.599999999999998,5.0,10955311.19,48.0,228235.64979166666,2839120.81,16.20933502809539,3
c5a76b42-615b-4f48-91bf-c94b41058870,a8e701b70a0f513ea4e83af17064cdc05e8a9a99,4296,OR,Severe Storm,2017-01-25 00:00:00+00:00,2016-12-14 00:00:00+00:00,2016-12-17 00:00:00+00:00,DR,2024-08-27T18:22:14.800Z,2017,1,1,0.49999999999999994,0.8660254037844387,1.0,6.123233995736766e-17,3.0,42.0,West,99,0,0,0,0.3,0,1,0,0,0,0,0,0,0,0,0.8999999999999999,29.7,126.0,14370133.29,47.0,305747.51680851064,5245397.56,16.480662603175077,4
c2760e17-810e-4ffe-a80a-964c056fae6d,f6c559cf9d31ba1fa1c8eb869173c907ffa473ee,4297,GA,Tornado,2017-01-26 00:00:00+00:00,2017-01-21 00:00:00+00:00,2017-01-22 00:00:00+00:00,DR,2024-08-27T18:22:14.800Z,2017,1,1,0.49999999999999994,0.8660254037844387,1.0,6.123233995736766e-17,1.0,5.0,South,61,0,0,0,0.44999999999999996,0,0,0,0,1,0,0,0,0,0,0.44999999999999996,27.449999999999996,5.0,23859706.669999998,169.0,141181.69627218935,4331819.33,16.987701722672988,3
c360143e-a878-4dc9-b2ec-c487a9c2bc90,0fe6d3e80e97993003ddfa3f15d3d9aba3794d1b,4298,SD,Severe Storm,2017-02-01 00:00:00+00:00,2016-12-24 00:00:00+00:00,2016-12-26 00:00:00+00:00,DR,2024-08-27T18:22:14.800Z,2017,2,1,0.8660254037844386,0.5000000000000001,1.0,6.123233995736766e-17,2.0,39.0,Midwest,70,0,0,0,0.3,0,1,0,0,0,0,0,0,0,0,0.6,21.0,78.0,9837358.31,100.0,98373.5831,857359.68,16.10169787020782,0
9334fba7-1201-4e77-89b0-a7e7767ef42d,6465bae43c231603972175b16921b5b42d475617,4299,OK,Severe Storm,2017-02-10 00:00:00+00:00,2017-01-13 00:00:00+00:00,2017-01-16 00:00:00+00:00,DR,2024-08-27T18:22:14.800Z,2017,2,1,0.8660254037844386,0.5000000000000001,1.0,6.123233995736766e-17,3.0,28.0,South,179,0,0,0,0.3,0,1,0,0,0,0,0,0,0,0,0.8999999999999999,53.699999999999996,84.0,141444101.76,101.0,1400436.6510891088,65601720.25,18.767415163503046,3
25cbd56d-9da2-4325-a8c3-7d26874835f3,a6ac1b124de6e6420f793bb59e06f95980caf27c,4301,CA,Severe Storm,2017-02-14 00:00:00+00:00,2017-01-03 00:00:00+00:00,2017-01-12 00:00:00+00:00,DR,2024-08-27T18:22:14.800Z,2017,2,1,0.8660254037844386,0.5000000000000001,1.0,6.123233995736766e-17,9.0,42.0,West,258,0,0,0,0.3,0,1,0,0,0,0,0,0,0,0,2.6999999999999997,77.39999999999999,378.0,141092506.47,966.0,146058.495310559,9082797.78,18.764926314562683,4
b49265a3-d063-4bc1-8b98-b845e8808331,1535be90a3e014d5f676755044b4e851d91b71a9,4302,CA,Severe Storm,2017-02-14 00:00:00+00:00,2017-01-03 00:00:00+00:00,2017-01-05 00:00:00+00:00,DR,2024-08-27T18:22:14.800Z,2017,2,1,0.8660254037844386,0.5000000000000001,1.0,6.123233995736766e-17,2.0,42.0,West,259,0,0,0,0.3,0,1,0,0,0,0,0,0,0,0,0.6,77.7,84.0,3345510.33,8.0,418188.79125,870143.81,15.023130103838042,4
2007b00b-f257-4c5a-9b25-685e3d51621f,727006db71e11619b537ee152e16700f38659a74,4303,NV,Severe Storm,2017-02-17 00:00:00+00:00,2017-01-05 00:00:00+00:00,2017-01-14 00:00:00+00:00,DR,2024-08-27T18:22:14.800Z,2017,2,1,0.8660254037844386,0.5000000000000001,1.0,6.123233995736766e-17,9.0,43.0,West,80,0,0,0,0.3,0,1,0,0,0,0,0,0,0,0,2.6999999999999997,24.0,387.0,10617496.89,131.0,81049.59458015268,1855595.37,16.17801394244103,4
fe46f619-b4a9-4e30-842e-0810853b49d6,446543bbfa7682c0688e307c9e8458327ae788c1,4304,KS,Severe Ice Storm,2017-02-24 00:00:00+00:00,2017-01-13 00:00:00+00:00,2017-01-16 00:00:00+00:00,DR,2024-08-27T18:22:14.800Z,2017,2,1,0.8660254037844386,0.5000000000000001,1.0,6.123233995736766e-17,3.0,42.0,Midwest,60,0,0,0,0.3,0,0,0,0,0,0,0,1,0,0,0.8999999999999999,18.0,126.0,12565373.45,136.0,92392.45183823528,3618006.2,16.346455529550408,0
f24bb141-aed4-420a-81df-373610a73dc3,c2df8f75b9ae35c83b6dd6aebe60a97e76bacbe6,4305,CA,Flood,2017-03-16 00:00:00+00:00,2017-01-18 00:00:00+00:00,2017-01-23 00:00:00+00:00,DR,2024-08-27T18:22:14.800Z,2017,3,1,1.0,6.123233995736766e-17,1.0,6.123233995736766e-17,5.0,57.0,West,260,0,0,0,0.44999999999999996,0,0,1,0,0,0,0,0,0,0,2.25,116.99999999999999,285.0,62725500.58,754.0,83190.31907161804,2702628.92,17.954278646677416,4
42d402d8-5fd5-4991-a002-894de47cc195,a3f56d0574166fba8511dc7c248de331266e9060,4306,WY,Severe Storm,2017-03-21 00:00:00+00:00,2017-02-06 00:00:00+00:00,2017-02-07 00:00:00+00:00,DR,2024-08-27T18:22:14.800Z,2017,3,1,1.0,6.123233995736766e-17,1.0,6.123233995736766e-17,1.0,43.0,West,30,0,0,0,0.3,0,1,0,0,0,0,0,0,0,0,0.3,9.0,43.0,2418459.51,11.0,219859.95545454544,1915113.75,14.6986417428092,4
1f108576-7a50-463e-aa41-866df180b577,76efdfd7044a45ed79612f3b9f201a961e941cbd,4307,NV,Severe Storm,2017-03-27 00:00:00+00:00,2017-02-05 00:00:00+00:00,2017-02-22 00:00:00+00:00,DR,2024-08-27T18:22:14.800Z,2017,3,1,1.0,6.123233995736766e-17,1.0,6.123233995736766e-17,17.0,50.0,West,81,0,0,0,0.3,0,1,0,0,0,0,0,0,0,0,5.1,24.3,850.0,9895668.469999999,75.0,131942.24626666665,1581777.22,16.10760779213287,4
01ec6dcb-5093-4825-aeb8-9203d6af2175,d7de009144a8528cd3bee82a23193bd7b5cac4da,4308,CA,Flood,2017-04-01 00:00:00+00:00,2017-02-01 00:00:00+00:00,2017-02-23 00:00:00+00:00,DR,2024-08-27T18:22:14.800Z,2017,4,2,0.8660254037844387,-0.4999999999999998,1.2246467991473532e-16,-1.0,22.0,59.0,West,261,0,0,0,0.44999999999999996,0,0,1,0,0,0,0,0,0,0,9.899999999999999,117.44999999999999,1298.0,811170127.2,1207.0,672054.7864125932,461607381.75,20.51398836591212,4
8cd1c6c5-dd5e-4ab3-984c-056acf86a382,b4ff38137acf6a191372e30b8e362d4b7876496a,4309,WA,Flood,2017-04-21 00:00:00+00:00,2017-01-30 00:00:00+00:00,2017-02-22 00:00:00+00:00,DR,2024-08-27T18:22:14.800Z,2017,4,2,0.8660254037844387,-0.4999999999999998,1.2246467991473532e-16,-1.0,23.0,81.0,West,148,0,0,0,0.44999999999999996,0,0,1,0,0,0,0,0,0,0,10.35,66.6,1863.0,35589018.95,237.0,150164.63691983125,3885909.41,17.38754771987766,4
200b2109-1fa8-476b-be55-7bd937195b51,ee72d5748cb8af48369eb7b63d2ccb531c7c7f32,4310,ID,Flood,2017-04-21 00:00:00+00:00,2017-02-05 00:00:00+00:00,2017-02-27 00:00:00+00:00,DR,2024-08-27T18:22:14.800Z,2017,4,2,0.8660254037844387,-0.4999999999999998,1.2246467991473532e-16,-1.0,22.0,75.0,West,42,0,0,0,0.44999999999999996,0,0,1,0,0,0,0,0,0,0,9.899999999999999,18.9,1650.0,7169820.48,124.0,57821.13290322581,947318.9,15.785391314078948,4
1858ce20-db4d-446f-8ab4-f7247dbeb7ca,cf20ba0132b9314df5f250fe8dddf761edd2a7fc,4311,UT,Flood,2017-04-21 00:00:00+00:00,2017-02-07 00:00:00+00:00,2017-02-27 00:00:00+00:00,DR,2024-08-27T18:22:14.800Z,2017,4,2,0.8660254037844387,-0.4999999999999998,1.2246467991473532e-16,-1.0,20.0,73.0,West,33,0,0,0,0.44999999999999996,0,0,1,0,0,0,0,0,0,0,9.0,14.849999999999998,1460.0,3126349.9,46.0,67964.12826086956,501983.97,14.9553770357431,4
98a7c5bb-2346-45aa-a1ca-0399440d4f0b,432a3a64bdbb291ae26cf5a27a33deeabb380481,4312,CA,Severe Storm,2017-05-02 00:00:00+00:00,2017-02-08 00:00:00+00:00,2017-02-11 00:00:00+00:00,DR,2025-03-26T20:21:32.579Z,2017,5,2,0.49999999999999994,-0.8660254037844387,1.2246467991473532e-16,-1.0,3.0,83.0,West,262,0,0,0,0.3,0,1,0,0,0,0,0,0,0,0,0.8999999999999999,78.6,249.0,269934.77,2.0,134967.385,233307.18,12.505939320791573,4
ef4bf689-b951-4ec3-a623-a1e7572d03df,b894736ccaa0931dbf736e6e420da7a5877ea474,4313,ID,Flood,2017-05-18 00:00:00+00:00,2017-03-06 00:00:00+00:00,2017-03-28 00:00:00+00:00,DR,2024-08-27T18:22:14.800Z,2017,5,2,0.49999999999999994,-0.8660254037844387,1.2246467991473532e-16,-1.0,22.0,73.0,West,43,0,0,0,0.44999999999999996,0,0,1,0,0,0,0,0,0,0,9.899999999999999,19.349999999999998,1606.0,9158293.36,100.0,91582.93359999999,2081702.22,16.03017051407179,4
d71595a6-57b6-45b7-9b26-f4aa498b6c0a,11d99dcd78bc14eaf9230821b57be8bcaf273cb9,4314,MS,Severe Storm,2017-05-22 00:00:00+00:00,2017-04-30 00:00:00+00:00,2017-04-30 00:00:00+00:00,DR,2024-08-27T18:22:14.800Z,2017,5,2,0.49999999999999994,-0.8660254037844387,1.2246467991473532e-16,-1.0,0.0,22.0,South,69,0,0,0,0.3,0,1,0,0,0,0,0,0,0,0,0.0,20.7,0.0,17084950.06,77.0,221882.46831168828,3604989.08,16.653708579026404,3
d3dfcc92-9407-4f51-a9f3-0f44c5e59b53,c77a499213bb4623f0d2ccb44a8aa1c8cecba693,4315,OK,Severe Storm,2017-05-26 00:00:00+00:00,2017-04-28 00:00:00+00:00,2017-05-02 00:00:00+00:00,DR,2024-08-27T18:22:14.800Z,2017,5,2,0.49999999999999994,-0.8660254037844387,1.2246467991473532e-16,-1.0,4.0,28.0,South,183,0,0,0,0.3,0,1,0,0,0,0,0,0,0,0,1.2,54.9,112.0,88757472.53,187.0,474638.8905347594,72621066.39,18.301418191563172,3
0f6ecc0e-1fd7-42ed-982c-d198ceba9711,7155c3ec8bcf571b1333c2987e69fe78786e35f8,4316,NH,Severe Storm,2017-06-01 00:00:00+00:00,2017-03-14 00:00:00+00:00,2017-03-15 00:00:00+00:00,DR,2026-07-20T21:43:12.371Z,2017,6,2,1.2246467991473532e-16,-1.0,1.2246467991473532e-16,-1.0,1.0,79.0,Northeast,47,0,0,0,0.3,0,1,0,0,0,0,0,0,0,0,0.3,14.1,79.0,1676798.53,19.0,88252.55421052632,1278272.51,14.33239749281302,1
00f0127a-7163-418e-9edd-4cc2ff9efd03,5835341686b9d7b735eec60a32d6a29cb41ec8d2,4317,MO,Flood,2017-06-02 00:00:00+00:00,2017-04-28 00:00:00+00:00,2017-05-11 00:00:00+00:00,DR,2024-08-27T18:22:14.800Z,2017,6,2,1.2246467991473532e-16,-1.0,1.2246467991473532e-16,-1.0,13.0,35.0,Midwest,68,0,0,0,0.44999999999999996,0,0,1,0,0,0,0,0,0,0,5.85,30.599999999999998,455.0,77319838.79,942.0,82080.50826963907,16409620.4,18.163461140263976,0
71476a96-0557-4ef0-b6af-6040edaf790f,b0d327935c73f5e43d3779792a99bc3a7cc5b126,4318,AR,Severe Storm,2017-06-15 00:00:00+00:00,2017-04-26 00:00:00+00:00,2017-05-19 00:00:00+00:00,DR,2024-08-27T18:22:14.800Z,2017,6,2,1.2246467991473532e-16,-1.0,1.2246467991473532e-16,-1.0,23.0,50.0,South,69,0,0,0,0.3,0,1,0,0,0,0,0,0,0,0,6.8999999999999995,20.7,1150.0,27384732.41,463.0,59146.29030237581,1064011.5,17.12549624126121,3
8deb6c97-2748-4f3b-b24c-5d5a370d54e3,b9d1b617e3305fce0786a5eab652c92ec06933cf,4319,KS,Snowstorm,2017-06-16 00:00:00+00:00,2017-04-28 00:00:00+00:00,2017-05-03 00:00:00+00:00,DR,2024-08-27T18:22:14.800Z,2017,6,2,1.2246467991473532e-16,-1.0,1.2246467991473532e-16,-1.0,5.0,49.0,Midwest,68,0,0,0,0.15,0,0,0,0,0,1,0,0,0,0,0.75,10.2,245.0,62692062.94,141.0,444624.559858156,34633013.91,17.953745425662422,0
3307955a-41a0-4a61-b47f-e66a9020411a,06c113107138528c2070fef715ac90ec1b8368f1,4320,TN,Severe Storm,2017-06-23 00:00:00+00:00,2017-05-27 00:00:00+00:00,2017-05-28 00:00:00+00:00,DR,2026-01-09T12:01:12.912Z,2017,6,2,1.2246467991473532e-16,-1.0,1.2246467991473532e-16,-1.0,1.0,27.0,South,68,0,0,0,0.3,0,1,0,0,0,0,0,0,0,0,0.3,20.4,27.0,31960035.12,134.0,238507.7247761194,7172900.54,17.279996809024414,3
2ac9e783-e22e-4872-95f4-c15cb1adfcc8,d550ae1e9c8fdbbf43179881abb5c87bd5c0bdc0,4321,NE,Severe Storm,2017-06-26 00:00:00+00:00,2017-04-29 00:00:00+00:00,2017-05-03 00:00:00+00:00,DR,2024-08-27T18:22:14.800Z,2017,6,2,1.2246467991473532e-16,-1.0,1.2246467991473532e-16,-1.0,4.0,58.0,Midwest,60,0,0,0,0.3,0,1,0,0,0,0,0,0,0,0,1.2,18.0,232.0,2727443.3,12.0,227286.94166666665,998586.84,14.818875574849308,0
abed1dc9-3696-41eb-a376-7a293e0d73ec,08738c8caa6176768ec986502a31abe4c7f6b0a7,4322,NY,Snowstorm,2017-07-12 00:00:00+00:00,2017-03-14 00:00:00+00:00,2017-03-15 00:00:00+00:00,DR,2024-09-27T11:41:53.750Z,2017,7,3,-0.4999999999999997,-0.8660254037844388,-1.0,-1.8369701987210297e-16,1.0,120.0,Northeast,94,0,0,0,0.15,0,0,0,0,0,1,0,0,0,0,0.15,14.1,120.0,28335249.54,721.0,39299.93001386963,3399107.93,17.15961718961488,1
60eb2e05-8c64-46fa-9959-da4ee6c0c439,d4330cdc42844a1945ae836c6705ee2df69752ca,4323,ND,Flood,2017-07-12 00:00:00+00:00,2017-03-23 00:00:00+00:00,2017-04-29 00:00:00+00:00,DR,2025-05-15T17:01:19.436Z,2017,7,3,-0.4999999999999997,-0.8660254037844388,-1.0,-1.8369701987210297e-16,37.0,111.0,Midwest,57,0,0,0,0.44999999999999996,0,0,1,0,0,0,0,0,0,0,16.65,25.65,4107.0,5306863.74,139.0,38178.87582733813,324473.21,15.484511774392711,0
a6243e57-e04d-45b1-a49d-9ad037885088,397de945ce2fab767ba451154ea00ebc80cc15c7,4324,OK,Tornado,2017-07-25 00:00:00+00:00,2017-05-16 00:00:00+00:00,2017-05-20 00:00:00+00:00,DR,2024-08-27T18:22:14.800Z,2017,7,3,-0.4999999999999997,-0.8660254037844388,-1.0,-1.8369701987210297e-16,4.0,70.0,South,184,0,0,0,0.44999999999999996,0,0,0,0,1,0,0,0,0,0,1.7999999999999998,82.8,280.0,4539992.99,117.0,38803.35888888889,538028.12,15.328436246228108,3
7726b618-d911-4f1a-9f28-65f876fc321e,27544954894d283b26393f3413261889413e9e04,4325,NE,Severe Storm,2017-08-01 00:00:00+00:00,2017-06-12 00:00:00+00:00,2017-06-17 00:00:00+00:00,DR,2024-08-27T18:22:14.800Z,2017,8,3,-0.8660254037844385,-0.5000000000000004,-1.0,-1.8369701987210297e-16,5.0,50.0,Midwest,61,0,0,0,0.3,0,1,0,0,0,0,0,0,0,0,1.5,18.3,250.0,15098468.62,94.0,160622.00659574466,9410278.94,16.530103946980052,0
edb10a77-b729-4969-bb19-67944fd7e031,970d21f66e19397d8dcdfcbca9f5115766ce0b30,4327,WY,Flood,2017-08-05 00:00:00+00:00,2017-06-07 00:00:00+00:00,2017-06-22 00:00:00+00:00,DR,2026-05-26T15:21:09.088Z,2017,8,3,-0.8660254037844385,-0.5000000000000004,-1.0,-1.8369701987210297e-16,15.0,59.0,West,31,0,0,0,0.44999999999999996,0,0,1,0,0,0,0,0,0,0,6.749999999999999,13.95,885.0,4294224.8,37.0,116060.12972972973,1518165.8,15.272781841040649,4
badde54e-7709-49c5-a5d2-f7f7bb284114,b01c959efabb977b1eaf7de8b28bcf310780908a,4328,OR,Severe Storm,2017-08-08 00:00:00+00:00,2017-01-07 00:00:00+00:00,2017-01-10 00:00:00+00:00,DR,2025-01-06T20:42:12.421Z,2017,8,3,-0.8660254037844385,-0.5000000000000004,-1.0,-1.8369701987210297e-16,3.0,213.0,West,101,0,0,0,0.3,0,1,0,0,0,0,0,0,0,0,0.8999999999999999,30.299999999999997,639.0,2962549.7199999997,30.0,98751.65733333332,1110742.01,14.901561184954073,4
cad998d2-22a7-459d-a7fb-5235d6ed0c2e,f22ea5214a03187df120d4d5a245cf70e4cb35f7,4329,NH,Severe Storm,2017-08-09 00:00:00+00:00,2017-07-01 00:00:00+00:00,2017-07-02 00:00:00+00:00,DR,2024-08-27T18:22:14.800Z,2017,8,3,-0.8660254037844385,-0.5000000000000004,-1.0,-1.8369701987210297e-16,1.0,39.0,Northeast,48,0,0,0,0.3,0,1,0,0,0,0,0,0,0,0,0.3,14.399999999999999,39.0,6475098.24,103.0,62865.03145631068,724100.69,15.683474492073351,1
3d1f08bf-923b-44a7-9e08-f26e1fcb8b22,cab8be0a47b1157177ee502c7b29e7306d1d7d66,4330,VT,Severe Storm,2017-08-16 00:00:00+00:00,2017-06-29 00:00:00+00:00,2017-07-01 00:00:00+00:00,DR,2024-08-27T18:22:14.800Z,2017,8,3,-0.8660254037844385,-0.5000000000000004,-1.0,-1.8369701987210297e-16,2.0,48.0,Northeast,43,0,0,0,0.3,0,1,0,0,0,0,0,0,0,0,0.6,12.9,96.0,13061999.04,133.0,98210.51909774436,1547478.73,16.385217812507058,1
6d9e4d53-ec5f-40c2-ab0c-7ba1bf1f8bfe,e8dc936c3828818ba92bf73928d815a2399ebbde,4331,WV,Severe Storm,2017-08-18 00:00:00+00:00,2017-07-28 00:00:00+00:00,2017-07-29 00:00:00+00:00,DR,2025-08-15T11:02:09.640Z,2017,8,3,-0.8660254037844385,-0.5000000000000004,-1.0,-1.8369701987210297e-16,1.0,21.0,South,67,0,0,0,0.3,0,1,0,0,0,0,0,0,0,0,0.3,20.099999999999998,21.0,11322366.88,251.0,45109.031394422316,352735.03,16.242290785543364,3
89c16287-22c7-4e73-b03b-f4396283684c,284682b14a3100750d16e2c1fb19b9ec794a0a2c,4332,TX,Hurricane,2017-08-25 00:00:00+00:00,2017-08-23 00:00:00+00:00,2017-09-15 00:00:00+00:00,DR,2024-08-27T18:22:14.800Z,2017,8,3,-0.8660254037844385,-0.5000000000000004,-1.0,-1.8369701987210297e-16,23.0,2.0,South,343,0,0,0,0.6,0,0,0,1,0,0,0,0,0,0,13.799999999999999,205.79999999999998,46.0,2989270850.21,6186.0,483231.6279033301,203291016.31,21.818295332138145,3
ca8bff5a-47c1-4670-94a6-52a3b5336057,d9e3964e8dc071fc768008280d5bce4634431722,4333,ID,Flood,2017-08-27 00:00:00+00:00,2017-05-06 00:00:00+00:00,2017-06-16 00:00:00+00:00,DR,2024-08-27T18:22:14.800Z,2017,8,3,-0.8660254037844385,-0.5000000000000004,-1.0,-1.8369701987210297e-16,41.0,113.0,West,44,0,0,0,0.44999999999999996,0,0,1,0,0,0,0,0,0,0,18.45,19.799999999999997,4633.0,3199079.42,44.0,72706.35045454545,861604.52,14.978373957721644,4
7d9bf3e8-caeb-45fe-af4b-02b7fccd99d5,16b14f3fe4ac870bd6c70537f3af9405e1fe85d5,4334,IA,Severe Storm,2017-08-27 00:00:00+00:00,2017-07-19 00:00:00+00:00,2017-07-23 00:00:00+00:00,DR,2024-08-27T18:22:14.800Z,2017,8,3,-0.8660254037844385,-0.5000000000000004,-1.0,-1.8369701987210297e-16,4.0,39.0,Midwest,62,0,0,0,0.3,0,1,0,0,0,0,0,0,0,0,1.2,18.599999999999998,156.0,5349464.31,104.0,51437.15682692307,816520.74,15.492507171821574,0
b76e2d03-8b39-427d-94b7-7dafcc3c0880,687b860f8676c0d70eacb0ecdf995119007c6431,3384,PR,Hurricane,2017-09-05 00:00:00+00:00,2017-09-05 00:00:00+00:00,2017-09-07 00:00:00+00:00,EM,2026-01-20T12:21:14.094Z,2017,9,3,-1.0,-1.8369701987210297e-16,-1.0,-1.8369701987210297e-16,2.0,0.0,Other,32,0,0,0,0.6,0,0,0,1,0,0,0,0,0,0,1.2,19.2,0.0,24096375.72,123.0,195905.49365853658,6605037.27,16.99757204358969,2
6d6b8362-aff4-42f2-ac8f-7d6607a11410,302efba181ba2d61cba0046aa4b17829a960ad64,4335,VI,Hurricane,2017-09-07 00:00:00+00:00,2017-09-05 00:00:00+00:00,2017-09-07 00:00:00+00:00,DR,2024-08-27T18:22:14.800Z,2017,9,3,-1.0,-1.8369701987210297e-16,-1.0,-1.8369701987210297e-16,2.0,2.0,Other,22,0,0,0,0.6,0,0,0,1,0,0,0,0,0,0,1.2,13.2,4.0,66622069.6,330.0,201885.0593939394,32695039.41,18.014546471003342,2
4e05d644-d341-4936-8f4f-e849725dcb6d,cd6867768bece2942df25fb370362f2068c10219,4336,PR,Hurricane,2017-09-10 00:00:00+00:00,2017-09-05 00:00:00+00:00,2017-09-07 00:00:00+00:00,DR,2024-08-27T18:22:14.800Z,2017,9,3,-1.0,-1.8369701987210297e-16,-1.0,-1.8369701987210297e-16,2.0,5.0,Other,33,0,0,0,0.6,0,0,0,1,0,0,0,0,0,0,1.2,19.8,10.0,9232560.709999999,105.0,87929.1496190476,1662757.99,16.03824710968327,2
ffbedaef-c18c-4084-aed4-bfd947fe928c,2c38ccce301c1d7710a422e35e558c718c6c6ea3,4337,FL,Hurricane,2017-09-10 00:00:00+00:00,2017-09-04 00:00:00+00:00,2017-10-18 00:00:00+00:00,DR,2024-08-27T18:22:14.800Z,2017,9,3,-1.0,-1.8369701987210297e-16,-1.0,-1.8369701987210297e-16,44.0,6.0,South,144,0,0,0,0.6,0,0,0,1,0,0,0,0,0,0,26.4,86.39999999999999,264.0,2413936404.76,7743.0,311757.2523259719,100220934.62,21.604524615347653,3
8f3c4ac3-29bf-4f46-a6dd-5419846d7dda,bb8256eb6d91794a07d9a9cc6d6951bbbe6401fd,3389,AL,Hurricane,2017-09-11 00:00:00+00:00,2017-09-08 00:00:00+00:00,2017-09-14 00:00:00+00:00,EM,2024-08-27T18:22:14.800Z,2017,9,3,-1.0,-1.8369701987210297e-16,-1.0,-1.8369701987210297e-16,6.0,3.0,South,79,0,0,0,0.6,0,0,0,1,0,0,0,0,0,0,3.5999999999999996,47.4,18.0,585571.92,37.0,15826.26810810811,157007.88,13.280345997390592,3
f4d41b81-918f-4459-8361-f2e3b6a4ca2a,2049abeba144cae38de5497759c55f030c3d5163,4338,GA,Hurricane,2017-09-15 00:00:00+00:00,2017-09-07 00:00:00+00:00,2017-09-20 00:00:00+00:00,DR,2024-08-27T18:22:14.800Z,2017,9,3,-1.0,-1.8369701987210297e-16,-1.0,-1.8369701987210297e-16,13.0,8.0,South,64,0,0,0,0.6,0,0,0,1,0,0,0,0,0,0,7.8,38.4,104.0,115842345.95,1569.0,73831.96045251752,9370666.23,18.567740746669234,3
8ef4868f-5675-4796-b564-c1490abe9d80,6db23d72b87a57297f88391f047c4ffe4ef3dd92,4339,PR,Hurricane,2017-09-20 00:00:00+00:00,2017-09-17 00:00:00+00:00,2017-11-15 00:00:00+00:00,DR,2024-08-27T18:22:14.800Z,2017,9,3,-1.0,-1.8369701987210297e-16,-1.0,-1.8369701987210297e-16,59.0,3.0,Other,35,0,0,0,0.6,0,0,0,1,0,0,0,0,0,0,35.4,21.0,177.0,35776483522.85,11085.0,3227468.0670139827,2886250258.16,24.300556629701052,2
8a8a52a9-223c-4bd2-9133-66e26b38361b,5fd9fa8d5691a8072f41c22bcf4ac88323ae00a7,4340,VI,Hurricane,2017-09-20 00:00:00+00:00,2017-09-16 00:00:00+00:00,2017-09-22 00:00:00+00:00,DR,2024-08-27T18:22:14.800Z,2017,9,3,-1.0,-1.8369701987210297e-16,-1.0,-1.8369701987210297e-16,6.0,4.0,Other,24,0,0,0,0.6,0,0,0,1,0,0,0,0,0,0,3.5999999999999996,14.399999999999999,24.0,22012900868.22,1123.0,19601870.764220838,2144882835.57,23.814894521583952,2
7a43c79a-df89-4d81-aa6f-ae7ded9c8fd6,0a316f81b35c54298516609ababce8c2c955dfcc,4341,FL,Hurricane,2017-09-27 00:00:00+00:00,2017-09-04 00:00:00+00:00,2017-10-04 00:00:00+00:00,DR,2024-08-27T18:22:14.800Z,2017,9,3,-1.0,-1.8369701987210297e-16,-1.0,-1.8369701987210297e-16,30.0,23.0,South,145,0,0,0,0.6,0,0,0,1,0,0,0,0,0,0,18.0,87.0,690.0,10613.94,1.0,10613.94,10613.94,9.270017721742672,3
442a4712-b503-4e10-ad81-165c7b55bbed,c326e92e427df67a764a35fe48047c22814945e2,3392,LA,Hurricane,2017-10-06 00:00:00+00:00,2017-10-05 00:00:00+00:00,2017-10-08 00:00:00+00:00,EM,2025-12-16T19:01:05.873Z,2017,10,4,-0.8660254037844386,0.5000000000000001,-2.4492935982947064e-16,1.0,3.0,1.0,South,77,0,0,0,0.6,0,0,0,1,0,0,0,0,0,0,1.7999999999999998,46.199999999999996,3.0,4365509.79,60.0,72758.4965,819475.2,15.289245759882677,3
81ef6036-d273-4c33-b0bc-78ba7eb49deb,2627addb7c5a40d54e441ec9aa86c2dcde68f405,4342,ID,Flood,2017-10-07 00:00:00+00:00,2017-03-29 00:00:00+00:00,2017-06-15 00:00:00+00:00,DR,2024-08-27T18:22:14.800Z,2017,10,4,-0.8660254037844386,0.5000000000000001,-2.4492935982947064e-16,1.0,78.0,192.0,West,45,0,0,0,0.44999999999999996,0,0,1,0,0,0,0,0,0,0,35.099999999999994,20.249999999999996,14976.0,4015221.3400000003,31.0,129523.26903225807,852508.77,15.205603281164725,4
45b909c8-0d84-4b65-b427-2e555ed4f766,dcc2144bb635de6ff98ab14e475a1f31e963ca76,4343,WI,Severe Storm,2017-10-07 00:00:00+00:00,2017-07-19 00:00:00+00:00,2017-07-23 00:00:00+00:00,DR,2024-08-27T18:22:14.800Z,2017,10,4,-0.8660254037844386,0.5000000000000001,-2.4492935982947064e-16,1.0,4.0,80.0,Midwest,47,0,0,0,0.3,0,1,0,0,0,0,0,0,0,0,1.2,14.1,320.0,8866606.39,413.0,21468.78060532688,656550.0,15.997802799723125,0
be43bf8a-6fc1-4008-9d2a-e00a08391896,b4d78d7bbe21da9c2c72f51d2827c26bb9f96218,3395,FL,Hurricane,2017-10-08 00:00:00+00:00,2017-10-07 00:00:00+00:00,2017-10-11 00:00:00+00:00,EM,2024-08-27T18:22:14.800Z,2017,10,4,-0.8660254037844386,0.5000000000000001,-2.4492935982947064e-16,1.0,4.0,1.0,South,146,0,0,0,0.6,0,0,0,1,0,0,0,0,0,0,2.4,87.6,4.0,446808.86,6.0,74468.14333333333,320031.22,13.009888413973078,3
c9749ae7-014f-4a9b-aa35-951f3eec5ace,279cc4287c760c6f86999a54c01cd406a18c3706,4344,CA,Fire,2017-10-10 00:00:00+00:00,2017-10-08 00:00:00+00:00,2017-10-31 00:00:00+00:00,DR,2024-08-27T18:22:14.800Z,2017,10,4,-0.8660254037844386,0.5000000000000001,-2.4492935982947064e-16,1.0,23.0,2.0,West,281,0,0,0,0.3,1,0,0,0,0,0,0,0,0,0,6.8999999999999995,84.3,46.0,487487552.26,307.0,1587907.3363517914,193212133.38,20.004775316301874,4
fea29cd2-2cd8-4ffd-954f-07be19ae6691,3d1807f919cb5205e10db7f69480b7ee2b45aa7e,4345,LA,Hurricane,2017-10-16 00:00:00+00:00,2017-08-28 00:00:00+00:00,2017-09-10 00:00:00+00:00,DR,2025-12-16T19:01:05.873Z,2017,10,4,-0.8660254037844386,0.5000000000000001,-2.4492935982947064e-16,1.0,13.0,49.0,South,78,0,0,0,0.6,0,0,0,1,0,0,0,0,0,0,7.8,46.8,637.0,7573398.42,135.0,56099.24755555556,720146.77,15.840152589343436,3
75f5ad8b-4ae0-470a-b03b-ffd4a81e8138,9741131a120eacd8caf16eafd9b23fd29757e6c3,4346,SC,Hurricane,2017-10-16 00:00:00+00:00,2017-09-06 00:00:00+00:00,2017-09-13 00:00:00+00:00,DR,2024-10-10T14:02:49.284Z,2017,10,4,-0.8660254037844386,0.5000000000000001,-2.4492935982947064e-16,1.0,7.0,40.0,South,29,0,0,0,0.6,0,0,0,1,0,0,0,0,0,0,4.2,17.4,280.0,33544232.55,268.0,125165.04682835822,4005424.93,17.328375530305518,3
edfefb69-023e-4d5a-8657-fb36dd31b62c,adb30eb1fd5975caef1facc1eb968c5dc8d1c1ca,4347,KS,Severe Storm,2017-11-07 00:00:00+00:00,2017-07-22 00:00:00+00:00,2017-07-27 00:00:00+00:00,DR,2024-12-16T18:01:25.001Z,2017,11,4,-0.5000000000000004,0.8660254037844384,-2.4492935982947064e-16,1.0,5.0,108.0,Midwest,69,0,0,0,0.3,0,1,0,0,0,0,0,0,0,0,1.5,20.7,540.0,5904057.49,82.0,72000.70109756097,1403076.48,15.591150552056192,0
c99b0567-8726-4df2-b549-e7486c0663d2,f30ae216298a74200760c6513ca937d3ba04f406,4348,NY,Flood,2017-11-14 00:00:00+00:00,2017-05-02 00:00:00+00:00,2017-08-06 00:00:00+00:00,DR,2024-08-27T18:22:14.800Z,2017,11,4,-0.5000000000000004,0.8660254037844384,-2.4492935982947064e-16,1.0,96.0,196.0,Northeast,95,0,0,0,0.44999999999999996,0,0,1,0,0,0,0,0,0,0,43.199999999999996,42.74999999999999,18816.0,29070035.349999998,160.0,181687.72093749998,4636507.56,17.185218522964274,1
cd11042a-8cf6-42e7-9054-a65d86d6595e,01ab5b545d66cccf3b748ec15775712e99f716e5,4349,AL,Hurricane,2017-11-16 00:00:00+00:00,2017-10-06 00:00:00+00:00,2017-10-10 00:00:00+00:00,DR,2025-12-16T16:01:21.689Z,2017,11,4,-0.5000000000000004,0.8660254037844384,-2.4492935982947064e-16,1.0,4.0,41.0,South,81,0,0,0,0.6,0,0,0,1,0,0,0,0,0,0,2.4,48.6,164.0,14968939.51,90.0,166321.5501111111,5830743.1,16.521487979676102,3
b5847c21-61f0-4c4d-a33b-ea339cd69173,9e1c6a4d76122ebb933b6d223a1d52adc2e3f567,4350,MS,Hurricane,2017-11-22 00:00:00+00:00,2017-10-06 00:00:00+00:00,2017-10-10 00:00:00+00:00,DR,2026-06-17T19:17:42.858Z,2017,11,4,-0.5000000000000004,0.8660254037844384,-2.4492935982947064e-16,1.0,4.0,47.0,South,71,0,0,0,0.6,0,0,0,1,0,0,0,0,0,0,2.4,42.6,188.0,10259651.28,163.0,62942.64588957055,727928.8,16.143729506294385,3
9caa2310-4229-46ae-88fc-566b0220694c,bf7628f9939712cbcd504b85466ab84d0ddfe09a,4351,AK,Severe Storm,2017-12-20 00:00:00+00:00,2017-09-28 00:00:00+00:00,2017-09-30 00:00:00+00:00,DR,2024-08-27T18:22:14.800Z,2017,12,4,-2.4492935982947064e-16,1.0,-2.4492935982947064e-16,1.0,2.0,83.0,West,61,0,0,0,0.3,0,1,0,0,0,0,0,0,0,0,0.6,18.3,166.0,1332661.4300000002,8.0,166582.67875000002,449781.0,14.102689326279775,4
2f1714f0-11ae-47b8-871a-bde4c27b64fa,be4053293c11808b71243484b27cc86a3d55d2b8,4352,NM,Flood,2017-12-20 00:00:00+00:00,2017-10-04 00:00:00+00:00,2017-10-06 00:00:00+00:00,DR,2024-08-27T18:22:14.800Z,2017,12,4,-2.4492935982947064e-16,1.0,-2.4492935982947064e-16,1.0,2.0,77.0,West,86,0,0,0,0.44999999999999996,0,0,1,0,0,0,0,0,0,0,0.8999999999999999,38.699999999999996,154.0,14430450.53,106.0,136136.32575471696,2147665.79,16.48485122132079,4
615d0b7d-30ad-41f1-a788-0d99ba5d57fb,5d43e173e2d0c9e8691ed0977b11542d429a3094,4353,CA,Fire,2018-01-02 00:00:00+00:00,2017-12-04 00:00:00+00:00,2018-01-31 00:00:00+00:00,DR,2024-08-27T18:22:14.800Z,2018,1,1,0.49999999999999994,0.8660254037844387,1.0,6.123233995736766e-17,58.0,29.0,West,288,0,0,0,0.3,1,0,0,0,0,0,0,0,0,0,17.4,86.39999999999999,1682.0,282073317.52000004,265.0,1064427.613283019,101342087.68,19.457677589861383,4
7b01ccaa-2f6a-4530-9dda-7de91b0eea40,2da6fd5b0ae2e6b279935efc594e2ec105c057db,4354,ME,Severe Storm,2018-01-02 00:00:00+00:00,2017-10-29 00:00:00+00:00,2017-11-01 00:00:00+00:00,DR,2024-08-27T18:22:14.800Z,2018,1,1,0.49999999999999994,0.8660254037844387,1.0,6.123233995736766e-17,3.0,65.0,Northeast,57,0,0,0,0.3,0,1,0,0,0,0,0,0,0,0,0.8999999999999999,17.099999999999998,195.0,8163787.83,441.0,18511.990544217686,926930.13,15.915218936580281,1
036b5e28-47d9-4252-af8e-e67f2e5e0e46,cf7f24b21a7a3f0c6ea9eff7324b695985c83b92,4355,NH,Severe Storm,2018-01-02 00:00:00+00:00,2017-10-29 00:00:00+00:00,2017-11-01 00:00:00+00:00,DR,2024-08-27T18:22:14.800Z,2018,1,1,0.49999999999999994,0.8660254037844387,1.0,6.123233995736766e-17,3.0,65.0,Northeast,49,0,0,0,0.3,0,1,0,0,0,0,0,0,0,0,0.8999999999999999,14.7,195.0,10234173.21,212.0,48274.40193396227,2840124.83,16.141243090871825,1
78128934-cc4e-46aa-9aff-915b2ee4c866,0ffea5f3dfd8800a0ff3810db737b84b1e79d67e,4356,VT,Severe Storm,2018-01-02 00:00:00+00:00,2017-10-29 00:00:00+00:00,2017-10-30 00:00:00+00:00,DR,2024-08-27T18:22:14.800Z,2018,1,1,0.49999999999999994,0.8660254037844387,1.0,6.123233995736766e-17,1.0,65.0,Northeast,44,0,0,0,0.3,0,1,0,0,0,0,0,0,0,0,0.3,13.2,65.0,5126898.0200000005,97.0,52854.6187628866,1809802.85,15.450011554843378,1
c5388288-7bda-4ca0-a8ac-64429198b759,3ec17e451fedec91a35d4347135b9ecfb8b59dbd,4357,AS,Hurricane,2018-03-02 00:00:00+00:00,2018-02-07 00:00:00+00:00,2018-02-12 00:00:00+00:00,DR,2024-08-27T18:22:14.800Z,2018,3,1,1.0,6.123233995736766e-17,1.0,6.123233995736766e-17,5.0,23.0,Other,13,0,0,0,0.6,0,0,0,1,0,0,0,0,0,0,3.0,7.8,115.0,10576876.95,91.0,116229.41703296703,2045701.82,16.174180851054807,2
0aa18410-46fd-42a2-9db3-53adcfc07e99,508b012639ffbef8653572baaba23bd402ff5e42,4358,KY,Flood,2018-04-12 00:00:00+00:00,2018-02-09 00:00:00+00:00,2018-02-14 00:00:00+00:00,DR,2024-08-27T18:22:14.800Z,2018,4,2,0.8660254037844387,-0.4999999999999998,1.2246467991473532e-16,-1.0,5.0,62.0,South,74,0,0,0,0.44999999999999996,0,0,1,0,0,0,0,0,0,0,2.25,33.3,310.0,26257383.54,248.0,105876.54653225806,2688159.84,17.083457823249557,3
abf8c352-db9e-44a3-b94d-1f6bf32aa8b2,9828c55f1ca2cd7ceccc1a57a75e5712ac2d1ac5,4359,WV,Mud/Landslide,2018-04-17 00:00:00+00:00,2018-02-14 00:00:00+00:00,2018-02-20 00:00:00+00:00,DR,2024-08-27T18:22:14.800Z,2018,4,2,0.8660254037844387,-0.4999999999999998,1.2246467991473532e-16,-1.0,6.0,62.0,South,68,0,0,0,0.0,0,0,0,0,0,0,0,0,0,0,0.0,0.0,372.0,34929198.98,120.0,291076.65816666663,3944851.61,17.368833712999397,3
b191c3f2-f499-47f4-9c8f-a4ddc5cda397,7f9a32fb57784947875024b5992abcdd36bdc112,4360,OH,Flood,2018-04-17 00:00:00+00:00,2018-02-14 00:00:00+00:00,2018-02-25 00:00:00+00:00,DR,2024-08-27T18:22:14.800Z,2018,4,2,0.8660254037844387,-0.4999999999999998,1.2246467991473532e-16,-1.0,11.0,62.0,Midwest,54,0,0,0,0.44999999999999996,0,0,1,0,0,0,0,0,0,0,4.949999999999999,24.299999999999997,682.0,63519160.74,820.0,77462.39114634147,1400623.07,17.96685217802766,0
47080099-511a-4642-a0a9-9558868a0e99,ce1f1a8001d3432b89cf74570221d1b09a5a83f5,4361,KY,Flood,2018-04-26 00:00:00+00:00,2018-02-21 00:00:00+00:00,2018-03-21 00:00:00+00:00,DR,2024-08-27T18:22:14.800Z,2018,4,2,0.8660254037844387,-0.4999999999999998,1.2246467991473532e-16,-1.0,28.0,64.0,South,75,0,0,0,0.44999999999999996,0,0,1,0,0,0,0,0,0,0,12.599999999999998,33.75,1792.0,19969175.28,355.0,56251.19797183099,2155925.62,16.809700456669475,3
f8deb8c6-36d6-4a9d-8f6d-4e63cac77529,4d031bea856f0dd96c9de5967295e8c4dfe645a1,4362,AL,Severe Storm,2018-04-26 00:00:00+00:00,2018-03-19 00:00:00+00:00,2018-03-20 00:00:00+00:00,DR,2024-08-27T18:22:14.800Z,2018,4,2,0.8660254037844387,-0.4999999999999998,1.2246467991473532e-16,-1.0,1.0,38.0,South,82,0,0,0,0.3,0,1,0,0,0,0,0,0,0,0,0.3,24.599999999999998,38.0,40313692.64,108.0,373274.93185185187,19611657.0,17.512201761756327,3
8b63ad18-def2-4471-8551-fb919a4da2ce,8d0256ec1b1eef7fa141ac244797f231003010de,4363,IN,Flood,2018-05-04 00:00:00+00:00,2018-02-14 00:00:00+00:00,2018-03-04 00:00:00+00:00,DR,2026-02-17T18:41:18.945Z,2018,5,2,0.49999999999999994,-0.8660254037844387,1.2246467991473532e-16,-1.0,18.0,79.0,Midwest,48,0,0,0,0.44999999999999996,0,0,1,0,0,0,0,0,0,0,8.1,21.599999999999998,1422.0,10488563.540000001,298.0,35196.52194630873,1677777.7,16.16579613020816,0
5e96b554-a7a7-45e8-bced-78ae351b59f0,f3d86c185c427c7f789b72b186572c84b3ad3374,4365,HI,Flood,2018-05-08 00:00:00+00:00,2018-04-13 00:00:00+00:00,2018-04-16 00:00:00+00:00,DR,2024-08-27T18:22:14.800Z,2018,5,2,0.49999999999999994,-0.8660254037844387,1.2246467991473532e-16,-1.0,3.0,25.0,West,48,0,0,0,0.44999999999999996,0,0,1,0,0,0,0,0,0,0,1.3499999999999999,21.599999999999998,75.0,13712611.37,73.0,187843.991369863,2211842.59,16.4338265782449,4
3b24dc0e-f7df-48b5-b34b-91b69a51ae96,648fb8654b7599dea07ff64106b45948405f948a,4366,HI,Volcanic Eruption,2018-05-11 00:00:00+00:00,2018-05-03 00:00:00+00:00,2018-08-17 00:00:00+00:00,DR,2024-08-27T18:22:14.800Z,2018,5,2,0.49999999999999994,-0.8660254037844387,1.2246467991473532e-16,-1.0,106.0,8.0,West,49,0,0,0,0.0,0,0,0,0,0,0,0,0,0,0,0.0,0.0,848.0,128846064.46000001,55.0,2342655.7174545457,61434523.2,18.67412895877958,4
79ce5380-d674-4de4-aa2f-9f2a0c6e86e8,525abb3b6b1d4ff213b3773519293461a659aea6,4367,ME,Coastal Storm,2018-05-30 00:00:00+00:00,2018-03-02 00:00:00+00:00,2018-03-08 00:00:00+00:00,DR,2024-08-27T18:22:14.800Z,2018,5,2,0.49999999999999994,-0.8660254037844387,1.2246467991473532e-16,-1.0,6.0,89.0,Northeast,58,0,0,0,0.3,0,0,0,0,0,0,0,0,0,0,1.7999999999999998,17.4,534.0,10733954.66,63.0,170380.2326984127,5731705.01,16.18892270091105,1
09163f0c-f54b-41f8-8e83-92271bb71403,8f91fb7f70298e0c6c70516dcd1a794bfdf2e848,4368,NJ,Severe Storm,2018-06-08 00:00:00+00:00,2018-03-06 00:00:00+00:00,2018-03-07 00:00:00+00:00,DR,2026-02-09T14:01:11.693Z,2018,6,2,1.2246467991473532e-16,-1.0,1.2246467991473532e-16,-1.0,1.0,94.0,Northeast,50,0,0,0,0.3,0,1,0,0,0,0,0,0,0,0,0.3,15.0,94.0,30193562.84,471.0,64105.2289596603,2174730.26,17.223139341751462,1
3e4af2fa-d44a-4830-9bf5-06037c47cbb4,58f21633f061d709a9f7bfccb47d247e153a479b,4369,AK,Coastal Storm,2018-06-08 00:00:00+00:00,2017-12-04 00:00:00+00:00,2017-12-04 00:00:00+00:00,DR,2025-06-10T12:01:18.907Z,2018,6,2,1.2246467991473532e-16,-1.0,1.2246467991473532e-16,-1.0,0.0,186.0,West,62,0,0,0,0.3,0,0,0,0,0,0,0,0,0,0,0.0,18.599999999999998,0.0,3908163.56,7.0,558309.08,2724770.97,15.178578399753667,4
2297580d-7124-403a-a7dd-a2171d38a11e,47904e9a1655bda42f6349b4b1df90cd03a53da7,4370,NH,Coastal Storm,2018-06-08 00:00:00+00:00,2018-03-02 00:00:00+00:00,2018-03-08 00:00:00+00:00,DR,2024-08-27T18:22:14.800Z,2018,6,2,1.2246467991473532e-16,-1.0,1.2246467991473532e-16,-1.0,6.0,98.0,Northeast,50,0,0,0,0.3,0,0,0,0,0,0,0,0,0,0,1.7999999999999998,15.0,588.0,20240528.89,42.0,481917.3545238095,17808546.08,16.823197582376807,1
86a309b9-e065-4dd1-9ffc-accb168333a1,869e83c48ea79eda2677ec4f682024d321c55532,4371,NH,Snowstorm,2018-06-08 00:00:00+00:00,2018-03-13 00:00:00+00:00,2018-03-14 00:00:00+00:00,DR,2025-05-21T11:41:14.906Z,2018,6,2,1.2246467991473532e-16,-1.0,1.2246467991473532e-16,-1.0,1.0,87.0,Northeast,51,0,0,0,0.15,0,0,0,0,0,1,0,0,0,0,0.15,7.6499999999999995,87.0,2472947.46,60.0,41215.791,596700.56,14.72092170520267,1
6cf7e6cb-0ea8-4e05-8dbc-88827c1fffb7,b9c361ff3935767465bdc5dfb0200a14bc921b54,4372,MA,Severe Storm,2018-06-25 00:00:00+00:00,2018-03-02 00:00:00+00:00,2018-03-03 00:00:00+00:00,DR,2024-08-27T18:22:14.800Z,2018,6,2,1.2246467991473532e-16,-1.0,1.2246467991473532e-16,-1.0,1.0,115.0,Northeast,48,0,0,0,0.3,0,1,0,0,0,0,0,0,0,0,0.3,14.399999999999999,115.0,35060650.81,432.0,81158.91391203704,3632229.73,17.37259002855665,1
8ae2dc53-0ea9-4d98-b30b-990cda599f12,96969b78d3f3d09af229f6f6501bbefb9ce61c8b,4373,OK,Fire,2018-06-25 00:00:00+00:00,2018-04-11 00:00:00+00:00,2018-04-20 00:00:00+00:00,DR,2025-06-18T15:42:08.104Z,2018,6,2,1.2246467991473532e-16,-1.0,1.2246467991473532e-16,-1.0,9.0,75.0,South,188,0,0,0,0.3,1,0,0,0,0,0,0,0,0,0,2.6999999999999997,56.4,675.0,5306654.47,28.0,189523.3739285714,1875534.87,15.484472339785553,3
09082636-162b-4bbe-86ac-f7e8e680a034,9d23daa30e96bfa6e51a48acb14d8d316ee6061a,4374,MD,Severe Storm,2018-06-25 00:00:00+00:00,2018-05-15 00:00:00+00:00,2018-05-19 00:00:00+00:00,DR,2024-08-27T18:22:14.800Z,2018,6,2,1.2246467991473532e-16,-1.0,1.2246467991473532e-16,-1.0,4.0,41.0,South,32,0,0,0,0.3,0,1,0,0,0,0,0,0,0,0,1.2,9.6,164.0,8911251.06,58.0,153642.2596551724,1672387.64,16.002825312582416,3
f95e19ea-760b-4297-8979-e140c65a8be1,28720375f65584d0b072111ebada21b9ef1308c4,4375,NE,Snowstorm,2018-06-29 00:00:00+00:00,2018-04-13 00:00:00+00:00,2018-04-18 00:00:00+00:00,DR,2024-08-27T18:22:14.800Z,2018,6,2,1.2246467991473532e-16,-1.0,1.2246467991473532e-16,-1.0,5.0,77.0,Midwest,62,0,0,0,0.15,0,0,0,0,0,1,0,0,0,0,0.75,9.299999999999999,385.0,7302114.67,35.0,208631.84771428572,1229168.99,15.803674681937771,0
81862fe1-78e2-48d5-af5c-edbcdd19f6e4,a06d998bcecdaa1a557bdd4f547f8ebfab579e19,4376,MD,Flood,2018-07-02 00:00:00+00:00,2018-05-27 00:00:00+00:00,2018-05-28 00:00:00+00:00,DR,2024-08-27T18:22:14.800Z,2018,7,3,-0.4999999999999997,-0.8660254037844388,-1.0,-1.8369701987210297e-16,1.0,36.0,South,33,0,0,0,0.44999999999999996,0,0,1,0,0,0,0,0,0,0,0.44999999999999996,14.849999999999998,36.0,18001125.04,97.0,185578.6086597938,1515201.75,16.70594487168156,3
4d01ed55-b975-42b0-8e85-d48501400393,7848d13bb2bd7fea4992487da3c1cf557c8d3ab2,4378,WV,Severe Storm,2018-07-12 00:00:00+00:00,2018-05-28 00:00:00+00:00,2018-06-03 00:00:00+00:00,DR,2024-08-27T18:22:14.800Z,2018,7,3,-0.4999999999999997,-0.8660254037844388,-1.0,-1.8369701987210297e-16,6.0,45.0,South,69,0,0,0,0.3,0,1,0,0,0,0,0,0,0,0,1.7999999999999998,20.7,270.0,1941675.6199999999,45.0,43148.34711111111,277255.51,14.479062394915047,3
df377837-5b0f-4fe5-a02f-cf3299f0b5af,b85c92f590c6067a249e9494a7cee97ef4c836d1,4379,MA,Snowstorm,2018-07-19 00:00:00+00:00,2018-03-13 00:00:00+00:00,2018-03-14 00:00:00+00:00,DR,2024-08-27T18:22:14.800Z,2018,7,3,-0.4999999999999997,-0.8660254037844388,-1.0,-1.8369701987210297e-16,1.0,128.0,Northeast,49,0,0,0,0.15,0,0,0,0,0,1,0,0,0,0,0.15,7.35,128.0,36439258.07,373.0,97692.3808847185,3295330.05,17.411157297273355,1
8612f4d8-0ae1-40ee-aac6-cd41dd390315,857ddb6f8d735b0991bd45d4e9111b3864743f05,4380,VT,Severe Storm,2018-07-30 00:00:00+00:00,2018-05-04 00:00:00+00:00,2018-05-05 00:00:00+00:00,DR,2024-08-27T18:22:14.800Z,2018,7,3,-0.4999999999999997,-0.8660254037844388,-1.0,-1.8369701987210297e-16,1.0,87.0,Northeast,45,0,0,0,0.3,0,1,0,0,0,0,0,0,0,0,0.3,13.5,87.0,2996541.03,23.0,130284.39260869565,1183602.68,14.9129695251461,1
6fda03f1-7602-4d9c-b578-3380f9b6a366,bd1ebedfdb2ea3ea7cfc3dd25e7d750b008774ca,4381,MI,Flood,2018-08-02 00:00:00+00:00,2018-06-16 00:00:00+00:00,2018-06-18 00:00:00+00:00,DR,2024-08-27T18:22:14.800Z,2018,8,3,-0.8660254037844385,-0.5000000000000004,-1.0,-1.8369701987210297e-16,2.0,47.0,Midwest,37,0,0,0,0.44999999999999996,0,0,1,0,0,0,0,0,0,0,0.8999999999999999,16.65,94.0,33550900.0,167.0,200903.59281437125,3186949.5,17.328574276461005,0
8e7eebf8-f95e-4ab5-a12a-f25664b7ba67,c4fb75f37bff93e96d09685e1933c8804202436e,4382,CA,Fire,2018-08-04 00:00:00+00:00,2018-07-23 00:00:00+00:00,2018-09-19 00:00:00+00:00,DR,2024-08-27T18:22:14.800Z,2018,8,3,-0.8660254037844385,-0.5000000000000004,-1.0,-1.8369701987210297e-16,58.0,12.0,West,298,0,0,0,0.3,1,0,0,0,0,0,0,0,0,0,17.4,89.39999999999999,696.0,260735711.75,118.0,2209624.6758474577,126956321.07,19.37901785743889,4
f6511f88-83e5-44de-8508-cb1605b1ab02,9721b6b0f6cb261bf0b257265bfefbacb1d49412,4383,WI,Flood,2018-08-10 00:00:00+00:00,2018-06-15 00:00:00+00:00,2018-06-19 00:00:00+00:00,DR,2024-08-27T18:22:14.800Z,2018,8,3,-0.8660254037844385,-0.5000000000000004,-1.0,-1.8369701987210297e-16,4.0,56.0,Midwest,48,0,0,0,0.44999999999999996,0,0,1,0,0,0,0,0,0,0,1.7999999999999998,21.599999999999998,224.0,8599351.2,214.0,40183.88411214953,727498.97,15.967197432805227,0
08867e7f-002c-4220-bb97-a999ef4ec9c7,b972f97a44de22e88fd8cb89f07e694ce0a95bea,4384,WA,Flood,2018-08-17 00:00:00+00:00,2018-05-05 00:00:00+00:00,2018-05-28 00:00:00+00:00,DR,2024-08-27T18:22:14.800Z,2018,8,3,-0.8660254037844385,-0.5000000000000004,-1.0,-1.8369701987210297e-16,23.0,104.0,West,161,0,0,0,0.44999999999999996,0,0,1,0,0,0,0,0,0,0,10.35,72.44999999999999,2392.0,464404.17,9.0,51600.46333333333,165731.2,13.048512661388179,4
96507e10-6407-45c5-9639-1efe37fb96f7,7aa8c737706061c332f9b7bfcc942518cc473be2,4385,CT,Tornado,2018-08-20 00:00:00+00:00,2018-05-15 00:00:00+00:00,2018-05-15 00:00:00+00:00,DR,2026-07-20T21:43:12.371Z,2018,8,3,-0.8660254037844385,-0.5000000000000004,-1.0,-1.8369701987210297e-16,0.0,97.0,Northeast,31,0,0,0,0.44999999999999996,0,0,0,0,1,0,0,0,0,0,0.0,13.95,0.0,17803249.55,131.0,135902.66832061068,2367745.46,16.69489161375873,1
0ca98be8-01d4-4f91-a0aa-87ac8950d203,c2ac110051b7692f41aec3dc6ffb1f838565ac42,4386,IA,Severe Storm,2018-08-20 00:00:00+00:00,2018-06-06 00:00:00+00:00,2018-07-02 00:00:00+00:00,DR,2026-02-18T17:21:12.234Z,2018,8,3,-0.8660254037844385,-0.5000000000000004,-1.0,-1.8369701987210297e-16,26.0,75.0,Midwest,63,0,0,0,0.3,0,1,0,0,0,0,0,0,0,0,7.8,18.9,1950.0,15302173.31,409.0,37413.62667481662,622687.86,16.54350548803045,0
f05fa88c-2c4d-451c-ad73-e089f38e984d,f6e3ab0f7bf522b88ff3dc28d429f53d14af4ca0,4387,NE,Severe Storm,2018-08-27 00:00:00+00:00,2018-06-17 00:00:00+00:00,2018-07-01 00:00:00+00:00,DR,2024-08-27T18:22:14.800Z,2018,8,3,-0.8660254037844385,-0.5000000000000004,-1.0,-1.8369701987210297e-16,14.0,71.0,Midwest,63,0,0,0,0.3,0,1,0,0,0,0,0,0,0,0,4.2,18.9,994.0,2577582.63,57.0,45220.74789473684,556794.41,14.762362940515654,0
74d3584b-8d2d-4a42-9554-9187fc43697c,73273fb0d6e3e7bc419e5f4ed6563ae4fd3ab7e1,4388,MT,Flood,2018-08-30 00:00:00+00:00,2018-04-12 00:00:00+00:00,2018-05-06 00:00:00+00:00,DR,2024-10-22T18:21:56.613Z,2018,8,3,-0.8660254037844385,-0.5000000000000004,-1.0,-1.8369701987210297e-16,24.0,140.0,West,79,0,0,0,0.44999999999999996,0,0,1,0,0,0,0,0,0,0,10.799999999999999,35.55,3360.0,1859316.92,65.0,28604.87569230769,259492.75,14.435720268757528,4
3fd357b0-7f2f-4612-8107-7e9d7bd35a55,fb40eac89a3d798d693afda75cf6f9200fa0c0ff,4389,AZ,Flood,2018-08-31 00:00:00+00:00,2018-07-11 00:00:00+00:00,2018-07-12 00:00:00+00:00,DR,2024-08-27T18:22:14.800Z,2018,8,3,-0.8660254037844385,-0.5000000000000004,-1.0,-1.8369701987210297e-16,1.0,51.0,West,85,0,0,0,0.44999999999999996,0,0,1,0,0,0,0,0,0,0,0.44999999999999996,38.24999999999999,51.0,513182.46,3.0,171060.82,353659.06,13.14838868205382,4
6bbefdc9-8fe0-4b8d-8fdc-740b83145f1f,1d45581ed0c2bcf1d320e1d593a56798d97f5b96,4390,MN,Flood,2018-09-05 00:00:00+00:00,2018-06-15 00:00:00+00:00,2018-07-12 00:00:00+00:00,DR,2024-08-27T18:22:14.800Z,2018,9,3,-1.0,-1.8369701987210297e-16,-1.0,-1.8369701987210297e-16,27.0,82.0,Midwest,67,0,0,0,0.44999999999999996,0,0,1,0,0,0,0,0,0,0,12.149999999999999,30.15,2214.0,25413577.93,631.0,40275.083882725834,4434112.76,17.050794192682506,0
f97b146f-d412-4f0d-b04a-c9316944f293,8177248f7e244f4ffbc2155c6c9bd7f73c8a96f8,4392,IA,Severe Storm,2018-09-12 00:00:00+00:00,2018-07-19 00:00:00+00:00,2018-07-19 00:00:00+00:00,DR,2024-08-27T18:22:14.800Z,2018,9,3,-1.0,-1.8369701987210297e-16,-1.0,-1.8369701987210297e-16,0.0,55.0,Midwest,64,0,0,0,0.3,0,1,0,0,0,0,0,0,0,0,0.0,19.2,0.0,2814814.41,24.0,117283.93375000001,1108178.66,14.850407243693622,0
7fa4b2c4-4c58-40ad-aac6-cc8eee90423b,05681f7fd7edbddfb439226520aea2451fdb945b,4393,NC,Hurricane,2018-09-14 00:00:00+00:00,2018-09-07 00:00:00+00:00,2018-09-29 00:00:00+00:00,DR,2024-08-27T18:22:14.800Z,2018,9,3,-1.0,-1.8369701987210297e-16,-1.0,-1.8369701987210297e-16,22.0,7.0,South,62,0,0,0,0.6,0,0,0,1,0,0,0,0,0,0,13.2,37.199999999999996,154.0,789765293.07,2544.0,310442.3321816038,46165927.79,20.487246363169625,3
b8cb3c9d-5429-4565-8c3f-0c655742a7a2,022038d6f2ca0d59dc0b152ea0aeac2b59a2b08b,4394,SC,Hurricane,2018-09-16 00:00:00+00:00,2018-09-08 00:00:00+00:00,2018-10-08 00:00:00+00:00,DR,2024-08-27T18:22:14.800Z,2018,9,3,-1.0,-1.8369701987210297e-16,-1.0,-1.8369701987210297e-16,30.0,8.0,South,31,0,0,0,0.6,0,0,0,1,0,0,0,0,0,0,18.0,18.599999999999998,240.0,98259100.45,475.0,206861.26410526317,9471416.75,18.40311844004664,3
5ee07fed-1785-4568-a87f-a21dbc7daa8f,83704e19173d3c7660432ea92f9c9e14d1214fd2,4395,HI,Hurricane,2018-09-27 00:00:00+00:00,2018-08-22 00:00:00+00:00,2018-08-29 00:00:00+00:00,DR,2024-08-27T18:22:14.800Z,2018,9,3,-1.0,-1.8369701987210297e-16,-1.0,-1.8369701987210297e-16,7.0,36.0,West,52,0,0,0,0.6,0,0,0,1,0,0,0,0,0,0,4.2,31.2,252.0,18254379.03,64.0,285224.67234375,3019555.5,16.719915610840822,4
30ace365-c52b-4823-932a-7faa2923903c,9db0d7d4002bfe8d1915d70f231082986bf5a4b0,4396,MP,Typhoon,2018-09-29 00:00:00+00:00,2018-09-10 00:00:00+00:00,2018-09-11 00:00:00+00:00,DR,2024-08-27T18:22:14.800Z,2018,9,3,-1.0,-1.8369701987210297e-16,-1.0,-1.8369701987210297e-16,1.0,19.0,Other,16,0,0,0,0.6,0,0,0,0,0,0,0,0,1,0,0.6,9.6,19.0,3804937.5500000003,23.0,165432.06739130436,1013129.1,15.151810399344622,2
c6ebae7d-6305-4339-9031-d74c2c1226a2,7ff53e8d117498260bf6b83e67cea09bd6b32f21,4397,NY,Flood,2018-10-01 00:00:00+00:00,2018-08-13 00:00:00+00:00,2018-08-15 00:00:00+00:00,DR,2024-08-27T18:22:14.800Z,2018,10,4,-0.8660254037844386,0.5000000000000001,-2.4492935982947064e-16,1.0,2.0,49.0,Northeast,96,0,0,0,0.44999999999999996,0,0,1,0,0,0,0,0,0,0,0.8999999999999999,43.199999999999996,98.0,29968277.12,461.0,65007.108720173535,2581708.7,17.21564998418888,1
0bc8e0c6-8f95-4447-99a6-f1942bdcbc7c,2929a009413dab9f85fc2d4cc8c198efa649f51b,4398,GU,Typhoon,2018-10-01 00:00:00+00:00,2018-09-10 00:00:00+00:00,2018-09-11 00:00:00+00:00,DR,2024-08-27T18:22:14.800Z,2018,10,4,-0.8660254037844386,0.5000000000000001,-2.4492935982947064e-16,1.0,1.0,21.0,Other,15,0,0,0,0.6,0,0,0,0,0,0,0,0,1,0,0.6,9.0,21.0,7308075.82,35.0,208802.16628571428,3033916.79,15.804490708192711,2
d10970e5-13af-4c57-b4eb-627e9bac8542,7ed688fdb45fde7cd93ea302b5cdaa7a8d46eece,4399,FL,Hurricane,2018-10-11 00:00:00+00:00,2018-10-07 00:00:00+00:00,2018-10-19 00:00:00+00:00,DR,2024-08-27T18:22:14.800Z,2018,10,4,-0.8660254037844386,0.5000000000000001,-2.4492935982947064e-16,1.0,12.0,4.0,South,148,0,0,0,0.6,0,0,0,1,0,0,0,0,0,0,7.199999999999999,88.8,48.0,2265385654.0099998,2030.0,1115953.524142857,104092925.02,21.541010848500193,3
70e5ffa1-c860-4ca6-979c-f04eef304750,2a876ca70748d99a1b2f207f9390969d9e40f6b1,4400,GA,Hurricane,2018-10-14 00:00:00+00:00,2018-10-09 00:00:00+00:00,2018-10-23 00:00:00+00:00,DR,2024-08-27T18:22:14.800Z,2018,10,4,-0.8660254037844386,0.5000000000000001,-2.4492935982947064e-16,1.0,14.0,5.0,South,66,0,0,0,0.6,0,0,0,1,0,0,0,0,0,0,8.4,39.6,70.0,140119628.13,556.0,252013.71965827336,21347512.14,18.758007109487316,3
20022e33-8dfb-4b62-b1c4-12ca9a783cc0,8316677394ccdff324d1cf3bd3e3aca65129dd4c,4401,VA,Hurricane,2018-10-15 00:00:00+00:00,2018-09-08 00:00:00+00:00,2018-09-21 00:00:00+00:00,DR,2024-08-27T18:22:14.800Z,2018,10,4,-0.8660254037844386,0.5000000000000001,-2.4492935982947064e-16,1.0,13.0,37.0,South,65,0,0,0,0.6,0,0,0,1,0,0,0,0,0,0,7.8,39.0,481.0,33230394.25,99.0,335660.547979798,23363437.5,17.318975534632596,3
605ad54a-a014-4916-b2ad-f54fb617d266,77d131a7a159808bfc19c69f731be06bf37fcf71,4402,WI,Flood,2018-10-18 00:00:00+00:00,2018-08-17 00:00:00+00:00,2018-09-14 00:00:00+00:00,DR,2024-08-27T18:22:14.800Z,2018,10,4,-0.8660254037844386,0.5000000000000001,-2.4492935982947064e-16,1.0,28.0,62.0,Midwest,49,0,0,0,0.44999999999999996,0,0,1,0,0,0,0,0,0,0,12.599999999999998,22.049999999999997,1736.0,37352265.02,825.0,45275.47275151515,4470853.07,17.435904137582277,0
e9fefe01-f38a-4522-afcf-9fade7b758df,ae7bcf83ba7e7cfc88a60d95dc1da1ec95cac0fa,4403,KS,Severe Storm,2018-10-19 00:00:00+00:00,2018-09-01 00:00:00+00:00,2018-09-08 00:00:00+00:00,DR,2026-07-20T21:43:12.371Z,2018,10,4,-0.8660254037844386,0.5000000000000001,-2.4492935982947064e-16,1.0,7.0,48.0,Midwest,70,0,0,0,0.3,0,1,0,0,0,0,0,0,0,0,2.1,21.0,336.0,4029663.87,107.0,37660.41,578491.96,15.209193771656047,0
10d08a68-401b-41f1-93e9-6cdede818965,669a4275411bdcebab057c990f4c82d4157781ab,4404,MP,Typhoon,2018-10-26 00:00:00+00:00,2018-10-24 00:00:00+00:00,2018-10-26 00:00:00+00:00,DR,2024-08-27T18:22:14.800Z,2018,10,4,-0.8660254037844386,0.5000000000000001,-2.4492935982947064e-16,1.0,2.0,2.0,Other,18,0,0,0,0.6,0,0,0,0,0,0,0,0,1,0,1.2,10.799999999999999,4.0,294058034.65,187.0,1572502.859090909,84936485.92,19.499287705992174,2
5edec782-661b-463b-98da-34d2b6cfed19,0602682e93133495bcaaedf98902c33095825155,4405,MT,Flood,2018-10-31 00:00:00+00:00,2018-05-01 00:00:00+00:00,2018-06-10 00:00:00+00:00,DR,2024-10-22T18:21:56.613Z,2018,10,4,-0.8660254037844386,0.5000000000000001,-2.4492935982947064e-16,1.0,40.0,183.0,West,80,0,0,0,0.44999999999999996,0,0,1,0,0,0,0,0,0,0,18.0,36.0,7320.0,1648424.91,38.0,43379.60289473684,490615.5,14.315331396595532,4
64bdb5d0-5d57-443e-acd2-b8fda090fff6,a4b69440ba8d65b5726f8d9e556ae354c6d1cd33,4406,AL,Hurricane,2018-11-05 00:00:00+00:00,2018-10-10 00:00:00+00:00,2018-10-13 00:00:00+00:00,DR,2024-08-27T18:22:14.800Z,2018,11,4,-0.5000000000000004,0.8660254037844384,-2.4492935982947064e-16,1.0,3.0,26.0,South,84,0,0,0,0.6,0,0,0,1,0,0,0,0,0,0,1.7999999999999998,50.4,78.0,18267267.33,113.0,161657.23300884955,3074048.96,16.72062140048142,3
5372fa16-ff24-423a-bcc5-97db38269d91,e43320446e9072c5904ec04355aa7d1b1daa228c,4407,CA,Fire,2018-11-12 00:00:00+00:00,2018-11-08 00:00:00+00:00,2018-11-25 00:00:00+00:00,DR,2024-08-27T18:22:14.800Z,2018,11,4,-0.5000000000000004,0.8660254037844384,-2.4492935982947064e-16,1.0,17.0,4.0,West,304,0,0,0,0.3,1,0,0,0,0,0,0,0,0,0,5.1,91.2,68.0,1969089999.41,354.0,5562401.128276836,1185846618.14,21.40083734424848,4
7dc1cb5e-513c-4eda-984e-76f3bb7feb79,bce45d3fd6ca1fbaaf7d7eb0f7c54b3e521593de,4408,PA,Severe Storm,2018-11-27 00:00:00+00:00,2018-08-10 00:00:00+00:00,2018-08-15 00:00:00+00:00,DR,2024-08-27T18:22:14.800Z,2018,11,4,-0.5000000000000004,0.8660254037844384,-2.4492935982947064e-16,1.0,5.0,109.0,Northeast,59,0,0,0,0.3,0,1,0,0,0,0,0,0,0,0,1.5,17.7,545.0,76215342.47,712.0,107044.0203230337,6357183.56,18.149073358261116,1
af979c15-de53-4b5f-88be-8f953bb5e971,0be729f1cf7af64ea8ba2d895c6339292493c176,4409,AZ,Severe Storm,2018-11-30 00:00:00+00:00,2018-10-01 00:00:00+00:00,2018-10-03 00:00:00+00:00,DR,2024-08-27T18:22:14.800Z,2018,11,4,-0.5000000000000004,0.8660254037844384,-2.4492935982947064e-16,1.0,2.0,60.0,West,86,0,0,0,0.3,0,1,0,0,0,0,0,0,0,0,0.6,25.8,120.0,4851345.9,15.0,323423.06,1491612.05,15.394766935699217,4
4530069b-e600-41e6-a4ba-9bf38c67587a,286fe5d7228f003fc97085aa5ba6bfcc9dc740cb,4410,CT,Severe Storm,2018-12-05 00:00:00+00:00,2018-09-25 00:00:00+00:00,2018-09-26 00:00:00+00:00,DR,2024-08-27T18:22:14.800Z,2018,12,4,-2.4492935982947064e-16,1.0,-2.4492935982947064e-16,1.0,1.0,71.0,Northeast,32,0,0,0,0.3,0,1,0,0,0,0,0,0,0,0,0.3,9.6,71.0,3246588.24,38.0,85436.53263157896,751247.13,14.993115538616957,1
a9f8b55b-c09c-4356-90e7-ca4a95a5940e,4de741429aa1d45364607e2fef7545c38a890d66,4411,VA,Hurricane,2018-12-18 00:00:00+00:00,2018-10-09 00:00:00+00:00,2018-10-16 00:00:00+00:00,DR,2024-08-27T18:22:14.800Z,2018,12,4,-2.4492935982947064e-16,1.0,-2.4492935982947064e-16,1.0,7.0,70.0,South,66,0,0,0,0.6,0,0,0,1,0,0,0,0,0,0,4.2,39.6,490.0,39242269.37,263.0,149210.14969581747,3867535.86,17.485265049550385,3
127b91a4-7342-4f88-b5ca-b76d93a57a94,bb1df0fabd2a051d433c3ad944bd0211adf9bb06,4412,NC,Hurricane,2019-01-31 00:00:00+00:00,2018-10-10 00:00:00+00:00,2018-10-12 00:00:00+00:00,DR,2024-08-27T18:22:14.800Z,2019,1,1,0.49999999999999994,0.8660254037844387,1.0,6.123233995736766e-17,2.0,113.0,South,63,0,0,0,0.6,0,0,0,1,0,0,0,0,0,0,1.2,37.8,226.0,18890910.27,185.0,102113.02848648648,4033119.6,16.754191479182325,3
f022460b-12fa-4f23-9a41-38c2dd5a36ce,9826364d42baa579fa0c3d49c23e9e3fcd2cb649,4413,AK,Earthquake,2019-01-31 00:00:00+00:00,2018-11-30 00:00:00+00:00,2018-11-30 00:00:00+00:00,DR,2024-08-27T18:22:14.800Z,2019,1,1,0.49999999999999994,0.8660254037844387,1.0,6.123233995736766e-17,0.0,62.0,West,65,0,0,0,0.6,0,0,0,0,0,0,0,0,0,0,0.0,39.0,0.0,186403574.14,358.0,520680.3746927374,16533932.01,19.043424639967455,4
a2af5bcd-6cea-4a97-9be8-1ada81bedc3e,d662839eb6eb7a4b963ced370a6276aa6cf45acb,4414,MN,Flood,2019-02-01 00:00:00+00:00,2018-10-09 00:00:00+00:00,2018-10-11 00:00:00+00:00,DR,2024-08-27T18:22:14.800Z,2019,2,1,0.8660254037844386,0.5000000000000001,1.0,6.123233995736766e-17,2.0,115.0,Midwest,68,0,0,0,0.44999999999999996,0,0,1,0,0,0,0,0,0,0,0.8999999999999999,30.599999999999998,230.0,10007887.69,13.0,769837.5146153846,4544109.75,16.118884208964715,0
21e8c6cb-fc8d-4cd9-ba32-069170a28ad5,825233eb287e897166859a061a8eefd61dfab279,4415,MS,Severe Storm,2019-02-14 00:00:00+00:00,2018-12-27 00:00:00+00:00,2018-12-28 00:00:00+00:00,DR,2026-07-09T19:41:12.798Z,2019,2,1,0.8660254037844386,0.5000000000000001,1.0,6.123233995736766e-17,1.0,49.0,South,72,0,0,0,0.3,0,1,0,0,0,0,0,0,0,0,0.3,21.599999999999998,49.0,6453697.9,154.0,41907.12922077922,440431.5,15.680163997267446,3
1ccc860d-1917-400f-a266-0a0a0a92d73a,dae50558c3825ce17927003415ce756af0e1feeb,4416,TX,Flood,2019-02-25 00:00:00+00:00,2018-09-10 00:00:00+00:00,2018-11-02 00:00:00+00:00,DR,2024-08-27T18:22:14.800Z,2019,2,1,0.8660254037844386,0.5000000000000001,1.0,6.123233995736766e-17,53.0,168.0,South,351,0,0,0,0.44999999999999996,0,0,1,0,0,0,0,0,0,0,23.849999999999998,157.95,8904.0,47039023.65,456.0,103155.75361842105,3808651.78,17.66648812685839,3
bda64ccb-95a2-459a-880c-ad357fba6400,393e6f0b0c06bb584666ec802de425777ef39050,4417,KS,Severe Storm,2019-02-25 00:00:00+00:00,2018-10-04 00:00:00+00:00,2018-10-15 00:00:00+00:00,DR,2025-03-11T11:01:35.528Z,2019,2,1,0.8660254037844386,0.5000000000000001,1.0,6.123233995736766e-17,11.0,144.0,Midwest,71,0,0,0,0.3,0,1,0,0,0,0,0,0,0,0,3.3,21.3,1584.0,3501859.85,141.0,24835.885460992908,292062.86,15.068805056601036,0
ee473101-ede7-4c4e-a8ac-190957fc5e4c,1df0a8237ee3c6332f695d010e8141ec17999a75,4418,WA,Severe Storm,2019-03-04 00:00:00+00:00,2018-12-10 00:00:00+00:00,2018-12-24 00:00:00+00:00,DR,2024-08-27T18:22:14.800Z,2019,3,1,1.0,6.123233995736766e-17,1.0,6.123233995736766e-17,14.0,84.0,West,162,0,0,0,0.3,0,1,0,0,0,0,0,0,0,0,4.2,48.6,1176.0,13831705.049999999,93.0,148728.01129032258,3161033.89,16.442474054673525,4
ebf251e9-2902-4a15-a93b-c5be67843df8,0a9d519cb8b1e7b8a8fa6b52c17fea9a23047338,4419,AL,Tornado,2019-03-05 00:00:00+00:00,2019-03-03 00:00:00+00:00,2019-03-03 00:00:00+00:00,DR,2026-07-23T14:25:56.892Z,2019,3,1,1.0,6.123233995736766e-17,1.0,6.123233995736766e-17,0.0,2.0,South,85,0,0,0,0.44999999999999996,0,0,0,0,1,0,0,0,0,0,0.0,38.24999999999999,0.0,3480384.35,16.0,217524.021875,2326220.54,15.062653578378859,3
f1c3e0cf-a631-44ee-bebb-cc76d7ec456f,70ad441e709fee4f78bcd6eec9aae4fbb5d8c70a,4420,NE,Flood,2019-03-21 00:00:00+00:00,2019-03-09 00:00:00+00:00,2019-07-14 00:00:00+00:00,DR,2024-08-27T18:22:14.800Z,2019,3,1,1.0,6.123233995736766e-17,1.0,6.123233995736766e-17,127.0,12.0,Midwest,64,0,0,0,0.44999999999999996,0,0,1,0,0,0,0,0,0,0,57.14999999999999,28.799999999999997,1524.0,528515091.02,1980.0,266926.8136464646,99864531.0,20.085581919196077,0
c276cc73-42d2-4179-b9f6-d63518ab863e,104aa161b6bcd6962cb9e55a8697502277904dd0,4421,IA,Flood,2019-03-23 00:00:00+00:00,2019-03-12 00:00:00+00:00,2019-06-15 00:00:00+00:00,DR,2024-08-27T18:22:14.800Z,2019,3,1,1.0,6.123233995736766e-17,1.0,6.123233995736766e-17,95.0,11.0,Midwest,65,0,0,0,0.44999999999999996,0,0,1,0,0,0,0,0,0,0,42.74999999999999,29.249999999999996,1045.0,168674476.66,1390.0,121348.54435971222,6841100.36,18.943481247748498,0
f0300169-0d87-4ed2-967e-5c9b5fb9b6c6,d75888891c602191d38142c73621168be4f7f54d,4422,CA,Severe Storm,2019-03-26 00:00:00+00:00,2019-02-14 00:00:00+00:00,2019-02-15 00:00:00+00:00,DR,2024-08-27T18:22:14.800Z,2019,3,1,1.0,6.123233995736766e-17,1.0,6.123233995736766e-17,1.0,40.0,West,305,0,0,0,0.3,0,1,0,0,0,0,0,0,0,0,0.3,91.5,40.0,575161.5,6.0,95860.25,283919.99,13.262407888548825,4
b32e9e80-a0b3-44d2-92d5-3bc2dce7d12c,0f8fbd1f2c138b37e0a1881c184119ad8b9ec59c,4423,CA,Severe Storm,2019-03-28 00:00:00+00:00,2019-02-14 00:00:00+00:00,2019-02-14 00:00:00+00:00,DR,2024-08-27T18:22:14.800Z,2019,3,1,1.0,6.123233995736766e-17,1.0,6.123233995736766e-17,0.0,42.0,West,306,0,0,0,0.3,0,1,0,0,0,0,0,0,0,0,0.0,91.8,0.0,2250088.4899999998,3.0,750029.4966666666,1829578.66,14.626480546722998,4
83a53491-4e18-4387-9475-8ce3b5abf636,cc3ae2e84264583efe72aad2b16ab9cda1e9b8ee,4424,OH,Flood,2019-04-08 00:00:00+00:00,2019-02-05 00:00:00+00:00,2019-02-13 00:00:00+00:00,DR,2024-08-27T18:22:14.800Z,2019,4,2,0.8660254037844387,-0.4999999999999998,1.2246467991473532e-16,-1.0,8.0,62.0,Midwest,55,0,0,0,0.44999999999999996,0,0,1,0,0,0,0,0,0,0,3.5999999999999996,24.749999999999996,496.0,63412932.72,621.0,102114.22338164251,2938529.72,17.965178400494644,0
98818350-27de-44be-a9e8-7cdde9544b0b,ec927beb60c27c0e775737f39e258edd7c0e5047,4425,CA,Severe Storm,2019-04-08 00:00:00+00:00,2019-02-14 00:00:00+00:00,2019-02-15 00:00:00+00:00,DR,2024-08-27T18:22:14.800Z,2019,4,2,0.8660254037844387,-0.4999999999999998,1.2246467991473532e-16,-1.0,1.0,53.0,West,307,0,0,0,0.3,0,1,0,0,0,0,0,0,0,0,0.3,92.1,53.0,5460572.79,4.0,1365143.1975,4863360.75,15.513064431943137,4
a2482655-ece8-43cf-8e84-88b364df2a51,50715c8e8ea264e395daf39f1009d1f2c0a6710f,4426,AL,Severe Storm,2019-04-17 00:00:00+00:00,2019-02-19 00:00:00+00:00,2019-03-20 00:00:00+00:00,DR,2024-08-27T18:22:14.800Z,2019,4,2,0.8660254037844387,-0.4999999999999998,1.2246467991473532e-16,-1.0,29.0,57.0,South,86,0,0,0,0.3,0,1,0,0,0,0,0,0,0,0,8.7,25.8,1653.0,13773887.860000001,175.0,78707.93062857144,4445021.61,16.438285246228904,3
37a19f55-7b37-48bd-a4a7-71c075700c2f,3a013036d9857b48e4783b57ed4c6125ba7330ea,4427,TN,Flood,2019-04-17 00:00:00+00:00,2019-02-19 00:00:00+00:00,2019-03-30 00:00:00+00:00,DR,2024-08-27T18:22:14.800Z,2019,4,2,0.8660254037844387,-0.4999999999999998,1.2246467991473532e-16,-1.0,39.0,57.0,South,69,0,0,0,0.44999999999999996,0,0,1,0,0,0,0,0,0,0,17.549999999999997,31.049999999999997,2223.0,21944073.57,556.0,39467.75821942446,1864903.58,16.90400770978921,3
009c5a02-8df0-4915-824d-23a1425a86b1,0963d504463bfbe8b601b4b1b3e43633cb2ca7ba,4428,KY,Severe Storm,2019-04-17 00:00:00+00:00,2019-02-06 00:00:00+00:00,2019-03-10 00:00:00+00:00,DR,2024-08-27T18:22:14.800Z,2019,4,2,0.8660254037844387,-0.4999999999999998,1.2246467991473532e-16,-1.0,32.0,70.0,South,76,0,0,0,0.3,0,1,0,0,0,0,0,0,0,0,9.6,22.8,2240.0,70854173.34,730.0,97060.51142465754,6717086.88,18.076134440361134,3
8bc159ac-4ebf-4283-bbb8-d51172a799bf,7bca5ef768999f8515c0efcb2f9bc6dbbc689d53,4429,MS,Severe Storm,2019-04-23 00:00:00+00:00,2019-02-22 00:00:00+00:00,2019-08-23 00:00:00+00:00,DR,2024-08-27T18:22:14.800Z,2019,4,2,0.8660254037844387,-0.4999999999999998,1.2246467991473532e-16,-1.0,182.0,60.0,South,73,0,0,0,0.3,0,1,0,0,0,0,0,0,0,0,54.6,21.9,10920.0,28100335.189999998,352.0,79830.49769886363,9040892.29,17.151292098289346,3
4e79c74f-e3e7-4398-a9b6-a102ad816522,f0d8e42348fb715cd7ab4c95e1f18bfbffc12103,4430,IA,Flood,2019-04-29 00:00:00+00:00,2019-03-13 00:00:00+00:00,2019-04-01 00:00:00+00:00,DR,2024-08-27T18:22:14.800Z,2019,4,2,0.8660254037844387,-0.4999999999999998,1.2246467991473532e-16,-1.0,19.0,47.0,Midwest,66,0,0,0,0.44999999999999996,0,0,1,0,0,0,0,0,0,0,8.549999999999999,29.699999999999996,893.0,495888.42,9.0,55098.71333333333,161539.5,13.11410823730307,0
62236e4c-50f0-4875-b164-82255d500196,84c16f107f5a82473a4f9798006af3e7a4ca3ecb,4431,CA,Severe Storm,2019-05-01 00:00:00+00:00,2019-02-13 00:00:00+00:00,2019-02-15 00:00:00+00:00,DR,2024-08-27T18:22:14.800Z,2019,5,2,0.49999999999999994,-0.8660254037844387,1.2246467991473532e-16,-1.0,2.0,77.0,West,308,0,0,0,0.3,0,1,0,0,0,0,0,0,0,0,0.6,92.39999999999999,154.0,42758369.1,279.0,153255.80322580645,3994465.5,17.571075525995195,4
4675beef-b0d7-48d0-8688-c49e3786c6e6,721956419777b757d0c68430c2809e500b64324f,4432,OR,Severe Storm,2019-05-02 00:00:00+00:00,2019-02-23 00:00:00+00:00,2019-02-26 00:00:00+00:00,DR,2024-08-27T18:22:14.800Z,2019,5,2,0.49999999999999994,-0.8660254037844387,1.2246467991473532e-16,-1.0,3.0,68.0,West,111,0,0,0,0.3,0,1,0,0,0,0,0,0,0,0,0.8999999999999999,33.3,204.0,29948521.57,173.0,173112.8414450867,7228129.13,17.214990551425835,4
032d733c-6e58-4af8-bf35-60b017caa015,99ac8061bfdcdec1d38a34bc0d366c0350efc0ad,4433,GU,Typhoon,2019-05-07 00:00:00+00:00,2019-02-23 00:00:00+00:00,2019-02-25 00:00:00+00:00,DR,2024-08-27T18:22:14.800Z,2019,5,2,0.49999999999999994,-0.8660254037844387,1.2246467991473532e-16,-1.0,2.0,73.0,Other,16,0,0,0,0.6,0,0,0,0,0,0,0,0,1,0,1.2,9.6,146.0,676950.32,20.0,33847.515999999996,236928.71,13.425354643843802,2
275e25d9-efcf-47db-b7ab-048d8d0a3eda,fdd540afc30be0a44e00f6938a99831dad817213,4434,CA,Severe Storm,2019-05-17 00:00:00+00:00,2019-02-24 00:00:00+00:00,2019-03-01 00:00:00+00:00,DR,2024-08-27T18:22:14.800Z,2019,5,2,0.49999999999999994,-0.8660254037844387,1.2246467991473532e-16,-1.0,5.0,82.0,West,309,0,0,0,0.3,0,1,0,0,0,0,0,0,0,0,1.5,92.7,410.0,36595740.82,272.0,134543.16477941177,1582920.75,17.415442447887294,4
a8e4b2b0-1130-49a4-a876-a9fcf65dd254,778a2d6347f5c57c4382dbe422ac46762671fcc3,4435,MO,Flood,2019-05-20 00:00:00+00:00,2019-03-11 00:00:00+00:00,2019-04-16 00:00:00+00:00,DR,2024-08-27T18:22:14.800Z,2019,5,2,0.49999999999999994,-0.8660254037844387,1.2246467991473532e-16,-1.0,36.0,70.0,Midwest,69,0,0,0,0.44999999999999996,0,0,1,0,0,0,0,0,0,0,16.2,31.049999999999997,2520.0,19162471.19,242.0,79183.76524793389,2382478.89,16.768464350889136,0
8a4e38bf-c71b-499c-a250-70c46a2c643a,bcb991f6f88f17af50d9192743f068426ca88ae7,4436,AZ,Severe Storm,2019-05-21 00:00:00+00:00,2019-02-21 00:00:00+00:00,2019-02-24 00:00:00+00:00,DR,2024-08-27T18:22:14.800Z,2019,5,2,0.49999999999999994,-0.8660254037844387,1.2246467991473532e-16,-1.0,3.0,89.0,West,87,0,0,0,0.3,0,1,0,0,0,0,0,0,0,0,0.8999999999999999,26.099999999999998,267.0,551698.83,13.0,42438.371538461535,125113.64,13.220759391121993,4
1d62db74-8ac9-4a42-afc8-e69d42c395d1,2286a70ae6e1ea6881587c157f051282c0151c13,4437,MT,Flood,2019-05-24 00:00:00+00:00,2019-03-20 00:00:00+00:00,2019-04-10 00:00:00+00:00,DR,2025-02-25T16:22:05.555Z,2019,5,2,0.49999999999999994,-0.8660254037844387,1.2246467991473532e-16,-1.0,21.0,65.0,West,81,0,0,0,0.44999999999999996,0,0,1,0,0,0,0,0,0,0,9.45,36.449999999999996,1365.0,971158.24,35.0,27747.378285714287,140895.55,13.786245729708144,4
10f3bdf4-7253-4284-92fd-79b426d23e6e,78f37a813c3ecdf0f24abaa7c50815ca61a5c1a1,4438,OK,Severe Storm,2019-06-01 00:00:00+00:00,2019-05-07 00:00:00+00:00,2019-06-09 00:00:00+00:00,DR,2024-08-27T18:22:14.800Z,2019,6,2,1.2246467991473532e-16,-1.0,1.2246467991473532e-16,-1.0,33.0,25.0,South,190,0,0,0,0.3,0,1,0,0,0,0,0,0,0,0,9.9,57.0,825.0,69033917.49,1082.0,63802.14185767098,5731486.03,18.050108514098284,3
26489d0d-990a-4868-b896-94dfb266878a,fe09e1f6fa17a58c3b1ed900b1df57483c1490bb,4439,LA,Severe Storm,2019-06-03 00:00:00+00:00,2019-04-24 00:00:00+00:00,2019-04-25 00:00:00+00:00,DR,2024-08-27T18:22:14.800Z,2019,6,2,1.2246467991473532e-16,-1.0,1.2246467991473532e-16,-1.0,1.0,40.0,South,80,0,0,0,0.3,0,1,0,0,0,0,0,0,0,0,0.3,24.0,40.0,17987314.22,45.0,399718.09377777774,10604961.48,16.705177357435627,3
6b0c1a8b-908a-4755-971c-51dd1d3f4083,179719f50f9e42580b885fdeb4e40adec830dc97,4440,SD,Flood,2019-06-07 00:00:00+00:00,2019-03-13 00:00:00+00:00,2019-04-26 00:00:00+00:00,DR,2025-07-29T16:21:34.849Z,2019,6,2,1.2246467991473532e-16,-1.0,1.2246467991473532e-16,-1.0,44.0,86.0,Midwest,73,0,0,0,0.44999999999999996,0,0,1,0,0,0,0,0,0,0,19.799999999999997,32.849999999999994,3784.0,60397125.09,1440.0,41942.44797916667,3387145.7,17.916452080481626,0
6c07594b-e2e2-43a0-950c-22017a026dc9,c1dfa3683e0db543eddb4fc5264f1a69c5614754,4441,AR,Flood,2019-06-08 00:00:00+00:00,2019-05-21 00:00:00+00:00,2019-06-14 00:00:00+00:00,DR,2024-08-27T18:22:14.800Z,2019,6,2,1.2246467991473532e-16,-1.0,1.2246467991473532e-16,-1.0,24.0,18.0,South,71,0,0,0,0.44999999999999996,0,0,1,0,0,0,0,0,0,0,10.799999999999999,31.949999999999996,432.0,53452821.08,341.0,156753.14099706744,10615631.64,17.79430999254481,3
3877b5e6-64eb-4044-a7f4-a3aaf56ee3fd,2e0d78964e7277c147caf3020fb7ca93ca422a2e,4442,MN,Flood,2019-06-12 00:00:00+00:00,2019-03-12 00:00:00+00:00,2019-04-28 00:00:00+00:00,DR,2024-08-27T18:22:14.800Z,2019,6,2,1.2246467991473532e-16,-1.0,1.2246467991473532e-16,-1.0,47.0,92.0,Midwest,69,0,0,0,0.44999999999999996,0,0,1,0,0,0,0,0,0,0,21.15,31.049999999999997,4324.0,79500807.16,1606.0,49502.37058530511,6258443.25,18.191277745107485,0
80529741-5721-4822-a1bc-45102d141965,140b58bca0a3e9c1db30dc12aac141ede36b2781,4443,ID,Flood,2019-06-12 00:00:00+00:00,2019-04-07 00:00:00+00:00,2019-04-13 00:00:00+00:00,DR,2024-08-27T18:22:14.800Z,2019,6,2,1.2246467991473532e-16,-1.0,1.2246467991473532e-16,-1.0,6.0,66.0,West,47,0,0,0,0.44999999999999996,0,0,1,0,0,0,0,0,0,0,2.6999999999999997,21.15,396.0,4399025.87,53.0,83000.48811320755,758105.25,15.296893908518612,4
5723076c-3749-4ee1-9c8a-0e211fd3d05f,701a0c75df4df20390f1e131bf7ff0475f92ad9e,4444,ND,Flood,2019-06-12 00:00:00+00:00,2019-03-21 00:00:00+00:00,2019-04-28 00:00:00+00:00,DR,2024-08-27T18:22:14.800Z,2019,6,2,1.2246467991473532e-16,-1.0,1.2246467991473532e-16,-1.0,38.0,83.0,Midwest,58,0,0,0,0.44999999999999996,0,0,1,0,0,0,0,0,0,0,17.099999999999998,26.099999999999998,3154.0,8208143.56,183.0,44853.24349726776,670179.71,15.920637458323366,0
c67bfece-db34-40a0-9c5f-dbb0b815ac99,03772f7151bd127b5ede71b9c86b0d0df540a17e,4445,VT,Flood,2019-06-14 00:00:00+00:00,2019-04-15 00:00:00+00:00,2019-04-15 00:00:00+00:00,DR,2024-08-27T18:22:14.800Z,2019,6,2,1.2246467991473532e-16,-1.0,1.2246467991473532e-16,-1.0,0.0,60.0,Northeast,46,0,0,0,0.44999999999999996,0,0,1,0,0,0,0,0,0,0,0.0,20.7,0.0,8716703.69,141.0,61820.593546099284,951406.94,15.980751821939073,1
c5539f03-ee8e-4809-97cf-2cdbf80d66aa,030c02f05b3bcd7294e40ddc10e51e2552b710ac,4446,NE,Flood,2019-06-17 00:00:00+00:00,2019-03-13 00:00:00+00:00,2019-04-01 00:00:00+00:00,DR,2024-08-27T18:22:14.800Z,2019,6,2,1.2246467991473532e-16,-1.0,1.2246467991473532e-16,-1.0,19.0,96.0,Midwest,65,0,0,0,0.44999999999999996,0,0,1,0,0,0,0,0,0,0,8.549999999999999,29.249999999999996,1824.0,1088251.3199999998,6.0,181375.21999999997,949323.44,13.900083591275354,0
5a26c8c0-3dcf-426f-b60f-15ed7d46a577,52c012c3f6d6f5ef7162462f06e4631132320991,4447,OH,Tornado,2019-06-18 00:00:00+00:00,2019-05-27 00:00:00+00:00,2019-05-29 00:00:00+00:00,DR,2026-07-28T14:07:45.278Z,2019,6,2,1.2246467991473532e-16,-1.0,1.2246467991473532e-16,-1.0,2.0,22.0,Midwest,56,0,0,0,0.44999999999999996,0,0,0,0,1,0,0,0,0,0,0.8999999999999999,25.199999999999996,44.0,10839644.55,115.0,94257.77869565217,1162738.13,16.198720855101687,0
e4318d0d-6ca5-4d06-99ff-6bbdbb0ce6db,ccba96bd04edce2f2702ef6917716d85b108ee21,4448,SD,Severe Storm,2019-06-20 00:00:00+00:00,2019-03-13 00:00:00+00:00,2019-03-26 00:00:00+00:00,DR,2024-08-27T18:22:14.800Z,2019,6,2,1.2246467991473532e-16,-1.0,1.2246467991473532e-16,-1.0,13.0,99.0,Midwest,74,0,0,0,0.3,0,1,0,0,0,0,0,0,0,0,3.9,22.2,1287.0,971209.4400000001,27.0,35970.72,91599.18,13.786298448817734,0
b694c0d2-8a7e-45bb-b827-0ea52bcb6c8e,6526b2dc56a4ca5f0fbd72989f575af448458719,4449,KS,Severe Storm,2019-06-20 00:00:00+00:00,2019-04-28 00:00:00+00:00,2019-07-12 00:00:00+00:00,DR,2024-08-27T18:22:14.800Z,2019,6,2,1.2246467991473532e-16,-1.0,1.2246467991473532e-16,-1.0,75.0,53.0,Midwest,73,0,0,0,0.3,0,1,0,0,0,0,0,0,0,0,22.5,21.9,3975.0,63044086.53,958.0,65808.0235177453,3311122.7,17.95934484167201,0
e8be4a40-d1e2-4013-9ddc-fb6af36257a1,67a571d0437e46d4fbf1747cca7113fda68ae0e2,4450,MS,Severe Storm,2019-06-20 00:00:00+00:00,2019-04-13 00:00:00+00:00,2019-04-14 00:00:00+00:00,DR,2025-05-13T15:21:28.293Z,2019,6,2,1.2246467991473532e-16,-1.0,1.2246467991473532e-16,-1.0,1.0,68.0,South,74,0,0,0,0.3,0,1,0,0,0,0,0,0,0,0,0.3,22.2,68.0,4871677.62,81.0,60144.16814814815,1608316.61,15.39894912149988,3
bc1d7f78-f349-4dfe-b19f-3176d57dcc8c,38b458f14adbb169f812d3a87d271cb72326d7c6,4451,MO,Severe Storm,2019-07-09 00:00:00+00:00,2019-04-29 00:00:00+00:00,2019-07-05 00:00:00+00:00,DR,2024-08-27T18:22:14.800Z,2019,7,3,-0.4999999999999997,-0.8660254037844388,-1.0,-1.8369701987210297e-16,67.0,71.0,Midwest,70,0,0,0,0.3,0,1,0,0,0,0,0,0,0,0,20.099999999999998,21.0,4757.0,76672688.44,1218.0,62949.662101806236,5888533.94,18.15505613304689,0
86400016-3851-4bfe-880b-0c79fcbd021e,27cb20ae9d00757317614d25e6a8655888205baa,4452,OR,Flood,2019-07-09 00:00:00+00:00,2019-04-06 00:00:00+00:00,2019-04-21 00:00:00+00:00,DR,2024-08-27T18:22:14.800Z,2019,7,3,-0.4999999999999997,-0.8660254037844388,-1.0,-1.8369701987210297e-16,15.0,94.0,West,112,0,0,0,0.44999999999999996,0,0,1,0,0,0,0,0,0,0,6.749999999999999,50.39999999999999,1410.0,10890084.21,72.0,151251.16958333334,5078271.92,16.203363319488265,4
8acf99d7-6d3c-49ca-9345-c9154e93e208,52b446ad1be4775fb40d03db5df6e3d1fd549c2a,4453,OK,Severe Storm,2019-07-12 00:00:00+00:00,2019-04-30 00:00:00+00:00,2019-05-01 00:00:00+00:00,DR,2024-08-27T18:22:14.800Z,2019,7,3,-0.4999999999999997,-0.8660254037844388,-1.0,-1.8369701987210297e-16,1.0,73.0,South,191,0,0,0,0.3,0,1,0,0,0,0,0,0,0,0,0.3,57.3,73.0,3694072.0700000003,129.0,28636.217596899227,878947.42,15.122240220271188,3
bbd570ac-3666-4eb5-b486-b7566702526f,66ce97a3e2711796b5e8feea8fbdd0f2d8809c71,4455,WV,Flood,2019-08-02 00:00:00+00:00,2019-06-29 00:00:00+00:00,2019-06-30 00:00:00+00:00,DR,2024-08-27T18:22:14.800Z,2019,8,3,-0.8660254037844385,-0.5000000000000004,-1.0,-1.8369701987210297e-16,1.0,34.0,South,70,0,0,0,0.44999999999999996,0,0,1,0,0,0,0,0,0,0,0.44999999999999996,31.499999999999996,34.0,4470045.149999999,46.0,97174.89456521739,1536732.0,15.312909290921242,3
960bb8e4-4b4b-456a-ae43-58e8dde5c56a,88c430fd838f3a0f25580c3f22d8318c006678d9,4456,OK,Severe Storm,2019-08-07 00:00:00+00:00,2019-05-07 00:00:00+00:00,2019-06-09 00:00:00+00:00,DR,2024-09-05T20:03:02.830Z,2019,8,3,-0.8660254037844385,-0.5000000000000004,-1.0,-1.8369701987210297e-16,33.0,92.0,South,192,0,0,0,0.3,0,1,0,0,0,0,0,0,0,0,9.9,57.599999999999994,3036.0,6543056.0600000005,5.0,1308611.212,6286304.05,15.693915054584139,3
f14e3761-cfbb-422d-98f5-789e875bb80f,4e467efad1353fc293e8bed6aff0b79934d7a3d0,4457,NH,Severe Storm,2019-08-15 00:00:00+00:00,2019-07-11 00:00:00+00:00,2019-07-12 00:00:00+00:00,DR,2024-08-27T18:22:14.800Z,2019,8,3,-0.8660254037844385,-0.5000000000000004,-1.0,-1.8369701987210297e-16,1.0,35.0,Northeast,52,0,0,0,0.3,0,1,0,0,0,0,0,0,0,0,0.3,15.6,35.0,3441152.95,46.0,74807.67282608696,569466.72,15.05131742368001,1
26584a41-0c00-45d4-be7a-58aaa8616485,e340f8cbf21c8574a07bbf26907a5c9369bb96ae,4458,LA,Hurricane,2019-08-27 00:00:00+00:00,2019-07-10 00:00:00+00:00,2019-07-15 00:00:00+00:00,DR,2024-08-27T18:22:14.800Z,2019,8,3,-0.8660254037844385,-0.5000000000000004,-1.0,-1.8369701987210297e-16,5.0,48.0,South,82,0,0,0,0.6,0,0,0,1,0,0,0,0,0,0,3.0,49.199999999999996,240.0,49574472.88,372.0,133264.71204301075,3439701.6,17.71898661970666,3
8281c414-072d-4e6c-90bf-69557de34e32,edd0293a5a7ec988a513cba91333c4d313fe273f,4459,WI,Flood,2019-08-27 00:00:00+00:00,2019-07-18 00:00:00+00:00,2019-07-20 00:00:00+00:00,DR,2026-07-09T19:41:12.798Z,2019,8,3,-0.8660254037844385,-0.5000000000000004,-1.0,-1.8369701987210297e-16,2.0,40.0,Midwest,50,0,0,0,0.44999999999999996,0,0,1,0,0,0,0,0,0,0,0.8999999999999999,22.499999999999996,80.0,18126365.53,416.0,43572.9940625,1276490.13,16.71287815062159,0
7450087b-fddb-41c9-8a58-aceff2ecc205,dd42568278637d1aa455e235bc911e6a56a9c698,4460,AR,Flood,2019-09-13 00:00:00+00:00,2019-06-23 00:00:00+00:00,2019-06-24 00:00:00+00:00,DR,2024-08-27T18:22:14.800Z,2019,9,3,-1.0,-1.8369701987210297e-16,-1.0,-1.8369701987210297e-16,1.0,82.0,South,72,0,0,0,0.44999999999999996,0,0,1,0,0,0,0,0,0,0,0.44999999999999996,32.4,82.0,5877298.76,58.0,101332.7372413793,723365.27,15.586607989909155,3
e13bfa0f-8d56-4825-87bd-9b71e8785927,eaa928e344a52508bd3d721cdf9c8d7751a3e675,4461,IL,Flood,2019-09-19 00:00:00+00:00,2019-02-24 00:00:00+00:00,2019-07-03 00:00:00+00:00,DR,2024-08-27T18:22:14.800Z,2019,9,3,-1.0,-1.8369701987210297e-16,-1.0,-1.8369701987210297e-16,129.0,207.0,Midwest,60,0,0,0,0.44999999999999996,0,0,1,0,0,0,0,0,0,0,58.05,26.999999999999996,26703.0,66468576.89,913.0,72802.3843263965,4971120.18,18.01223988102434,0
dfd3a0bf-5bb4-4c8a-97bf-d0e59ed52ed7,72869f4f53fd616fc9b9657534940b73e94994c3,4462,LA,Flood,2019-09-19 00:00:00+00:00,2019-05-10 00:00:00+00:00,2019-07-24 00:00:00+00:00,DR,2024-08-27T18:22:14.800Z,2019,9,3,-1.0,-1.8369701987210297e-16,-1.0,-1.8369701987210297e-16,75.0,132.0,South,83,0,0,0,0.44999999999999996,0,0,1,0,0,0,0,0,0,0,33.75,37.349999999999994,9900.0,19944822.4,89.0,224099.1280898876,2792135.64,16.808480188932982,3
d3386c93-27f0-48a6-b1c7-c8afdf37dccd,4266bf2dc87c6ad486ad50fea2a9c74a9c0a7c65,4463,SD,Flood,2019-09-23 00:00:00+00:00,2019-05-21 00:00:00+00:00,2019-06-07 00:00:00+00:00,DR,2025-07-29T16:21:34.849Z,2019,9,3,-1.0,-1.8369701987210297e-16,-1.0,-1.8369701987210297e-16,17.0,125.0,Midwest,75,0,0,0,0.44999999999999996,0,0,1,0,0,0,0,0,0,0,7.6499999999999995,33.75,2125.0,6898511.0,152.0,45384.94078947369,1422338.67,15.746816294137302,0
607c21fb-fe65-4adf-92f8-41fca504fb04,6a63a8a4a6d623291b89aa6e7787b2f45cbcf447,4464,SC,Hurricane,2019-09-30 00:00:00+00:00,2019-08-31 00:00:00+00:00,2019-09-06 00:00:00+00:00,DR,2024-08-27T18:22:14.800Z,2019,9,3,-1.0,-1.8369701987210297e-16,-1.0,-1.8369701987210297e-16,6.0,30.0,South,33,0,0,0,0.6,0,0,0,1,0,0,0,0,0,0,3.5999999999999996,19.8,180.0,42313158.92,252.0,167909.3607936508,9899265.88,17.560608704851926,3
96675b67-4379-41ea-97c4-12d4d30cac4e,e4f8697450b71e034e4d66ce737a61bea2f00e72,4465,NC,Hurricane,2019-10-04 00:00:00+00:00,2019-09-01 00:00:00+00:00,2019-09-09 00:00:00+00:00,DR,2024-08-27T18:22:14.800Z,2019,10,4,-0.8660254037844386,0.5000000000000001,-2.4492935982947064e-16,1.0,8.0,33.0,South,65,0,0,0,0.6,0,0,0,1,0,0,0,0,0,0,4.8,39.0,264.0,63442135.08,446.0,142246.9396412556,9306588.06,17.96563880559413,3
330d19c6-1619-48e9-85f6-64197b1c06ad,34099457cb9aa1c2cd8bab8e7541565999d3337e,4467,SD,Severe Storm,2019-10-07 00:00:00+00:00,2019-06-30 00:00:00+00:00,2019-07-21 00:00:00+00:00,DR,2024-08-27T18:22:14.800Z,2019,10,4,-0.8660254037844386,0.5000000000000001,-2.4492935982947064e-16,1.0,21.0,99.0,Midwest,76,0,0,0,0.3,0,1,0,0,0,0,0,0,0,0,6.3,22.8,2079.0,10198212.42,42.0,242814.58142857143,6631469.46,16.137723108011127,0
6edafb33-d401-4d3f-9196-93c95378429d,fba3232b45afad690a158b2f179f4fe24d39927f,4468,FL,Hurricane,2019-10-21 00:00:00+00:00,2019-08-28 00:00:00+00:00,2019-09-09 00:00:00+00:00,DR,2024-08-27T18:22:14.800Z,2019,10,4,-0.8660254037844386,0.5000000000000001,-2.4492935982947064e-16,1.0,12.0,54.0,South,151,0,0,0,0.6,0,0,0,1,0,0,0,0,0,0,7.199999999999999,90.6,648.0,95656793.27,377.0,253731.5471352785,16255471.29,18.376277283946763,3
4939b26f-4436-4100-a3ca-c5f41b2399f6,569801bc311c2b9d56b8208d5f877ca4618d140e,4469,SD,Severe Storm,2019-11-18 00:00:00+00:00,2019-09-09 00:00:00+00:00,2019-09-26 00:00:00+00:00,DR,2024-08-27T18:22:14.800Z,2019,11,4,-0.5000000000000004,0.8660254037844384,-2.4492935982947064e-16,1.0,17.0,70.0,Midwest,77,0,0,0,0.3,0,1,0,0,0,0,0,0,0,0,5.1,23.099999999999998,1190.0,19698306.48,342.0,57597.387368421056,1913475.0,16.796043275296523,0
198552c0-0268-4a2d-96a7-e9c3d7947b17,1037dca4e8ee740d1cbbfdb686cbb66142109c73,4470,MS,Severe Storm,2019-12-06 00:00:00+00:00,2019-10-26 00:00:00+00:00,2019-10-26 00:00:00+00:00,DR,2024-08-27T18:22:14.800Z,2019,12,4,-2.4492935982947064e-16,1.0,-2.4492935982947064e-16,1.0,0.0,41.0,South,75,0,0,0,0.3,0,1,0,0,0,0,0,0,0,0,0.0,22.5,0.0,13702050.81,120.0,114183.75675,2491997.93,16.43305614673766,3
2f9c6ca5-400f-45cc-baba-f636315a9443,2809818bd6e9c8f28f295a3e3439faea8a9dd8d1,4471,TN,Severe Storm,2019-12-06 00:00:00+00:00,2019-10-26 00:00:00+00:00,2019-10-26 00:00:00+00:00,DR,2024-08-27T18:22:14.800Z,2019,12,4,-2.4492935982947064e-16,1.0,-2.4492935982947064e-16,1.0,0.0,41.0,South,70,0,0,0,0.3,0,1,0,0,0,0,0,0,0,0,0.0,21.0,0.0,13792018.83,81.0,170271.8374074074,2251487.25,16.4396007096746,3
2fa43dc4-8b0f-4f2c-be29-5d000540097a,f376c1b32521227d31749eb7a7d718b24eb6ec8d,4472,NY,Severe Storm,2019-12-19 00:00:00+00:00,2019-10-31 00:00:00+00:00,2019-11-01 00:00:00+00:00,DR,2024-08-27T18:22:14.800Z,2019,12,4,-2.4492935982947064e-16,1.0,-2.4492935982947064e-16,1.0,1.0,49.0,Northeast,97,0,0,0,0.3,0,1,0,0,0,0,0,0,0,0,0.3,29.099999999999998,49.0,91060951.27,893.0,101971.94991041433,7197415.82,18.327039645426595,1
3bd7e2f2-4a84-46ad-ae46-a82ab9df8f5d,d2474cc9b7a831686a5cba703a33ee82fecdc8e8,4473,PR,Earthquake,2020-01-16 00:00:00+00:00,2019-12-28 00:00:00+00:00,2020-07-03 00:00:00+00:00,DR,2024-08-27T18:22:14.800Z,2020,1,1,0.49999999999999994,0.8660254037844387,1.0,6.123233995736766e-17,188.0,19.0,Other,38,0,0,0,0.6,0,0,0,0,0,0,0,0,0,0,112.8,22.8,3572.0,1094411720.94,770.0,1421313.9232987014,337626821.07,20.813482815612186,2
baa9e63d-a9bb-4ce8-a7ab-c41ab87c08a0,2b640d27f275947e42b99c9d9761961cb6226c0c,4474,VT,Severe Storm,2020-01-17 00:00:00+00:00,2019-10-31 00:00:00+00:00,2019-11-01 00:00:00+00:00,DR,2024-08-27T18:22:14.800Z,2020,1,1,0.49999999999999994,0.8660254037844387,1.0,6.123233995736766e-17,1.0,78.0,Northeast,47,0,0,0,0.3,0,1,0,0,0,0,0,0,0,0,0.3,14.1,78.0,22901968.61,241.0,95028.91539419087,2606056.44,16.946733473996197,1
d7d6149f-4d03-4972-9210-fcb1f7e60660,629babfb904b8a6b5df0460b72a86d4a71d4202f,4475,ND,Flood,2020-01-21 00:00:00+00:00,2019-10-09 00:00:00+00:00,2019-10-26 00:00:00+00:00,DR,2024-08-27T18:22:14.800Z,2020,1,1,0.49999999999999994,0.8660254037844387,1.0,6.123233995736766e-17,17.0,104.0,Midwest,59,0,0,0,0.44999999999999996,0,0,1,0,0,0,0,0,0,0,7.6499999999999995,26.549999999999997,1768.0,10971211.53,191.0,57440.89806282722,1437143.27,16.21078535759267,0
398191f8-ff88-45f1-94d9-642414be308d,71dafedce10cbc17fe92395bfc93921f25b9373f,4476,TN,Tornado,2020-03-05 00:00:00+00:00,2020-03-03 00:00:00+00:00,2020-03-03 00:00:00+00:00,DR,2024-08-27T18:22:14.800Z,2020,3,1,1.0,6.123233995736766e-17,1.0,6.123233995736766e-17,0.0,2.0,South,71,0,0,0,0.44999999999999996,0,0,0,0,1,0,0,0,0,0,0.0,31.949999999999996,0.0,84286138.2,119.0,708286.8756302522,17390807.76,18.24972798715195,3
8aadaf54-9b6f-4df6-9614-b734c5fc7869,ec3454f1a9a15edecd49cd5c6c377604da8ae5e4,4477,WI,Flood,2020-03-11 00:00:00+00:00,2020-01-10 00:00:00+00:00,2020-01-12 00:00:00+00:00,DR,2026-06-30T15:41:43.332Z,2020,3,1,1.0,6.123233995736766e-17,1.0,6.123233995736766e-17,2.0,61.0,Midwest,51,0,0,0,0.44999999999999996,0,0,1,0,0,0,0,0,0,0,0.8999999999999999,22.95,122.0,4677987.1,45.0,103955.26888888888,2710459.8,15.358378682300879,0
cbd56aeb-86a4-437c-a553-caeda0fd5b1a,f7ab48f30ed718d5e9594aa012c24a26e972e289,4478,MS,Severe Storm,2020-03-12 00:00:00+00:00,2020-01-10 00:00:00+00:00,2020-01-11 00:00:00+00:00,DR,2024-08-27T18:22:14.800Z,2020,3,1,1.0,6.123233995736766e-17,1.0,6.123233995736766e-17,1.0,62.0,South,76,0,0,0,0.3,0,1,0,0,0,0,0,0,0,0,0.3,22.8,62.0,7771447.199999999,91.0,85400.51868131867,2564122.61,15.865967088502963,3
60c9f34e-e6f8-404f-9232-582146e2106a,d256ab61235c7079fcb770f0cab5611069091a3a,3428,CA,Biological,2020-03-13 00:00:00+00:00,2020-01-20 00:00:00+00:00,2023-05-11 00:00:00+00:00,EM,2024-08-27T18:22:14.800Z,2020,3,1,1.0,6.123233995736766e-17,1.0,6.123233995736766e-17,1207.0,53.0,West,321,0,0,0,0.44999999999999996,0,0,0,0,0,0,1,0,0,0,543.15,144.45,63971.0,9077660.22,76.0,119442.89763157896,1612389.47,16.0213271425095,4
f969fe10-6fe2-4c9e-a3d7-628f69d14871,60e6fd646080e7ea46526fa57a6d4de65514d956,3442,AZ,Biological,2020-03-13 00:00:00+00:00,2020-01-20 00:00:00+00:00,2023-05-11 00:00:00+00:00,EM,2024-08-27T18:22:14.800Z,2020,3,1,1.0,6.123233995736766e-17,1.0,6.123233995736766e-17,1207.0,53.0,West,89,0,0,0,0.44999999999999996,0,0,0,0,0,0,1,0,0,0,543.15,40.05,63971.0,2962667.09,27.0,109728.41074074073,1015738.89,14.90160080205642,4
171e9653-f0d1-4733-bfe7-31c34a42d540,506dbc996ecac9abc4cd7df76a0da13c89b0e9b3,3443,NV,Biological,2020-03-13 00:00:00+00:00,2020-01-20 00:00:00+00:00,2023-05-11 00:00:00+00:00,EM,2026-07-20T21:43:12.371Z,2020,3,1,1.0,6.123233995736766e-17,1.0,6.123233995736766e-17,1207.0,53.0,West,89,0,0,0,0.44999999999999996,0,0,0,0,0,0,1,0,0,0,543.15,40.05,63971.0,957787.02,11.0,87071.54727272727,279744.09,13.772381758981977,4
109d5656-ca5b-407e-8120-a333a77483df,637f8ab9460c368ef875be21d56ab07819e4baec,3484,MA,Biological,2020-03-13 00:00:00+00:00,2020-01-20 00:00:00+00:00,2023-05-11 00:00:00+00:00,EM,2026-07-22T13:05:01.825Z,2020,3,1,1.0,6.123233995736766e-17,1.0,6.123233995736766e-17,1207.0,53.0,Northeast,51,0,0,0,0.44999999999999996,0,0,0,0,0,0,1,0,0,0,543.15,22.95,63971.0,2352015.46,28.0,84000.55214285714,514403.14,14.670783586275487,1
d9e453a3-e957-4254-b76e-473da47ed105,93db8976a6878003686c895e24be2210ba43dad6,3486,OK,Biological,2020-03-13 00:00:00+00:00,2020-01-20 00:00:00+00:00,2023-05-11 00:00:00+00:00,EM,2025-04-17T11:21:20.497Z,2020,3,1,1.0,6.123233995736766e-17,1.0,6.123233995736766e-17,1207.0,53.0,South,197,0,0,0,0.44999999999999996,0,0,0,0,0,0,1,0,0,0,543.15,88.64999999999999,63971.0,36990067.83,6.0,6165011.305,23065269.06,17.42616002458009,3
0804cf88-2879-46f0-96ce-6bc15f43f473,e610b86c0eef9c13f4622f00b34a11c27bc7180f,3488,NE,Biological,2020-03-13 00:00:00+00:00,2020-01-20 00:00:00+00:00,2023-05-11 00:00:00+00:00,EM,2026-07-20T21:43:12.371Z,2020,3,1,1.0,6.123233995736766e-17,1.0,6.123233995736766e-17,1207.0,53.0,Midwest,67,0,0,0,0.44999999999999996,0,0,0,0,0,0,1,0,0,0,543.15,30.15,63971.0,114674.53,6.0,19112.421666666665,47359.73,11.649861941211832,0
d6f2ccc0-d393-4d8e-aa32-1995cc9219f7,3de2d6709d5df1f3aa8cfac566caad552c69d781,3489,NE,Biological,2020-03-13 00:00:00+00:00,2020-01-20 00:00:00+00:00,2023-05-11 00:00:00+00:00,EM,2026-07-20T21:43:12.371Z,2020,3,1,1.0,6.123233995736766e-17,1.0,6.123233995736766e-17,1207.0,53.0,Midwest,68,0,0,0,0.44999999999999996,0,0,0,0,0,0,1,0,0,0,543.15,30.599999999999998,63971.0,38364.77,1.0,38364.77,38364.77,10.554920934787004,0
a1cb95ed-a641-458d-91ea-052c8e6ed6d3,cbc6a1e496f006745af6fe3f2ff569abc562c45e,3490,KS,Biological,2020-03-13 00:00:00+00:00,2020-01-20 00:00:00+00:00,2023-05-11 00:00:00+00:00,EM,2026-07-20T21:43:12.371Z,2020,3,1,1.0,6.123233995736766e-17,1.0,6.123233995736766e-17,1207.0,53.0,Midwest,75,0,0,0,0.44999999999999996,0,0,0,0,0,0,1,0,0,0,543.15,33.75,63971.0,7152.97,1.0,7152.97,7152.97,8.875422726351966,0
6c5c4d5d-9d75-42d5-8ca4-22a631d8f966,81ddf7f3251436333cda0574c7566dc326e335ac,3495,OK,Biological,2020-03-13 00:00:00+00:00,2020-01-20 00:00:00+00:00,2023-05-11 00:00:00+00:00,EM,2026-07-20T21:43:12.371Z,2020,3,1,1.0,6.123233995736766e-17,1.0,6.123233995736766e-17,1207.0,53.0,South,200,0,0,0,0.44999999999999996,0,0,0,0,0,0,1,0,0,0,543.15,89.99999999999999,63971.0,10632.22,1.0,10632.22,10632.22,9.271738341740816,3
7e5d2dc1-64a7-4b2e-8584-d0ee88ce63be,3718892a68b692a44b0eda2259787536e3fb6776,3496,NM,Biological,2020-03-13 00:00:00+00:00,2020-01-20 00:00:00+00:00,2023-05-11 00:00:00+00:00,EM,2025-01-07T12:42:07.818Z,2020,3,1,1.0,6.123233995736766e-17,1.0,6.123233995736766e-17,1207.0,53.0,West,92,0,0,0,0.44999999999999996,0,0,0,0,0,0,1,0,0,0,543.15,41.4,63971.0,280018.32,2.0,140009.16,194119.07,12.542613879770997,4
a557caa3-62f8-4a67-ba13-6c0f23dcf80c,559b1db1721e2129fd743885af06f8ee1aff7c3b,3497,MA,Biological,2020-03-13 00:00:00+00:00,2020-01-20 00:00:00+00:00,2023-05-11 00:00:00+00:00,EM,2024-08-27T18:22:14.800Z,2020,3,1,1.0,6.123233995736766e-17,1.0,6.123233995736766e-17,1207.0,53.0,Northeast,52,0,0,0,0.44999999999999996,0,0,0,0,0,0,1,0,0,0,543.15,23.4,63971.0,524164.12,5.0,104832.824,350269.54,13.169562028168848,1
a30af331-0927-4f19-96cc-87100f301078,bfd1e7f4d5d26ea409404e6dd479c8b7cbb93941,3498,ME,Biological,2020-03-13 00:00:00+00:00,2020-01-20 00:00:00+00:00,2023-05-11 00:00:00+00:00,EM,2024-08-27T18:22:14.800Z,2020,3,1,1.0,6.123233995736766e-17,1.0,6.123233995736766e-17,1207.0,53.0,Northeast,60,0,0,0,0.44999999999999996,0,0,0,0,0,0,1,0,0,0,543.15,26.999999999999996,63971.0,1627843.15,36.0,45217.865277777775,176964.76,14.302767090003892,1
93c5b33e-34ef-4fd5-bd38-d0d5296b8333,b023e666fe79d7b5af4e7afcb458fd2d2b9fc47b,3504,NY,Biological,2020-03-13 00:00:00+00:00,2020-01-20 00:00:00+00:00,2023-05-11 00:00:00+00:00,EM,2026-07-20T21:43:12.371Z,2020,3,1,1.0,6.123233995736766e-17,1.0,6.123233995736766e-17,1207.0,53.0,Northeast,99,0,0,0,0.44999999999999996,0,0,0,0,0,0,1,0,0,0,543.15,44.55,63971.0,3361356.07,11.0,305577.8245454545,1075691.15,15.027855340278776,1
c259d28b-992d-4072-a2d1-dc8a8484e60f,0623724c8a22fc110902e8cbf070e1a568ad9d14,3505,OK,Biological,2020-03-13 00:00:00+00:00,2020-01-20 00:00:00+00:00,2023-05-11 00:00:00+00:00,EM,2026-07-20T21:43:12.371Z,2020,3,1,1.0,6.123233995736766e-17,1.0,6.123233995736766e-17,1207.0,53.0,South,203,0,0,0,0.44999999999999996,0,0,0,0,0,0,1,0,0,0,543.15,91.35,63971.0,359340.27,3.0,119780.09000000001,253366.92,12.792027828737567,3
4a4027ee-3690-4866-8bea-cf725ba831eb,69dbb2435de79344690e36e76979bc139ead7e9d,3507,WA,Biological,2020-03-13 00:00:00+00:00,2020-01-20 00:00:00+00:00,2023-05-11 00:00:00+00:00,EM,2026-07-20T21:43:12.371Z,2020,3,1,1.0,6.123233995736766e-17,1.0,6.123233995736766e-17,1207.0,53.0,West,164,0,0,0,0.44999999999999996,0,0,0,0,0,0,1,0,0,0,543.15,73.8,63971.0,1001211.19,14.0,71515.08499999999,110301.3,13.81672201385517,4
1ca05764-efc0-4354-a4d9-253aeb4bb041,b35b217f7246120c6b8cf024cd004c4f37d4185b,3518,OK,Biological,2020-03-13 00:00:00+00:00,2020-01-20 00:00:00+00:00,2023-05-11 00:00:00+00:00,EM,2026-07-20T21:43:12.371Z,2020,3,1,1.0,6.123233995736766e-17,1.0,6.123233995736766e-17,1207.0,53.0,South,208,0,0,0,0.44999999999999996,0,0,0,0,0,0,1,0,0,0,543.15,93.6,63971.0,39353.18,1.0,39353.18,39353.18,10.580357474379298,3
4c44f9f3-60b5-4a86-8f51-bf01ff40a7ec,486d533d42049553e70472975f497376ad04d9be,3521,NM,Biological,2020-03-13 00:00:00+00:00,2020-01-20 00:00:00+00:00,2023-05-11 00:00:00+00:00,EM,2026-07-20T21:43:12.371Z,2020,3,1,1.0,6.123233995736766e-17,1.0,6.123233995736766e-17,1207.0,53.0,West,98,0,0,0,0.44999999999999996,0,0,0,0,0,0,1,0,0,0,543.15,44.099999999999994,63971.0,2565254.1399999997,27.0,95009.41259259258,970176.51,14.75756850142579,4
58a1d807-a4c8-42a0-ad16-2f3f263f8d53,101bc465f0b311c4634246d9f1cdaf95a9024f47,3523,NE,Biological,2020-03-13 00:00:00+00:00,2020-01-20 00:00:00+00:00,2023-05-11 00:00:00+00:00,EM,2026-07-20T21:43:12.371Z,2020,3,1,1.0,6.123233995736766e-17,1.0,6.123233995736766e-17,1207.0,53.0,Midwest,70,0,0,0,0.44999999999999996,0,0,0,0,0,0,1,0,0,0,543.15,31.499999999999996,63971.0,275575.36,3.0,91858.45333333332,101690.14,12.526620037954963,0
c151fdab-bb27-422d-a9ff-1da27b453b2f,ccbb204efd20dfe13c2fe38a2baf7ea7e0ee8d5c,3557,NY,Biological,2020-03-13 00:00:00+00:00,2020-01-20 00:00:00+00:00,2023-05-11 00:00:00+00:00,EM,2024-08-27T18:22:14.800Z,2020,3,1,1.0,6.123233995736766e-17,1.0,6.123233995736766e-17,1207.0,53.0,Northeast,100,0,0,0,0.44999999999999996,0,0,0,0,0,0,1,0,0,0,543.15,44.99999999999999,63971.0,187850.76,1.0,187850.76,187850.76,12.14340842013576,1
f025559c-fef5-4ddb-9dca-b7256dd07376,f31bbae72e1809e1ed8160ddbe46f3364cba0c38,3559,NM,Biological,2020-03-13 00:00:00+00:00,2020-01-20 00:00:00+00:00,2023-05-11 00:00:00+00:00,EM,2025-06-05T14:01:14.456Z,2020,3,1,1.0,6.123233995736766e-17,1.0,6.123233995736766e-17,1207.0,53.0,West,100,0,0,0,0.44999999999999996,0,0,0,0,0,0,1,0,0,0,543.15,44.99999999999999,63971.0,6291372.98,24.0,262140.54083333336,884508.8,15.654690043614076,4
97b1cf08-30a3-44f9-abb6-c3742d6a6021,1d293ce8be37c3d908b2ea525cd8d1f067ffaeba,4479,SC,Severe Storm,2020-03-17 00:00:00+00:00,2020-02-06 00:00:00+00:00,2020-02-13 00:00:00+00:00,DR,2024-08-27T18:22:14.800Z,2020,3,1,1.0,6.123233995736766e-17,1.0,6.123233995736766e-17,7.0,40.0,South,35,0,0,0,0.3,0,1,0,0,0,0,0,0,0,0,2.1,10.5,280.0,8260991.85,101.0,81791.99851485148,1237569.57,15.927055338031618,3
e66cce59-79dd-466f-a3c7-ef6323d0e865,732d16f8354908b6e40eca956f4fa162abecc4a1,4480,NY,Biological,2020-03-20 00:00:00+00:00,2020-01-20 00:00:00+00:00,2023-05-11 00:00:00+00:00,DR,2024-08-27T18:22:14.800Z,2020,3,1,1.0,6.123233995736766e-17,1.0,6.123233995736766e-17,1207.0,60.0,Northeast,101,0,0,0,0.44999999999999996,0,0,0,0,0,0,1,0,0,0,543.15,45.449999999999996,72420.0,17405123534.13,4191.0,4152976.2667931286,1612359912.46,23.580030455865177,1
83c7b9ac-c0fc-4a94-b240-74bc2cc010ee,def01fc4928fffc366b11ca2bcd079c33a65ea2a,4481,WA,Biological,2020-03-22 00:00:00+00:00,2020-01-20 00:00:00+00:00,2023-05-11 00:00:00+00:00,DR,2024-08-27T18:22:14.800Z,2020,3,1,1.0,6.123233995736766e-17,1.0,6.123233995736766e-17,1207.0,62.0,West,165,0,0,0,0.44999999999999996,0,0,0,0,0,0,1,0,0,0,543.15,74.24999999999999,74834.0,2978332663.38,1404.0,2121319.5608119657,379321154.9,21.814629472283066,4
1f615918-ab46-431f-a7b6-51fb894d1d61,0f2d2dfe5bbfe0159828004769d213088ad64898,4482,CA,Biological,2020-03-22 00:00:00+00:00,2020-01-20 00:00:00+00:00,2023-05-11 00:00:00+00:00,DR,2024-08-27T18:22:14.800Z,2020,3,1,1.0,6.123233995736766e-17,1.0,6.123233995736766e-17,1207.0,62.0,West,322,0,0,0,0.44999999999999996,0,0,0,0,0,0,1,0,0,0,543.15,144.89999999999998,74834.0,14664500522.54,3781.0,3878471.4420893947,909422766.38,23.408695479712268,4
c542d088-eb53-4ae1-a00d-fc43b2af42af,a1644fa4eecc454bfa501eedffe58af01d9c9142,4483,IA,Biological,2020-03-23 00:00:00+00:00,2020-01-20 00:00:00+00:00,2023-05-11 00:00:00+00:00,DR,2024-08-27T18:22:14.800Z,2020,3,1,1.0,6.123233995736766e-17,1.0,6.123233995736766e-17,1207.0,63.0,Midwest,69,0,0,0,0.44999999999999996,0,0,0,0,0,0,1,0,0,0,543.15,31.049999999999997,76041.0,523000135.48,1045.0,500478.59854545456,75461571.37,20.075092282985185,0
2874d5a2-aa50-4ee8-932f-63f717f9ba9c,80bfa5c4a56c4b92f234dea8d0b128d89db4fdc8,4484,LA,Biological,2020-03-24 00:00:00+00:00,2020-01-20 00:00:00+00:00,2023-05-11 00:00:00+00:00,DR,2024-08-27T18:22:14.800Z,2020,3,1,1.0,6.123233995736766e-17,1.0,6.123233995736766e-17,1207.0,64.0,South,86,0,0,0,0.44999999999999996,0,0,0,0,0,0,1,0,0,0,543.15,38.699999999999996,77248.0,2303143405.47,439.0,5246340.331366742,836055984.65,21.55754072526445,3
b74a4f59-d762-47e4-92a5-4ed41f4ab19e,445ceedc3a3dbb8b24fe36995a811ee06f21b101,4485,TX,Biological,2020-03-25 00:00:00+00:00,2020-01-20 00:00:00+00:00,2023-05-11 00:00:00+00:00,DR,2024-08-27T18:22:14.800Z,2020,3,1,1.0,6.123233995736766e-17,1.0,6.123233995736766e-17,1207.0,65.0,South,357,0,0,0,0.44999999999999996,0,0,0,0,0,0,1,0,0,0,543.15,160.64999999999998,78455.0,14361059788.150002,1282.0,11202074.71774571,8156161559.68,23.387786199316135,3
b611984a-03a8-4209-8fef-2e9d10a812d3,a9004ecf0b0457c0f1ae02d5285082f3f196761c,4486,FL,Biological,2020-03-25 00:00:00+00:00,2020-01-20 00:00:00+00:00,2023-05-11 00:00:00+00:00,DR,2024-10-10T14:02:49.284Z,2020,3,1,1.0,6.123233995736766e-17,1.0,6.123233995736766e-17,1207.0,65.0,South,154,0,0,0,0.44999999999999996,0,0,0,0,0,0,1,0,0,0,543.15,69.3,78455.0,4923227056.66,1195.0,4119855.2775397487,454435841.77,22.317230058466738,3
f81eabfb-3093-4963-8a9b-f3231b2ebc85,f309b97ae25acf3064e9c2a0e66c1dd212d00b5a,4487,NC,Biological,2020-03-25 00:00:00+00:00,2020-01-20 00:00:00+00:00,2023-05-11 00:00:00+00:00,DR,2024-10-10T14:02:49.284Z,2020,3,1,1.0,6.123233995736766e-17,1.0,6.123233995736766e-17,1207.0,65.0,South,67,0,0,0,0.44999999999999996,0,0,0,0,0,0,1,0,0,0,543.15,30.15,78455.0,2064384512.79,988.0,2089458.008896761,365704684.73,21.44809796265578,3
4a7e452f-b6ed-4707-a1f0-ba4b3a926a86,a8747d592cf4f339e4831c54ba4b346146d9cecc,4488,NJ,Biological,2020-03-25 00:00:00+00:00,2020-01-20 00:00:00+00:00,2023-05-11 00:00:00+00:00,DR,2024-08-27T18:22:14.800Z,2020,3,1,1.0,6.123233995736766e-17,1.0,6.123233995736766e-17,1207.0,65.0,Northeast,52,0,0,0,0.44999999999999996,0,0,0,0,0,0,1,0,0,0,543.15,23.4,78455.0,3241559262.3,2460.0,1317707.017195122,167838151.54,21.899320305089972,1
8e0b6836-2c78-4473-8722-77bdc49726e2,68f1e3e531d7c35eeaf81c5279f96e9f38225832,4489,IL,Biological,2020-03-26 00:00:00+00:00,2020-01-20 00:00:00+00:00,2023-05-11 00:00:00+00:00,DR,2024-08-27T18:22:14.800Z,2020,3,1,1.0,6.123233995736766e-17,1.0,6.123233995736766e-17,1207.0,66.0,Midwest,62,0,0,0,0.44999999999999996,0,0,0,0,0,0,1,0,0,0,543.15,27.9,79662.0,2174920432.66,1924.0,1130416.02529106,386596484.65,21.500257918592624,0
6bb6b99b-9847-40df-9c47-4764109c5761,be9137e9e72e6842dfc9568f6e67ab22ffcbcb7c,4490,MO,Biological,2020-03-26 00:00:00+00:00,2020-01-20 00:00:00+00:00,2023-05-11 00:00:00+00:00,DR,2024-08-27T18:22:14.800Z,2020,3,1,1.0,6.123233995736766e-17,1.0,6.123233995736766e-17,1207.0,66.0,Midwest,72,0,0,0,0.44999999999999996,0,0,0,0,0,0,1,0,0,0,543.15,32.4,79662.0,1221811028.98,786.0,1554466.957989822,91904569.4,20.923600045786923,0
0fefcf72-baac-4daf-9f76-b12273582c31,6329432627bc3d42eeb132c465ec066930d7ea27,4491,MD,Biological,2020-03-26 00:00:00+00:00,2020-01-20 00:00:00+00:00,2023-05-11 00:00:00+00:00,DR,2024-08-27T18:22:14.800Z,2020,3,1,1.0,6.123233995736766e-17,1.0,6.123233995736766e-17,1207.0,66.0,South,35,0,0,0,0.44999999999999996,0,0,0,0,0,0,1,0,0,0,543.15,15.749999999999998,79662.0,3287175997.82,834.0,3941458.0309592327,672742484.51,21.91329467410137,3
6ce76204-b250-4ce2-b326-141c91caf0e4,7afd14bbcee95540b0dcbf3e2b444fb13bf28e3e,4492,SC,Biological,2020-03-27 00:00:00+00:00,2020-01-20 00:00:00+00:00,2023-05-11 00:00:00+00:00,DR,2024-10-10T14:02:49.284Z,2020,3,1,1.0,6.123233995736766e-17,1.0,6.123233995736766e-17,1207.0,67.0,South,36,0,0,0,0.44999999999999996,0,0,0,0,0,0,1,0,0,0,543.15,16.2,80869.0,838225734.36,291.0,2880500.805360825,109027137.83,20.54679799610966,3
e9ca8417-a2ce-473e-a784-ede7f340b971,a4f3dbf9cf2b6bc1e00f8cc23f1229117acc54e7,4493,PR,Biological,2020-03-27 00:00:00+00:00,2020-01-20 00:00:00+00:00,2023-05-11 00:00:00+00:00,DR,2024-08-27T18:22:14.800Z,2020,3,1,1.0,6.123233995736766e-17,1.0,6.123233995736766e-17,1207.0,67.0,Other,40,0,0,0,0.44999999999999996,0,0,0,0,0,0,1,0,0,0,543.15,18.0,80869.0,162061987.45000002,149.0,1087664.3453020134,52406645.03,18.90348946475991,2
e37b300e-c0a7-45b3-a873-cd66a1679299,416a66fa28a283bb0b68488975659e17c5d87ee6,4494,MI,Biological,2020-03-27 00:00:00+00:00,2020-01-20 00:00:00+00:00,2023-05-11 00:00:00+00:00,DR,2024-08-27T18:22:14.800Z,2020,3,1,1.0,6.123233995736766e-17,1.0,6.123233995736766e-17,1207.0,67.0,Midwest,39,0,0,0,0.44999999999999996,0,0,0,0,0,0,1,0,0,0,543.15,17.549999999999997,80869.0,1694566018.3799999,634.0,2672817.0636908514,257524890.6,21.25069250923206,0
4988651d-378e-418c-9ee6-030cf60e7cfd,e24aa2dd754294f8da2a6c6614c7d4559cdda896,4495,GU,Biological,2020-03-27 00:00:00+00:00,2020-01-20 00:00:00+00:00,2023-05-11 00:00:00+00:00,DR,2024-08-27T18:22:14.800Z,2020,3,1,1.0,6.123233995736766e-17,1.0,6.123233995736766e-17,1207.0,67.0,Other,18,0,0,0,0.44999999999999996,0,0,0,0,0,0,1,0,0,0,543.15,8.1,80869.0,41495038.48,48.0,864479.9683333333,10349936.27,17.541084447454164,2
7d9b1117-53d9-4916-b2c4-1823deb6f99f,a61822ce6924a4bed6f0745d76f88ffff5a5a4ca,4496,MA,Biological,2020-03-27 00:00:00+00:00,2020-01-20 00:00:00+00:00,2023-05-11 00:00:00+00:00,DR,2026-07-22T13:05:01.825Z,2020,3,1,1.0,6.123233995736766e-17,1.0,6.123233995736766e-17,1207.0,67.0,Northeast,53,0,0,0,0.44999999999999996,0,0,0,0,0,0,1,0,0,0,543.15,23.849999999999998,80869.0,3489121800.2,2422.0,1440595.2932287366,301654877.65,21.972915908601895,1
4536555e-0745-44f7-97ed-f3b88852ae6d,1422c80f46905083ec09dacc3f24de4a2d9cdb25,4497,KY,Biological,2020-03-28 00:00:00+00:00,2020-01-20 00:00:00+00:00,2023-05-11 00:00:00+00:00,DR,2024-08-27T18:22:14.800Z,2020,3,1,1.0,6.123233995736766e-17,1.0,6.123233995736766e-17,1207.0,68.0,South,78,0,0,0,0.44999999999999996,0,0,0,0,0,0,1,0,0,0,543.15,35.099999999999994,82076.0,278500583.90000004,156.0,1785260.1532051284,41820598.35,19.444930717508942,3
264658bd-e3b1-4d62-b10a-932a52875f57,64eb83b9d372fe07ace2934e15e79bd6d463c198,4498,CO,Biological,2020-03-28 00:00:00+00:00,2020-01-20 00:00:00+00:00,2023-05-11 00:00:00+00:00,DR,2024-08-27T18:22:14.800Z,2020,3,1,1.0,6.123233995736766e-17,1.0,6.123233995736766e-17,1207.0,68.0,West,92,0,0,0,0.44999999999999996,0,0,0,0,0,0,1,0,0,0,543.15,41.4,82076.0,1830917271.08,224.0,8173737.817321428,882882567.3,21.328082919793914,4
2244eca6-a2e7-449f-80f0-5c033a8863a5,c71b51bb4339756de0a252d509e617a97ca54792,4499,OR,Biological,2020-03-28 00:00:00+00:00,2020-01-20 00:00:00+00:00,2023-05-11 00:00:00+00:00,DR,2024-08-27T18:22:14.800Z,2020,3,1,1.0,6.123233995736766e-17,1.0,6.123233995736766e-17,1207.0,68.0,West,115,0,0,0,0.44999999999999996,0,0,0,0,0,0,1,0,0,0,543.15,51.74999999999999,82076.0,1982270300.05,1135.0,1746493.656431718,162774667.82,21.407508641481922,4
0b7d17b8-6f41-47bd-9aa8-5742742cafd5,8e80a9cb2bee0de5ee722c75f640faf0f04107ff,4500,CT,Biological,2020-03-28 00:00:00+00:00,2020-01-20 00:00:00+00:00,2023-05-11 00:00:00+00:00,DR,2024-08-27T18:22:14.800Z,2020,3,1,1.0,6.123233995736766e-17,1.0,6.123233995736766e-17,1207.0,68.0,Northeast,34,0,0,0,0.44999999999999996,0,0,0,0,0,0,1,0,0,0,543.15,15.299999999999999,82076.0,1063462200.2,693.0,1534577.4894660895,76184104.76,20.784795650082952,1
66dad436-c162-4267-8696-8429085e9c0d,45041a527bec7b7173cbbd314a948c56e72295ca,4501,GA,Biological,2020-03-29 00:00:00+00:00,2020-01-20 00:00:00+00:00,2023-05-11 00:00:00+00:00,DR,2024-08-27T18:22:14.800Z,2020,3,1,1.0,6.123233995736766e-17,1.0,6.123233995736766e-17,1207.0,69.0,South,69,0,0,0,0.44999999999999996,0,0,0,0,0,0,1,0,0,0,543.15,31.049999999999997,83283.0,1175209021.58,284.0,4138059.935140845,277037162.67,20.884711860279154,3
59f12ed6-21d0-4551-b34e-d07fafb142ee,7308cf5cb66dc088df05fced86f6e42a351a81a6,4502,DC,Biological,2020-03-29 00:00:00+00:00,2020-01-20 00:00:00+00:00,2023-05-11 00:00:00+00:00,DR,2024-08-27T18:22:14.800Z,2020,3,1,1.0,6.123233995736766e-17,1.0,6.123233995736766e-17,1207.0,69.0,South,21,0,0,0,0.44999999999999996,0,0,0,0,0,0,1,0,0,0,543.15,9.45,83283.0,1074341451.44,824.0,1303812.4410679613,49632268.8,20.794973708427136,3
c0afc752-18dc-40e1-a994-6e0e4f797175,a49d7e88fea24c5d4234c858df996f86daa2469f,4503,AL,Biological,2020-03-29 00:00:00+00:00,2020-01-20 00:00:00+00:00,2023-05-11 00:00:00+00:00,DR,2024-08-27T18:22:14.800Z,2020,3,1,1.0,6.123233995736766e-17,1.0,6.123233995736766e-17,1207.0,69.0,South,89,0,0,0,0.44999999999999996,0,0,0,0,0,0,1,0,0,0,543.15,40.05,83283.0,104145129.09,160.0,650907.0568125,33291124.12,18.46129596596066,3
ce08729a-9a55-4d02-bc33-2e13ecde3f63,a65ba2d854266ea126fc86881e9a83de4a26a672,4504,KS,Biological,2020-03-29 00:00:00+00:00,2020-01-20 00:00:00+00:00,2023-05-11 00:00:00+00:00,DR,2024-08-27T18:22:14.800Z,2020,3,1,1.0,6.123233995736766e-17,1.0,6.123233995736766e-17,1207.0,69.0,Midwest,78,0,0,0,0.44999999999999996,0,0,0,0,0,0,1,0,0,0,543.15,35.099999999999994,83283.0,524461878.7,224.0,2341347.672767857,129797259.07,20.077883303845724,0
d308d3a6-ef8d-4393-bbca-c701896d60c2,495d976ef5588147d65d3c97715e702eeced497e,4505,RI,Biological,2020-03-30 00:00:00+00:00,2020-01-20 00:00:00+00:00,2023-05-11 00:00:00+00:00,DR,2024-08-27T18:22:14.800Z,2020,3,1,1.0,6.123233995736766e-17,1.0,6.123233995736766e-17,1207.0,70.0,Northeast,24,0,0,0,0.44999999999999996,0,0,0,0,0,0,1,0,0,0,543.15,10.799999999999999,84490.0,855630272.95,688.0,1243648.6525436046,124208921.33,20.56734891784482,1
5e65fc1b-b50d-4bc6-a26c-5a54820026a2,8e582a8980a753ff8a5c6a526a9428781ea8751b,4506,PA,Biological,2020-03-30 00:00:00+00:00,2020-01-20 00:00:00+00:00,2023-05-11 00:00:00+00:00,DR,2024-08-27T18:22:14.800Z,2020,3,1,1.0,6.123233995736766e-17,1.0,6.123233995736766e-17,1207.0,70.0,Northeast,61,0,0,0,0.44999999999999996,0,0,0,0,0,0,1,0,0,0,543.15,27.449999999999996,84490.0,2342214034.93,1519.0,1541944.7234562212,146004627.41,21.574362488180945,1
9ad1c226-da32-4860-9a88-1416e8bdd11b,292c1062ac4de1d527e8bb2f5e21a8a53aebc565,4507,OH,Biological,2020-03-31 00:00:00+00:00,2020-01-20 00:00:00+00:00,2023-05-11 00:00:00+00:00,DR,2024-08-27T18:22:14.800Z,2020,3,1,1.0,6.123233995736766e-17,1.0,6.123233995736766e-17,1207.0,71.0,Midwest,58,0,0,0,0.44999999999999996,0,0,0,0,0,0,1,0,0,0,543.15,26.099999999999998,85697.0,1018447616.21,477.0,2135110.3065199163,71179658.23,20.741545360997748,0
0093c61a-797d-4c95-99b5-1d19fdfec796,11296fc1bc00158a49fde113e22ecf718f6dbde7,4508,MT,Biological,2020-03-31 00:00:00+00:00,2020-01-20 00:00:00+00:00,2023-05-11 00:00:00+00:00,DR,2024-08-27T18:22:14.800Z,2020,3,1,1.0,6.123233995736766e-17,1.0,6.123233995736766e-17,1207.0,71.0,West,85,0,0,0,0.44999999999999996,0,0,0,0,0,0,1,0,0,0,543.15,38.24999999999999,85697.0,84399774.51,103.0,819415.2865048544,15156098.49,18.251075299728527,4
bd5c5fab-c502-4107-981d-3193e7fd521e,943d49126bebd9e27c6e5657815d7d1b257cb7b5,4509,ND,Biological,2020-04-01 00:00:00+00:00,2020-01-20 00:00:00+00:00,2023-05-11 00:00:00+00:00,DR,2024-08-27T18:22:14.800Z,2020,4,2,0.8660254037844387,-0.4999999999999998,1.2246467991473532e-16,-1.0,1207.0,72.0,Midwest,62,0,0,0,0.44999999999999996,0,0,0,0,0,0,1,0,0,0,543.15,27.9,86904.0,215514572.2,217.0,993154.7105990783,24267472.93,19.18853909027961,0
649874cd-f09a-4015-82a5-2cc5d3d19045,a3a3ef9e94ceb73e205f9c856c649d1b3df1a1bd,4510,HI,Biological,2020-04-01 00:00:00+00:00,2020-01-20 00:00:00+00:00,2023-05-11 00:00:00+00:00,DR,2024-08-27T18:22:14.800Z,2020,4,2,0.8660254037844387,-0.4999999999999998,1.2246467991473532e-16,-1.0,1207.0,72.0,West,55,0,0,0,0.44999999999999996,0,0,0,0,0,0,1,0,0,0,543.15,24.749999999999996,86904.0,312455112.29,141.0,2215993.704184397,50945485.78,19.559971379351882,4
ce0d87b2-0d49-4e9b-afe6-1c2c7a58b8e5,a05e4b7069dd99698e6ac312a83dbbad958ee4e1,4511,MP,Biological,2020-04-01 00:00:00+00:00,2020-01-20 00:00:00+00:00,2023-05-11 00:00:00+00:00,DR,2024-08-27T18:22:14.800Z,2020,4,2,0.8660254037844387,-0.4999999999999998,1.2246467991473532e-16,-1.0,1207.0,72.0,Other,22,0,0,0,0.44999999999999996,0,0,0,0,0,0,1,0,0,0,543.15,9.899999999999999,86904.0,126934582.16,54.0,2350640.4103703704,28258011.23,18.65918241848843,2
5edd2a7e-1774-4e6c-8d49-5c4078afe8b9,4a0ef5e03cb7677a1ee0b8719bd6825df561fc46,4512,VA,Biological,2020-04-02 00:00:00+00:00,2020-01-20 00:00:00+00:00,2023-05-11 00:00:00+00:00,DR,2024-08-27T18:22:14.800Z,2020,4,2,0.8660254037844387,-0.4999999999999998,1.2246467991473532e-16,-1.0,1207.0,73.0,South,68,0,0,0,0.44999999999999996,0,0,0,0,0,0,1,0,0,0,543.15,30.599999999999998,88111.0,1186586772.72,439.0,2702931.145148064,95600172.88,20.89434676535892,3
bcd13b60-0f99-44f6-8a03-a3be1ed8b66d,9d37f6d833296ad5cef52a2cd267cca8dc3e8e35,4513,VI,Biological,2020-04-02 00:00:00+00:00,2020-01-20 00:00:00+00:00,2023-05-11 00:00:00+00:00,DR,2024-08-27T18:22:14.800Z,2020,4,2,0.8660254037844387,-0.4999999999999998,1.2246467991473532e-16,-1.0,1207.0,73.0,Other,27,0,0,0,0.44999999999999996,0,0,0,0,0,0,1,0,0,0,543.15,12.149999999999999,88111.0,139866937.84,49.0,2854427.302857143,59742733.0,18.756202091764937,2
9abfefb6-d47a-41df-9ece-355517d48056,6f47426237fa77bf66c43fcef74cc500347c9384,4514,TN,Biological,2020-04-02 00:00:00+00:00,2020-01-20 00:00:00+00:00,2023-05-11 00:00:00+00:00,DR,2024-08-27T18:22:14.800Z,2020,4,2,0.8660254037844387,-0.4999999999999998,1.2246467991473532e-16,-1.0,1207.0,73.0,South,73,0,0,0,0.44999999999999996,0,0,0,0,0,0,1,0,0,0,543.15,32.849999999999994,88111.0,540931576.31,460.0,1175938.2093695651,99441245.98,20.10880335433899,3
83317766-ff80-46af-8d4d-7a11999a392e,00013017f584b009bc3d5253a0a7d11af6e8eab1,4515,IN,Biological,2020-04-03 00:00:00+00:00,2020-01-20 00:00:00+00:00,2023-05-11 00:00:00+00:00,DR,2024-08-27T18:22:14.800Z,2020,4,2,0.8660254037844387,-0.4999999999999998,1.2246467991473532e-16,-1.0,1207.0,74.0,Midwest,50,0,0,0,0.44999999999999996,0,0,0,0,0,0,1,0,0,0,543.15,22.499999999999996,89318.0,279772782.6,561.0,498703.71229946526,40278471.28,19.44948834455674,0
783bb7f9-d5d7-41ca-86bd-438cd7ca5c93,ffb2af579e9a462d4cf20cfd1e22af75071687f6,4516,NH,Biological,2020-04-03 00:00:00+00:00,2020-01-20 00:00:00+00:00,2023-05-11 00:00:00+00:00,DR,2024-08-27T18:22:14.800Z,2020,4,2,0.8660254037844387,-0.4999999999999998,1.2246467991473532e-16,-1.0,1207.0,74.0,Northeast,54,0,0,0,0.44999999999999996,0,0,0,0,0,0,1,0,0,0,543.15,24.299999999999997,89318.0,324579039.88,470.0,690593.7018723404,54829938.25,19.59803964189047,1
6aefbc15-ce52-41ab-88db-2c0bfed8afed,692f1f7f2830fe98ed66de71e0317be8faeb8f61,4517,WV,Biological,2020-04-03 00:00:00+00:00,2020-01-20 00:00:00+00:00,2023-05-11 00:00:00+00:00,DR,2024-08-27T18:22:14.800Z,2020,4,2,0.8660254037844387,-0.4999999999999998,1.2246467991473532e-16,-1.0,1207.0,74.0,South,72,0,0,0,0.44999999999999996,0,0,0,0,0,0,1,0,0,0,543.15,32.4,89318.0,206717180.85,308.0,671159.6780844156,40370559.0,19.146862145774023,3
71eb28be-f83d-495c-bd2e-16a4f46b9744,46345b3eb89f40c350d6759b3a866dc01db13a92,4518,AR,Biological,2020-04-03 00:00:00+00:00,2020-01-20 00:00:00+00:00,2023-05-11 00:00:00+00:00,DR,2024-08-27T18:22:14.800Z,2020,4,2,0.8660254037844387,-0.4999999999999998,1.2246467991473532e-16,-1.0,1207.0,74.0,South,74,0,0,0,0.44999999999999996,0,0,0,0,0,0,1,0,0,0,543.15,33.3,89318.0,247714258.31,312.0,793955.9561217949,61033369.91,19.327786459657748,3
6e005b2e-8461-4d56-9a8a-d6e73bd532c8,6f687b00c90d16dda5591f950d60728163c2f5a5,4519,OR,Flood,2020-04-03 00:00:00+00:00,2020-02-05 00:00:00+00:00,2020-02-09 00:00:00+00:00,DR,2024-08-27T18:22:14.800Z,2020,4,2,0.8660254037844387,-0.4999999999999998,1.2246467991473532e-16,-1.0,4.0,58.0,West,116,0,0,0,0.44999999999999996,0,0,1,0,0,0,0,0,0,0,1.7999999999999998,52.199999999999996,232.0,9503060.95,74.0,128419.74256756756,3846150.0,16.067124615166204,4
b12f24bf-ff1f-4bc5-a7ed-5d01b5dd88ae,25a3e356c7faa708bfcb2f500501d4f2f2487571,4520,WI,Biological,2020-04-04 00:00:00+00:00,2020-01-20 00:00:00+00:00,2023-05-11 00:00:00+00:00,DR,2024-08-27T18:22:14.800Z,2020,4,2,0.8660254037844387,-0.4999999999999998,1.2246467991473532e-16,-1.0,1207.0,75.0,Midwest,53,0,0,0,0.44999999999999996,0,0,0,0,0,0,1,0,0,0,543.15,23.849999999999998,90525.0,869925572.3,296.0,2938937.7442567567,144454782.0,20.583918218022436,0
94dcda12-087c-44f3-bd49-44d543e5366c,af360c0f318dbf5495d5d46b6f4f94720370704f,4521,NE,Biological,2020-04-04 00:00:00+00:00,2020-01-20 00:00:00+00:00,2023-05-11 00:00:00+00:00,DR,2024-08-27T18:22:14.800Z,2020,4,2,0.8660254037844387,-0.4999999999999998,1.2246467991473532e-16,-1.0,1207.0,75.0,Midwest,71,0,0,0,0.44999999999999996,0,0,0,0,0,0,1,0,0,0,543.15,31.949999999999996,90525.0,307598383.0,643.0,478380.066874028,84593869.47,19.54430554200589,0
4acfad07-3f5b-4d85-b424-0d22dff0441c,0db5d825808cbd06e36f853b203a29e328c3c084,4522,ME,Biological,2020-04-04 00:00:00+00:00,2020-01-20 00:00:00+00:00,2023-05-11 00:00:00+00:00,DR,2024-08-27T18:22:14.800Z,2020,4,2,0.8660254037844387,-0.4999999999999998,1.2246467991473532e-16,-1.0,1207.0,75.0,Northeast,61,0,0,0,0.44999999999999996,0,0,0,0,0,0,1,0,0,0,543.15,27.449999999999996,90525.0,585648034.84,1481.0,395440.9418230925,54246064.71,20.18822954566253,1
890a5892-38a3-4183-be64-7003985537e4,1127a358626a1a1222a94524801a9117009ef178,4523,NV,Biological,2020-04-04 00:00:00+00:00,2020-01-20 00:00:00+00:00,2023-05-11 00:00:00+00:00,DR,2024-08-27T18:22:14.800Z,2020,4,2,0.8660254037844387,-0.4999999999999998,1.2246467991473532e-16,-1.0,1207.0,75.0,West,90,0,0,0,0.44999999999999996,0,0,0,0,0,0,1,0,0,0,543.15,40.49999999999999,90525.0,114762952.52,123.0,933032.1343089431,27339507.49,18.558379285239813,4
4ac8e5f7-075a-4e3f-9a1d-dee56d6563bc,6fc7572c95165e9308a81c32c4903601f6516d36,4524,AZ,Biological,2020-04-04 00:00:00+00:00,2020-01-20 00:00:00+00:00,2023-05-11 00:00:00+00:00,DR,2024-08-27T18:22:14.800Z,2020,4,2,0.8660254037844387,-0.4999999999999998,1.2246467991473532e-16,-1.0,1207.0,75.0,West,90,0,0,0,0.44999999999999996,0,0,0,0,0,0,1,0,0,0,543.15,40.49999999999999,90525.0,919327282.54,455.0,2020499.522065934,199632879.82,20.639152746996867,4
5f58884c-f02f-4c64-87cc-aaebc51da756,67145f8a3d8f0713b437f5888eed67406345180b,4525,UT,Biological,2020-04-04 00:00:00+00:00,2020-01-20 00:00:00+00:00,2023-05-11 00:00:00+00:00,DR,2024-08-27T18:22:14.800Z,2020,4,2,0.8660254037844387,-0.4999999999999998,1.2246467991473532e-16,-1.0,1207.0,75.0,West,41,0,0,0,0.44999999999999996,0,0,0,0,0,0,1,0,0,0,543.15,18.45,90525.0,446018520.9,149.0,2993412.891946309,58404430.25,19.915871038045804,4
0d5a9372-71cd-4c17-a605-c9a890146c7e,63b65aa51b3a66f13c16b89cf21c5f6e2e39ece8,4526,DE,Biological,2020-04-05 00:00:00+00:00,2020-01-20 00:00:00+00:00,2023-05-11 00:00:00+00:00,DR,2024-08-27T18:22:14.800Z,2020,4,2,0.8660254037844387,-0.4999999999999998,1.2246467991473532e-16,-1.0,1207.0,76.0,South,22,0,0,0,0.44999999999999996,0,0,0,0,0,0,1,0,0,0,543.15,9.899999999999999,91732.0,273519073.87,125.0,2188152.59096,85642325.12,19.42688192097752,3
5884f73d-a2e8-49ed-9cb6-cd1e0dcc7d73,a09b895913c7b0ad5b854f0b4b8779aa5b65f295,4527,SD,Biological,2020-04-05 00:00:00+00:00,2020-01-20 00:00:00+00:00,2023-05-11 00:00:00+00:00,DR,2024-08-27T18:22:14.800Z,2020,4,2,0.8660254037844387,-0.4999999999999998,1.2246467991473532e-16,-1.0,1207.0,76.0,Midwest,82,0,0,0,0.44999999999999996,0,0,0,0,0,0,1,0,0,0,543.15,36.9,91732.0,39737364.17,51.0,779164.0033333334,8183882.73,17.497802491178767,0
1eb92537-2831-42a8-b947-1acb24f0f3c2,4e28364bdef9c5303c2759775ee5e724a80ca36a,4528,MS,Biological,2020-04-05 00:00:00+00:00,2020-01-20 00:00:00+00:00,2023-05-11 00:00:00+00:00,DR,2024-08-27T18:22:14.800Z,2020,4,2,0.8660254037844387,-0.4999999999999998,1.2246467991473532e-16,-1.0,1207.0,76.0,South,78,0,0,0,0.44999999999999996,0,0,0,0,0,0,1,0,0,0,543.15,35.099999999999994,91732.0,322688533.64,509.0,633965.6849508841,90936349.5,19.59219812692091,3
fb93c3ce-c1fb-4ec7-b58d-dc3c049e2bc6,28340d7fddcfacf9bfdcba1c6cc96c254eadfd38,4529,NM,Biological,2020-04-05 00:00:00+00:00,2020-01-20 00:00:00+00:00,2023-05-11 00:00:00+00:00,DR,2024-08-27T18:22:14.800Z,2020,4,2,0.8660254037844387,-0.4999999999999998,1.2246467991473532e-16,-1.0,1207.0,76.0,West,102,0,0,0,0.44999999999999996,0,0,0,0,0,0,1,0,0,0,543.15,45.9,91732.0,580571760.72,344.0,1687708.606744186,92815477.3,20.179523971995856,4
0cda9d79-721e-4f63-bd17-281eb343b928,18c55b37aa1e8fc3e6b17c19738cff6796230d7b,4530,OK,Biological,2020-04-05 00:00:00+00:00,2020-01-20 00:00:00+00:00,2023-05-11 00:00:00+00:00,DR,2024-08-27T18:22:14.800Z,2020,4,2,0.8660254037844387,-0.4999999999999998,1.2246467991473532e-16,-1.0,1207.0,76.0,South,212,0,0,0,0.44999999999999996,0,0,0,0,0,0,1,0,0,0,543.15,95.39999999999999,91732.0,277619251.46999997,252.0,1101663.6963095237,44803018.86,19.441761137470195,3
ce9da633-1b9a-4103-8250-0e954c343c63,0f48867bbc17f23dc39357539d1264419acd6741,4531,MN,Biological,2020-04-07 00:00:00+00:00,2020-01-20 00:00:00+00:00,2023-05-11 00:00:00+00:00,DR,2024-08-27T18:22:14.800Z,2020,4,2,0.8660254037844387,-0.4999999999999998,1.2246467991473532e-16,-1.0,1207.0,78.0,Midwest,73,0,0,0,0.44999999999999996,0,0,0,0,0,0,1,0,0,0,543.15,32.849999999999994,94146.0,564792156.14,579.0,975461.4095682211,30000000.0,20.151968357963323,0
4374abb5-bb90-4d73-9aa5-dbf19a996de9,e353ea5f0093cc5e6525bae7a4c40f7860abea8a,4532,VT,Biological,2020-04-08 00:00:00+00:00,2020-01-20 00:00:00+00:00,2023-05-11 00:00:00+00:00,DR,2024-08-27T18:22:14.800Z,2020,4,2,0.8660254037844387,-0.4999999999999998,1.2246467991473532e-16,-1.0,1207.0,79.0,Northeast,49,0,0,0,0.44999999999999996,0,0,0,0,0,0,1,0,0,0,543.15,22.049999999999997,95353.0,459186496.36,278.0,1651749.986906475,90638618.44,19.944966997833472,1
8da78f41-8eee-4da4-9b21-f0a3a9c165e0,e80f650a004dddfd76b50812aa64bc8291f64103,4533,AK,Biological,2020-04-09 00:00:00+00:00,2020-01-20 00:00:00+00:00,2023-05-11 00:00:00+00:00,DR,2024-08-27T18:22:14.800Z,2020,4,2,0.8660254037844387,-0.4999999999999998,1.2246467991473532e-16,-1.0,1207.0,80.0,West,70,0,0,0,0.44999999999999996,0,0,0,0,0,0,1,0,0,0,543.15,31.499999999999996,96560.0,494785995.36,253.0,1955675.8709881424,118437542.38,20.019635896465292,4
270f176f-3188-40d0-806f-96b3a9ca4307,ddda3a11d282f6cdb4b50257a2ebbdea3cb6c7be,4534,ID,Biological,2020-04-09 00:00:00+00:00,2020-01-20 00:00:00+00:00,2023-05-11 00:00:00+00:00,DR,2024-08-27T18:22:14.800Z,2020,4,2,0.8660254037844387,-0.4999999999999998,1.2246467991473532e-16,-1.0,1207.0,80.0,West,49,0,0,0,0.44999999999999996,0,0,0,0,0,0,1,0,0,0,543.15,22.049999999999997,96560.0,225600953.97,220.0,1025458.8816818182,97999308.77,19.234278310602267,4
fd2ec7de-f0e2-4931-ade6-89ea1f3850c7,c2e1b9d8109c18c703a495c015db1b91eebc24a3,4535,WY,Biological,2020-04-11 00:00:00+00:00,2020-01-20 00:00:00+00:00,2023-05-11 00:00:00+00:00,DR,2024-08-27T18:22:14.800Z,2020,4,2,0.8660254037844387,-0.4999999999999998,1.2246467991473532e-16,-1.0,1207.0,82.0,West,35,0,0,0,0.44999999999999996,0,0,0,0,0,0,1,0,0,0,543.15,15.749999999999998,98974.0,79767691.27,42.0,1899230.7445238095,41070000.0,18.19462912167067,4
63780192-096f-4aab-8a4f-6141675c8478,ffaa765bd0b048f6c0dad056dcbb7145c862f600,4536,MS,Severe Storm,2020-04-16 00:00:00+00:00,2020-04-12 00:00:00+00:00,2020-04-12 00:00:00+00:00,DR,2026-07-20T21:43:12.371Z,2020,4,2,0.8660254037844387,-0.4999999999999998,1.2246467991473532e-16,-1.0,0.0,4.0,South,79,0,0,0,0.3,0,1,0,0,0,0,0,0,0,0,0.0,23.7,0.0,34902489.74,173.0,201748.49560693643,5405534.42,17.3680687525344,3
c9c125bb-a7a7-4651-b614-ad8b2cba06eb,1a536e8b27c658576c488f5bce8bcc68e18ce58f,4537,AS,Biological,2020-04-17 00:00:00+00:00,2020-01-20 00:00:00+00:00,2023-05-11 00:00:00+00:00,DR,2024-08-27T18:22:14.800Z,2020,4,2,0.8660254037844387,-0.4999999999999998,1.2246467991473532e-16,-1.0,1207.0,88.0,Other,15,0,0,0,0.44999999999999996,0,0,0,0,0,0,1,0,0,0,543.15,6.749999999999999,106216.0,21385733.38,30.0,712857.7793333333,8048153.57,16.878234639946662,2
aaaa3540-983d-4ef5-9055-a954810da92a,84ed39ef195f3168fa2f732933af09f8bd611c6f,4538,MS,Severe Storm,2020-04-23 00:00:00+00:00,2020-02-10 00:00:00+00:00,2020-02-18 00:00:00+00:00,DR,2024-08-27T18:22:14.800Z,2020,4,2,0.8660254037844387,-0.4999999999999998,1.2246467991473532e-16,-1.0,8.0,73.0,South,80,0,0,0,0.3,0,1,0,0,0,0,0,0,0,0,2.4,24.0,584.0,10198817.16,121.0,84287.74512396695,1391373.47,16.137782404874773,3
8644f829-f86a-409d-8754-19d904d6418c,45117c7b74d8f8d889160980f059195d86a82e1e,4539,WA,Flood,2020-04-23 00:00:00+00:00,2020-01-20 00:00:00+00:00,2020-02-10 00:00:00+00:00,DR,2024-08-27T18:22:14.800Z,2020,4,2,0.8660254037844387,-0.4999999999999998,1.2246467991473532e-16,-1.0,21.0,94.0,West,166,0,0,0,0.44999999999999996,0,0,1,0,0,0,0,0,0,0,9.45,74.69999999999999,1974.0,50236381.68,256.0,196235.8659375,14510607.82,17.732250076735856,4
8eeba2c8-53ac-4f4e-b6fa-8a712d471c40,947b94a4031c9a7c1543a55809bdbcb8bf5c0755,4540,KY,Severe Storm,2020-04-24 00:00:00+00:00,2020-02-03 00:00:00+00:00,2020-02-29 00:00:00+00:00,DR,2024-08-27T18:22:14.800Z,2020,4,2,0.8660254037844387,-0.4999999999999998,1.2246467991473532e-16,-1.0,26.0,81.0,South,79,0,0,0,0.3,0,1,0,0,0,0,0,0,0,0,7.8,23.7,2106.0,71821603.06,420.0,171003.81680952382,5336133.76,18.08969588096003,3
ba443b9a-2ce3-4e17-9d1f-cdf2f6f3240e,10a4aff811fabf8848d7438d2f9661e785e137d8,4541,TN,Severe Storm,2020-04-24 00:00:00+00:00,2020-04-12 00:00:00+00:00,2020-04-13 00:00:00+00:00,DR,2024-08-27T18:22:14.800Z,2020,4,2,0.8660254037844387,-0.4999999999999998,1.2246467991473532e-16,-1.0,1.0,12.0,South,74,0,0,0,0.3,0,1,0,0,0,0,0,0,0,0,0.3,22.2,12.0,90995727.25,80.0,1137446.590625,36872579.63,18.326323121071606,3
7393cb7b-2585-4979-83cc-6e6adfb99536,197e6c1630726922a045008e15f6536bbf67b186,4542,SC,Severe Storm,2020-05-01 00:00:00+00:00,2020-04-12 00:00:00+00:00,2020-04-13 00:00:00+00:00,DR,2024-08-27T18:22:14.800Z,2020,5,2,0.49999999999999994,-0.8660254037844387,1.2246467991473532e-16,-1.0,1.0,19.0,South,37,0,0,0,0.3,0,1,0,0,0,0,0,0,0,0,0.3,11.1,19.0,20757171.31,65.0,319341.09707692306,5317516.75,16.84840239841055,3
40fe8fbf-6163-4225-98a3-a521951b5c5c,40b5172a98521dbf489423d35bb19e0a2b589207,4543,NC,Severe Storm,2020-05-08 00:00:00+00:00,2020-02-06 00:00:00+00:00,2020-02-19 00:00:00+00:00,DR,2024-08-27T18:22:14.800Z,2020,5,2,0.49999999999999994,-0.8660254037844387,1.2246467991473532e-16,-1.0,13.0,92.0,South,68,0,0,0,0.3,0,1,0,0,0,0,0,0,0,0,3.9,20.4,1196.0,13644804.5,93.0,146718.32795698923,3282028.99,16.428869457717376,3
aaa27aeb-29c3-469e-961e-06b9911d555a,dc1a50b43ab59d6c3a52e95db5db33cd7d2e22c0,4544,AR,Tornado,2020-05-08 00:00:00+00:00,2020-03-28 00:00:00+00:00,2020-03-28 00:00:00+00:00,DR,2024-08-27T18:22:14.800Z,2020,5,2,0.49999999999999994,-0.8660254037844387,1.2246467991473532e-16,-1.0,0.0,41.0,South,75,0,0,0,0.44999999999999996,0,0,0,0,1,0,0,0,0,0,0.0,33.75,0.0,3164320.93,17.0,186136.52529411766,1054946.3,14.967449350481337,3
a05ab7d8-d026-4a9a-af7d-f8195717ce19,bca75d8a4cae5aa6b9842c18f3c29635e0956dd0,4545,FL,Biological,2020-05-08 00:00:00+00:00,2020-01-20 00:00:00+00:00,2023-05-11 00:00:00+00:00,DR,2024-10-10T14:02:49.284Z,2020,5,2,0.49999999999999994,-0.8660254037844387,1.2246467991473532e-16,-1.0,1207.0,109.0,South,157,0,0,0,0.44999999999999996,0,0,0,0,0,0,1,0,0,0,543.15,70.64999999999999,131563.0,1809645.12,2.0,904822.56,1622662.83,14.408641870314536,3
f35ed2f1-a52f-44e1-9e9c-5b61d6a17e6a,791d8fc7a70e0a1e91b3d38d2f53a6041a2037b1,4546,AL,Severe Storm,2020-05-21 00:00:00+00:00,2020-02-05 00:00:00+00:00,2020-03-06 00:00:00+00:00,DR,2024-08-27T18:22:14.800Z,2020,5,2,0.49999999999999994,-0.8660254037844387,1.2246467991473532e-16,-1.0,30.0,106.0,South,90,0,0,0,0.3,0,1,0,0,0,0,0,0,0,0,9.0,27.0,3180.0,11740490.209999999,206.0,56992.67092233009,712082.33,16.27855421220443,3
3a5096df-7d39-40d9-94ae-877496ce562d,7dd018ff790814a2818650a8a46f9314444a2f30,3527,LA,Coastal Storm,2020-06-07 00:00:00+00:00,2020-06-05 00:00:00+00:00,2020-06-09 00:00:00+00:00,EM,2026-07-20T21:43:12.371Z,2020,6,2,1.2246467991473532e-16,-1.0,1.2246467991473532e-16,-1.0,4.0,2.0,South,87,0,0,0,0.3,0,0,0,0,0,0,0,0,0,0,1.2,26.099999999999998,8.0,322190.94,22.0,14645.042727272727,76586.9,12.682902733893807,3
cf784c66-7795-4fcc-b8d2-9dd59776cfd8,87e889bf62a22cbc57f26e48e13d9c5974548684,4547,MI,Dam/Levee Break,2020-07-09 00:00:00+00:00,2020-05-16 00:00:00+00:00,2020-05-22 00:00:00+00:00,DR,2024-08-27T18:22:14.800Z,2020,7,3,-0.4999999999999997,-0.8660254037844388,-1.0,-1.8369701987210297e-16,6.0,54.0,Midwest,41,0,0,0,0.6,0,0,0,0,0,0,0,0,0,0,3.5999999999999996,24.599999999999998,324.0,33308803.64,133.0,250442.13263157895,4852092.37,17.3213323236058,0
00a3b18e-6cec-430b-b778-fab963f90175,f17938e81d91d2cbfb367805171fc6547d6106d9,4548,UT,Earthquake,2020-07-09 00:00:00+00:00,2020-03-18 00:00:00+00:00,2020-04-17 00:00:00+00:00,DR,2024-08-27T18:22:14.800Z,2020,7,3,-0.4999999999999997,-0.8660254037844388,-1.0,-1.8369701987210297e-16,30.0,113.0,West,44,0,0,0,0.6,0,0,0,0,0,0,0,0,0,0,18.0,26.4,3390.0,26543387.220000003,51.0,520458.57294117654,17753004.39,17.094291243377018,4
4bcd9b29-d7f0-47a9-bd77-3b65f72ab4bb,17a6139e073ed91728146e594c6f33f0f86e1137,4549,HI,Severe Storm,2020-07-09 00:00:00+00:00,2020-03-27 00:00:00+00:00,2020-03-28 00:00:00+00:00,DR,2024-08-27T18:22:14.800Z,2020,7,3,-0.4999999999999997,-0.8660254037844388,-1.0,-1.8369701987210297e-16,1.0,104.0,West,56,0,0,0,0.3,0,1,0,0,0,0,0,0,0,0,0.3,16.8,104.0,1074305.3900000001,13.0,82638.87615384617,347310.0,13.887185792696146,4
ee6e9b6a-66de-4939-a18d-3f1bc82ecbba,55e5a4cec7476e0491c0845b6f015bbebafc27c1,4550,TN,Severe Storm,2020-07-09 00:00:00+00:00,2020-05-03 00:00:00+00:00,2020-05-04 00:00:00+00:00,DR,2024-08-27T18:22:14.800Z,2020,7,3,-0.4999999999999997,-0.8660254037844388,-1.0,-1.8369701987210297e-16,1.0,67.0,South,75,0,0,0,0.3,0,1,0,0,0,0,0,0,0,0,0.3,22.5,67.0,15800392.4,111.0,142345.87747747748,7390675.59,16.575545396421404,3
457dca81-b60f-4603-8a15-f549bc4547ca,8893fca4a7d0c3a30eb498fb3a0c8ec93aa46c06,4551,MS,Severe Storm,2020-07-09 00:00:00+00:00,2020-04-22 00:00:00+00:00,2020-04-23 00:00:00+00:00,DR,2024-08-27T18:22:14.800Z,2020,7,3,-0.4999999999999997,-0.8660254037844388,-1.0,-1.8369701987210297e-16,1.0,78.0,South,81,0,0,0,0.3,0,1,0,0,0,0,0,0,0,0,0.3,24.3,78.0,8718623.77,61.0,142928.25852459014,1407163.03,15.980972073585269,3
7d0b79a0-a62b-4ffe-a057-e4bb84c8ab1a,1338eb9120e4ff608a22484820f30019023a4a00,4552,MO,Severe Storm,2020-07-09 00:00:00+00:00,2020-05-03 00:00:00+00:00,2020-05-04 00:00:00+00:00,DR,2025-03-11T11:01:35.528Z,2020,7,3,-0.4999999999999997,-0.8660254037844388,-1.0,-1.8369701987210297e-16,1.0,67.0,Midwest,73,0,0,0,0.3,0,1,0,0,0,0,0,0,0,0,0.3,21.9,67.0,8847245.34,54.0,163837.87666666668,1361217.86,15.995616820544925,0
8b0249f4-0df0-46f1-abb9-d23d5922fab1,947d0bf8509236074fdee5dba19d1bdf1f57fecc,4553,ND,Flood,2020-07-09 00:00:00+00:00,2020-04-01 00:00:00+00:00,2020-04-25 00:00:00+00:00,DR,2024-08-27T18:22:14.800Z,2020,7,3,-0.4999999999999997,-0.8660254037844388,-1.0,-1.8369701987210297e-16,24.0,99.0,Midwest,63,0,0,0,0.44999999999999996,0,0,1,0,0,0,0,0,0,0,10.799999999999999,28.349999999999998,2376.0,9948288.18,195.0,51016.86246153846,745552.77,16.112911152642564,0
f8d54a0e-0bb6-416f-a8d8-0f42c8d30280,1c61845699da63abae2d3f12cdca938a5a6249e3,4554,AL,Severe Storm,2020-07-10 00:00:00+00:00,2020-04-19 00:00:00+00:00,2020-04-19 00:00:00+00:00,DR,2024-08-27T18:22:14.800Z,2020,7,3,-0.4999999999999997,-0.8660254037844388,-1.0,-1.8369701987210297e-16,0.0,82.0,South,91,0,0,0,0.3,0,1,0,0,0,0,0,0,0,0,0.0,27.3,0.0,9203289.24,92.0,100035.75260869565,1325388.81,16.035071612865803,3
de2aeed6-63f4-45a5-b659-6daf3906b201,e085cfb921907907dd18013ce40ebb15c68a4a72,4555,AL,Severe Storm,2020-07-10 00:00:00+00:00,2020-04-12 00:00:00+00:00,2020-04-13 00:00:00+00:00,DR,2026-07-20T21:43:12.371Z,2020,7,3,-0.4999999999999997,-0.8660254037844388,-1.0,-1.8369701987210297e-16,1.0,89.0,South,92,0,0,0,0.3,0,1,0,0,0,0,0,0,0,0,0.3,27.599999999999998,89.0,5768522.54,138.0,41800.88797101449,691424.69,15.56792672012472,3
01df0a65-0ab4-4ce4-90f3-c464413bb7be,45db3733d2e937c9ad052277decd3df675c4b227,4556,AR,Tornado,2020-07-10 00:00:00+00:00,2020-04-12 00:00:00+00:00,2020-04-12 00:00:00+00:00,DR,2024-08-27T18:22:14.800Z,2020,7,3,-0.4999999999999997,-0.8660254037844388,-1.0,-1.8369701987210297e-16,0.0,89.0,South,76,0,0,0,0.44999999999999996,0,0,0,0,1,0,0,0,0,0,0.0,34.199999999999996,0.0,9714415.61,48.0,202383.65854166666,5112719.93,16.08912158855311,3
1d461baa-c895-4565-ace9-649b1750eeb9,ce8f68832a19b9fc09ff7ad53804c62d2654c7a2,3529,HI,Hurricane,2020-07-25 00:00:00+00:00,2020-07-23 00:00:00+00:00,2020-07-27 00:00:00+00:00,EM,2024-08-27T18:22:14.800Z,2020,7,3,-0.4999999999999997,-0.8660254037844388,-1.0,-1.8369701987210297e-16,4.0,2.0,West,57,0,0,0,0.6,0,0,0,1,0,0,0,0,0,0,2.4,34.199999999999996,8.0,421455.95,8.0,52681.99375,194351.41,12.951472915976572,4
43f1bcd5-0bba-4c22-9016-61c77987c932,8b3541d5f9e3f61def9043dfb0459c72782d8812,3530,TX,Hurricane,2020-07-26 00:00:00+00:00,2020-07-25 00:00:00+00:00,2020-07-31 00:00:00+00:00,EM,2024-08-27T18:22:14.800Z,2020,7,3,-0.4999999999999997,-0.8660254037844388,-1.0,-1.8369701987210297e-16,6.0,1.0,South,358,0,0,0,0.6,0,0,0,1,0,0,0,0,0,0,3.5999999999999996,214.79999999999998,6.0,2208510.7399999998,5.0,441702.1479999999,931448.08,14.60782942582981,3
c654da38-4bdd-458c-b4e1-6f4e5fcb9f90,36f3a802efc64559bc3cdd59e7c0be65e3fc0ed7,3533,FL,Hurricane,2020-08-01 00:00:00+00:00,2020-07-31 00:00:00+00:00,2020-08-04 00:00:00+00:00,EM,2024-08-27T18:22:14.800Z,2020,8,3,-0.8660254037844385,-0.5000000000000004,-1.0,-1.8369701987210297e-16,4.0,1.0,South,159,0,0,0,0.6,0,0,0,1,0,0,0,0,0,0,2.4,95.39999999999999,4.0,1292559.68,25.0,51702.3872,515843.52,14.072135832038338,3
4c29f56c-8e4b-4639-b942-6db680456712,299ef826b2733358a30bb463900550546a25801c,4557,IA,Severe Storm,2020-08-17 00:00:00+00:00,2020-08-10 00:00:00+00:00,2020-08-10 00:00:00+00:00,DR,2024-08-27T18:22:14.800Z,2020,8,3,-0.8660254037844385,-0.5000000000000004,-1.0,-1.8369701987210297e-16,0.0,7.0,Midwest,70,0,0,0,0.3,0,1,0,0,0,0,0,0,0,0,0.0,21.0,0.0,216701359.92,679.0,319147.805478645,25624229.79,19.19403074668991,0
f8d0ff94-aaaa-4629-b5b5-78c2bdb89d32,4dbd437c6007c4dc05b95df83a440464ec61e35c,4558,CA,Fire,2020-08-22 00:00:00+00:00,2020-08-14 00:00:00+00:00,2020-09-26 00:00:00+00:00,DR,2024-08-27T18:22:14.800Z,2020,8,3,-0.8660254037844385,-0.5000000000000004,-1.0,-1.8369701987210297e-16,43.0,8.0,West,330,0,0,0,0.3,1,0,0,0,0,0,0,0,0,0,12.9,99.0,344.0,485482671.24,512.0,948208.342265625,205332203.29,20.0006541545129,4
3d995a1a-d029-48db-8729-2c1613e4d138,ff496a1baf5834b94f436dab257c4ef001afd508,3539,MS,Hurricane,2020-08-23 00:00:00+00:00,2020-08-23 00:00:00+00:00,2020-08-29 00:00:00+00:00,EM,2024-08-27T18:22:14.800Z,2020,8,3,-0.8660254037844385,-0.5000000000000004,-1.0,-1.8369701987210297e-16,6.0,0.0,South,82,0,0,0,0.6,0,0,0,1,0,0,0,0,0,0,3.5999999999999996,49.199999999999996,0.0,22140.45,1.0,22140.45,22140.45,10.00520669643969,3
a7be5af9-1633-4f9a-8c60-ff216e07f4c5,c46d8eed41510810e4561308f4a0e52078a3c0d6,3540,TX,Hurricane,2020-08-24 00:00:00+00:00,2020-08-23 00:00:00+00:00,2020-08-27 00:00:00+00:00,EM,2024-08-27T18:22:14.800Z,2020,8,3,-0.8660254037844385,-0.5000000000000004,-1.0,-1.8369701987210297e-16,4.0,1.0,South,359,0,0,0,0.6,0,0,0,1,0,0,0,0,0,0,2.4,215.4,4.0,57257519.120000005,95.0,602710.7275789474,31184719.88,17.863069547580064,3
8fec7704-8a43-478f-ac28-feedbb54980f,914d7a0b034927cc9325323e38c78b14f9b50332,4559,LA,Hurricane,2020-08-28 00:00:00+00:00,2020-08-22 00:00:00+00:00,2020-08-27 00:00:00+00:00,DR,2024-08-27T18:22:14.800Z,2020,8,3,-0.8660254037844385,-0.5000000000000004,-1.0,-1.8369701987210297e-16,5.0,6.0,South,89,0,0,0,0.6,0,0,0,1,0,0,0,0,0,0,3.0,53.4,30.0,3189721430.22,2650.0,1203668.4642339621,219617529.05,21.883199424293696,3
83156e51-4af4-4427-b1c4-868807414904,1965f25a2371ac3c9f8bf986493875509f312e90,4561,IA,Severe Storm,2020-09-10 00:00:00+00:00,2020-08-10 00:00:00+00:00,2020-08-10 00:00:00+00:00,DR,2024-08-27T18:22:14.800Z,2020,9,3,-1.0,-1.8369701987210297e-16,-1.0,-1.8369701987210297e-16,0.0,31.0,Midwest,71,0,0,0,0.3,0,1,0,0,0,0,0,0,0,0,0.0,21.3,0.0,789578.8,7.0,112796.97142857143,578134.13,13.579256184200714,0
b5b09975-17fd-4023-a55f-7abfd3f2478e,2ae99f153945713a82ef37abc8c17f19cc5470d0,3543,LA,Hurricane,2020-09-14 00:00:00+00:00,2020-09-13 00:00:00+00:00,2020-09-16 00:00:00+00:00,EM,2025-02-27T18:22:13.483Z,2020,9,3,-1.0,-1.8369701987210297e-16,-1.0,-1.8369701987210297e-16,3.0,1.0,South,90,0,0,0,0.6,0,0,0,1,0,0,0,0,0,0,1.7999999999999998,54.0,3.0,5900544.46,73.0,80829.37616438356,915517.27,15.590555355450089,3
b34c596f-fde1-46f9-bb16-4afb7393f6d9,c00750651a3bf22895722311ba4fb65a47096a30,3544,MS,Hurricane,2020-09-14 00:00:00+00:00,2020-09-14 00:00:00+00:00,2020-09-17 00:00:00+00:00,EM,2024-08-27T18:22:14.800Z,2020,9,3,-1.0,-1.8369701987210297e-16,-1.0,-1.8369701987210297e-16,3.0,0.0,South,83,0,0,0,0.6,0,0,0,1,0,0,0,0,0,0,1.7999999999999998,49.8,0.0,964564.73,16.0,60285.295625,609086.21,13.779433258306018,3
c5284413-127c-49eb-8e6e-4e2a53f55c2b,f72168aa27b4ac5ce6236256e05bee7ee12eb209,3545,AL,Hurricane,2020-09-14 00:00:00+00:00,2020-09-14 00:00:00+00:00,2020-09-16 00:00:00+00:00,EM,2024-08-27T18:22:14.800Z,2020,9,3,-1.0,-1.8369701987210297e-16,-1.0,-1.8369701987210297e-16,2.0,0.0,South,93,0,0,0,0.6,0,0,0,1,0,0,0,0,0,0,1.2,55.8,0.0,80246.7,7.0,11463.814285714285,47906.96,11.292873380145407,3
33063186-6964-47bb-91aa-36b8439d99c2,88c57f0e37e2f741b14fb0e95b3c2dfb07cf6692,4562,OR,Fire,2020-09-15 00:00:00+00:00,2020-09-07 00:00:00+00:00,2020-11-03 00:00:00+00:00,DR,2024-08-27T18:22:14.800Z,2020,9,3,-1.0,-1.8369701987210297e-16,-1.0,-1.8369701987210297e-16,57.0,8.0,West,134,0,0,0,0.3,1,0,0,0,0,0,0,0,0,0,17.099999999999998,40.199999999999996,456.0,573178721.98,639.0,896993.3051330204,148931099.57,20.16670813351545,4
6133dc6a-112b-4a32-a259-df0ed965bd28,5e5bceef72ab95f802ed8c3364e61c1f491a5c5f,4563,AL,Hurricane,2020-09-20 00:00:00+00:00,2020-09-14 00:00:00+00:00,2020-09-16 00:00:00+00:00,DR,2024-08-27T18:22:14.800Z,2020,9,3,-1.0,-1.8369701987210297e-16,-1.0,-1.8369701987210297e-16,2.0,6.0,South,94,0,0,0,0.6,0,0,0,1,0,0,0,0,0,0,1.2,56.4,12.0,291379306.86,490.0,594651.6466530613,26400684.87,19.49013643980121,3
e087666a-4435-4992-930f-ac544950bcbe,30dab557a9c384ecf1dab587ad40c48b1783c127,4564,FL,Hurricane,2020-09-23 00:00:00+00:00,2020-09-14 00:00:00+00:00,2020-09-28 00:00:00+00:00,DR,2024-08-27T18:22:14.800Z,2020,9,3,-1.0,-1.8369701987210297e-16,-1.0,-1.8369701987210297e-16,14.0,9.0,South,161,0,0,0,0.6,0,0,0,1,0,0,0,0,0,0,8.4,96.6,126.0,215054189.89000002,692.0,310771.9507080925,39302580.13,19.18640060498367,3
2811dd28-8415-4f38-867e-44b8585064f2,fd5938e7a6aa59bd3fba5532416f15642b61e02c,4565,ND,Severe Storm,2020-10-02 00:00:00+00:00,2020-06-29 00:00:00+00:00,2020-07-01 00:00:00+00:00,DR,2024-08-27T18:22:14.800Z,2020,10,4,-0.8660254037844386,0.5000000000000001,-2.4492935982947064e-16,1.0,2.0,95.0,Midwest,64,0,0,0,0.3,0,1,0,0,0,0,0,0,0,0,0.6,19.2,190.0,2488987.34,37.0,67269.9281081081,583456.67,14.727386896726463,0
78d7c6ae-c062-446e-a975-1753c2455f65,ed75033becfe1169860ae53662745a80e7da1a48,4566,DE,Hurricane,2020-10-02 00:00:00+00:00,2020-08-04 00:00:00+00:00,2020-08-07 00:00:00+00:00,DR,2024-08-27T18:22:14.800Z,2020,10,4,-0.8660254037844386,0.5000000000000001,-2.4492935982947064e-16,1.0,3.0,59.0,South,23,0,0,0,0.6,0,0,0,1,0,0,0,0,0,0,1.7999999999999998,13.799999999999999,177.0,3368018.0,66.0,51030.57575757576,342525.11,15.029835295658609,3
4e7a1584-3b5b-4624-bb99-dabc596d78ac,08ec8fec27eea1932e50bcdfbf3b51ce6798c8f7,4567,NY,Hurricane,2020-10-02 00:00:00+00:00,2020-08-04 00:00:00+00:00,2020-08-04 00:00:00+00:00,DR,2024-08-27T18:22:14.800Z,2020,10,4,-0.8660254037844386,0.5000000000000001,-2.4492935982947064e-16,1.0,0.0,59.0,Northeast,102,0,0,0,0.6,0,0,0,1,0,0,0,0,0,0,0.0,61.199999999999996,0.0,784583104.14,586.0,1338879.0173037543,597285225.76,20.480663058420962,1
ed00aebf-91be-45ef-975d-d0b40ef35b98,1ee3db35895e0fe9419abc79fb9e35e496293f45,3548,MS,Hurricane,2020-10-08 00:00:00+00:00,2020-10-07 00:00:00+00:00,2020-10-11 00:00:00+00:00,EM,2026-07-20T21:43:12.371Z,2020,10,4,-0.8660254037844386,0.5000000000000001,-2.4492935982947064e-16,1.0,4.0,1.0,South,84,0,0,0,0.6,0,0,0,1,0,0,0,0,0,0,2.4,50.4,4.0,83091.20999999999,4.0,20772.802499999998,36819.0,11.327706233970497,3
b2a3342f-4b57-4f16-8018-94dab6a2bbaa,fb574bf14d9030223e7e2cf57b7bd368a2e6392c,4568,NC,Hurricane,2020-10-14 00:00:00+00:00,2020-07-31 00:00:00+00:00,2020-08-04 00:00:00+00:00,DR,2024-08-27T18:22:14.800Z,2020,10,4,-0.8660254037844386,0.5000000000000001,-2.4492935982947064e-16,1.0,4.0,75.0,South,70,0,0,0,0.6,0,0,0,1,0,0,0,0,0,0,2.4,42.0,300.0,30495803.82,243.0,125497.13506172839,2915798.34,17.233099685231952,3
0d9a65b6-39b0-4dd0-974e-f198d741927d,02406e2cf46bab3c95a94132e52b904b45ff4e18,4569,CA,Fire,2020-10-16 00:00:00+00:00,2020-09-04 00:00:00+00:00,2020-11-17 00:00:00+00:00,DR,2024-08-27T18:22:14.800Z,2020,10,4,-0.8660254037844386,0.5000000000000001,-2.4492935982947064e-16,1.0,74.0,42.0,West,340,0,0,0,0.3,1,0,0,0,0,0,0,0,0,0,22.2,102.0,3108.0,201597537.79999998,198.0,1018169.3828282828,86250406.91,19.121783885753633,4
5fbd8862-6443-44c5-9e28-0732766a5eb3,534f0991f5825b0d9a35ebf177145c99dc7bfcf5,4570,LA,Hurricane,2020-10-16 00:00:00+00:00,2020-10-06 00:00:00+00:00,2020-10-10 00:00:00+00:00,DR,2026-07-20T21:43:12.371Z,2020,10,4,-0.8660254037844386,0.5000000000000001,-2.4492935982947064e-16,1.0,4.0,10.0,South,92,0,0,0,0.6,0,0,0,1,0,0,0,0,0,0,2.4,55.199999999999996,40.0,123339123.67,570.0,216384.42749122807,11528389.34,18.630448230615784,3
50ee7adb-fa1c-4356-9324-b5f3c4ea0901,f984913cbc3877a529131e2410db3ac724413df3,3551,FL,Hurricane,2020-11-11 00:00:00+00:00,2020-11-07 00:00:00+00:00,2020-11-12 00:00:00+00:00,EM,2026-05-14T18:41:25.408Z,2020,11,4,-0.5000000000000004,0.8660254037844384,-2.4492935982947064e-16,1.0,5.0,4.0,South,162,0,0,0,0.6,0,0,0,1,0,0,0,0,0,0,3.0,97.2,20.0,554277.01,10.0,55427.701,321529.33,13.225421662963008,3
202439a3-03be-4f43-a8b3-6225ac0a598a,eb5988fc401e19c9a12b83d1e3d6545b6a4577b0,4572,TX,Hurricane,2020-12-09 00:00:00+00:00,2020-08-23 00:00:00+00:00,2020-08-27 00:00:00+00:00,DR,2024-08-27T18:22:14.800Z,2020,12,4,-2.4492935982947064e-16,1.0,-2.4492935982947064e-16,1.0,4.0,108.0,South,360,0,0,0,0.6,0,0,0,1,0,0,0,0,0,0,2.4,216.0,432.0,68718667.67,118.0,582361.5904237288,25597099.26,18.045531462198827,3
355a188f-c0ba-43fa-a9c2-c2ddd35f4e64,74fa48eb89665c4f462279103ab45d11e89b5b1f,4573,AL,Hurricane,2020-12-10 00:00:00+00:00,2020-10-28 00:00:00+00:00,2020-10-29 00:00:00+00:00,DR,2024-08-27T18:22:14.800Z,2020,12,4,-2.4492935982947064e-16,1.0,-2.4492935982947064e-16,1.0,1.0,43.0,South,95,0,0,0,0.6,0,0,0,1,0,0,0,0,0,0,0.6,57.0,43.0,61108761.98,228.0,268020.88587719295,6935798.28,17.928165834152715,3
d3bcb85c-5aec-4b74-81f3-a0195b96ae62,fd5191ee3cedbf68f10194a1a34e5209c1830500,4574,NJ,Hurricane,2020-12-11 00:00:00+00:00,2020-08-04 00:00:00+00:00,2020-08-04 00:00:00+00:00,DR,2024-08-27T18:22:14.800Z,2020,12,4,-2.4492935982947064e-16,1.0,-2.4492935982947064e-16,1.0,0.0,129.0,Northeast,53,0,0,0,0.6,0,0,0,1,0,0,0,0,0,0,0.0,31.799999999999997,0.0,41455047.82,590.0,70262.79291525423,3891006.04,17.540120237194287,1
aa8474d2-546b-4962-8dca-60996e768669,b06ff27051b9ebddb802ebc381f983c8720cdbe8,4575,OK,Severe Ice Storm,2020-12-21 00:00:00+00:00,2020-10-26 00:00:00+00:00,2020-10-29 00:00:00+00:00,DR,2024-08-27T18:22:14.800Z,2020,12,4,-2.4492935982947064e-16,1.0,-2.4492935982947064e-16,1.0,3.0,56.0,South,213,0,0,0,0.3,0,0,0,0,0,0,0,1,0,0,0.8999999999999999,63.9,168.0,175361905.19,256.0,685007.4421484375,12219010.48,18.982362431817673,3
1e92faf9-6732-4e9e-94b2-c7b1e764e2e8,260bc78d28fe995ed6dd6809febbc179536bab75,4576,MS,Hurricane,2020-12-31 00:00:00+00:00,2020-10-28 00:00:00+00:00,2020-10-29 00:00:00+00:00,DR,2024-08-27T18:22:14.800Z,2020,12,4,-2.4492935982947064e-16,1.0,-2.4492935982947064e-16,1.0,1.0,64.0,South,86,0,0,0,0.6,0,0,0,1,0,0,0,0,0,0,0.6,51.6,64.0,123483221.44,475.0,259964.67671578948,9442391.08,18.631615854115505,3
3a457ac0-d1c6-438c-befa-f485dba5228e,ef5830c42d7a47f8e289c13e3de64bfb5d94323b,3553,DC,Other,2021-01-11 00:00:00+00:00,2021-01-11 00:00:00+00:00,2021-01-24 00:00:00+00:00,EM,2025-02-25T16:22:05.555Z,2021,1,1,0.49999999999999994,0.8660254037844387,1.0,6.123233995736766e-17,13.0,0.0,South,22,0,0,0,0.0,0,0,0,0,0,0,0,0,0,0,0.0,0.0,0.0,6215069.13,3.0,2071689.71,5972403.0,15.64248756685363,3
1185f314-0874-4a61-9142-525e84160cf5,198e7acb4f7d40c3418d4ef242683b936758520b,4577,LA,Hurricane,2021-01-12 00:00:00+00:00,2020-10-26 00:00:00+00:00,2020-10-29 00:00:00+00:00,DR,2024-08-27T18:22:14.800Z,2021,1,1,0.49999999999999994,0.8660254037844387,1.0,6.123233995736766e-17,3.0,78.0,South,94,0,0,0,0.6,0,0,0,1,0,0,0,0,0,0,1.7999999999999998,56.4,234.0,134709545.06,343.0,392739.198425656,76364100.0,18.718631507911816,3
e7d846af-74cd-4918-9376-faa68a725988,0cdfe8fcc8fcf4aa35a1c8dae7a68d7c12cc622f,4578,UT,Severe Storm,2021-01-12 00:00:00+00:00,2020-09-07 00:00:00+00:00,2020-09-08 00:00:00+00:00,DR,2024-08-27T18:22:14.800Z,2021,1,1,0.49999999999999994,0.8660254037844387,1.0,6.123233995736766e-17,1.0,127.0,West,47,0,0,0,0.3,0,1,0,0,0,0,0,0,0,0,0.3,14.1,127.0,10013896.74,106.0,94470.72396226415,2891882.52,16.119484460116272,4
93ed084e-58e9-4344-9d34-c5f38eb1cb7c,7b106e9e222755dbc1bdc9a8674164a7374b6213,4579,GA,Hurricane,2021-01-12 00:00:00+00:00,2020-10-29 00:00:00+00:00,2020-10-29 00:00:00+00:00,DR,2024-08-27T18:22:14.800Z,2021,1,1,0.49999999999999994,0.8660254037844387,1.0,6.123233995736766e-17,0.0,75.0,South,70,0,0,0,0.6,0,0,0,1,0,0,0,0,0,0,0.0,42.0,0.0,15898362.56,101.0,157409.5302970297,2578408.04,16.58172674113904,3
a1a436f4-ce18-4b87-8d40-a8a3bb504317,c1ddb4aa4f9299600bb7caafc87833f6bbc162d7,4580,CT,Hurricane,2021-01-12 00:00:00+00:00,2020-08-04 00:00:00+00:00,2020-08-04 00:00:00+00:00,DR,2024-08-27T18:22:14.800Z,2021,1,1,0.49999999999999994,0.8660254037844387,1.0,6.123233995736766e-17,0.0,161.0,Northeast,36,0,0,0,0.6,0,0,0,1,0,0,0,0,0,0,0.0,21.599999999999998,0.0,40642281.45,391.0,103944.45383631715,5166209.86,17.520319522305076,1
10e97111-a9ad-4270-b86f-8ec936e0aa8c,3f9db442ca63530ecfcf6603b3e4a08401ecabd5,4581,CO,Fire,2021-01-15 00:00:00+00:00,2020-09-06 00:00:00+00:00,2020-11-05 00:00:00+00:00,DR,2024-08-27T18:22:14.800Z,2021,1,1,0.49999999999999994,0.8660254037844387,1.0,6.123233995736766e-17,60.0,131.0,West,98,0,0,0,0.3,1,0,0,0,0,0,0,0,0,0,18.0,29.4,7860.0,37340167.92,59.0,632884.2020338983,12339458.22,17.435580219902647,4
de1ed6e1-8c30-44b1-a611-7c8b4b4b4a77,95466496b039f4841fd5800481d63cd7bd2e5ad6,4582,AZ,Biological,2021-02-02 00:00:00+00:00,2020-01-20 00:00:00+00:00,2023-05-11 00:00:00+00:00,DR,2024-08-27T18:22:14.800Z,2021,2,1,0.8660254037844386,0.5000000000000001,1.0,6.123233995736766e-17,1207.0,379.0,West,98,0,0,0,0.44999999999999996,0,0,0,0,0,0,1,0,0,0,543.15,44.099999999999994,457453.0,16682.27,1.0,16682.27,16682.27,9.722161699864255,4
cd0c0f5e-aff2-4251-9c02-ee1f91b460da,0fd157797ccdba98d349e6d3c409f858c32b9b5d,4583,MD,Hurricane,2021-02-04 00:00:00+00:00,2020-08-03 00:00:00+00:00,2020-08-04 00:00:00+00:00,DR,2024-08-27T18:22:14.800Z,2021,2,1,0.8660254037844386,0.5000000000000001,1.0,6.123233995736766e-17,1.0,185.0,South,36,0,0,0,0.6,0,0,0,1,0,0,0,0,0,0,0.6,21.599999999999998,185.0,14053490.76,70.0,200764.1537142857,3690782.61,16.45838144671051,3
0612307a-0939-4882-b7ca-d82f107f3563,203942792d39bb08b5bd30209a39d82991a7ad74,4584,WA,Fire,2021-02-04 00:00:00+00:00,2020-09-01 00:00:00+00:00,2020-09-19 00:00:00+00:00,DR,2024-08-27T18:22:14.800Z,2021,2,1,0.8660254037844386,0.5000000000000001,1.0,6.123233995736766e-17,18.0,156.0,West,177,0,0,0,0.3,1,0,0,0,0,0,0,0,0,0,5.3999999999999995,53.1,2808.0,49438995.76,113.0,437513.23681415926,5550351.3,17.716250078836627,4
fa76ccad-c78d-4e7a-b30f-9c95d457d83d,aec283fab6b80d139d9535a34e49c1477d9816bb,4585,AK,Mud/Landslide,2021-02-17 00:00:00+00:00,2020-11-30 00:00:00+00:00,2020-12-02 00:00:00+00:00,DR,2024-08-27T18:22:14.800Z,2021,2,1,0.8660254037844386,0.5000000000000001,1.0,6.123233995736766e-17,2.0,79.0,West,71,0,0,0,0.0,0,0,0,0,0,0,0,0,0,0,0.0,0.0,158.0,34896439.15,66.0,528733.9265151515,5545663.79,17.36789538053749,4
2db82aa7-8ed4-424e-98dd-f4cd6b7a31b5,2079c1aef19194ffb33b84d0926199eb36538094,4586,TX,Severe Ice Storm,2021-02-19 00:00:00+00:00,2021-02-11 00:00:00+00:00,2021-02-21 00:00:00+00:00,DR,2024-08-27T18:22:14.800Z,2021,2,1,0.8660254037844386,0.5000000000000001,1.0,6.123233995736766e-17,10.0,8.0,South,362,0,0,0,0.3,0,0,0,0,0,0,0,1,0,0,3.0,108.6,80.0,106844746.46,693.0,154177.12331890332,8333342.24,18.48688738044907,3
502589d2-8054-4265-8933-3b08093a418d,3349fd8f9e8ed118bc598ff3c2adfa59ecef4a88,4587,OK,Severe Ice Storm,2021-02-24 00:00:00+00:00,2021-02-08 00:00:00+00:00,2021-02-20 00:00:00+00:00,DR,2024-08-27T18:22:14.800Z,2021,2,1,0.8660254037844386,0.5000000000000001,1.0,6.123233995736766e-17,12.0,16.0,South,215,0,0,0,0.3,0,0,0,0,0,0,0,1,0,0,3.5999999999999996,64.5,192.0,3910548.12,116.0,33711.621724137935,493220.38,15.179188361998488,3
bd9d7c83-de3b-45f4-a22c-3a198fdae0f5,0f620daa334c96144808b16748290124b221091c,4588,NC,Severe Storm,2021-03-03 00:00:00+00:00,2020-11-12 00:00:00+00:00,2020-11-15 00:00:00+00:00,DR,2024-08-27T18:22:14.800Z,2021,3,1,1.0,6.123233995736766e-17,1.0,6.123233995736766e-17,3.0,111.0,South,71,0,0,0,0.3,0,1,0,0,0,0,0,0,0,0,0.8999999999999999,21.3,333.0,38779988.98,142.0,273098.51394366194,3388500.0,17.473414949398137,3
1b115a98-a75c-4179-917d-000418314aeb,ed3066ade6f75aa0578d58fdeed3d843492c0739,4589,ID,Severe Storm,2021-03-04 00:00:00+00:00,2021-01-13 00:00:00+00:00,2021-01-13 00:00:00+00:00,DR,2024-08-27T18:22:14.800Z,2021,3,1,1.0,6.123233995736766e-17,1.0,6.123233995736766e-17,0.0,50.0,West,50,0,0,0,0.3,0,1,0,0,0,0,0,0,0,0,0.0,15.0,0.0,14515338.969999999,72.0,201601.93013888889,10452896.86,16.490716577143843,4
8c0c2cf1-d762-4065-954c-160c1d0258c8,aec2875d6dd97551a1c2cd7e42ddf57baa2d3297,4590,LA,Severe Ice Storm,2021-03-09 00:00:00+00:00,2021-02-11 00:00:00+00:00,2021-02-19 00:00:00+00:00,DR,2024-08-27T18:22:14.800Z,2021,3,1,1.0,6.123233995736766e-17,1.0,6.123233995736766e-17,8.0,26.0,South,96,0,0,0,0.3,0,0,0,0,0,0,0,1,0,0,2.4,28.799999999999997,208.0,37023730.51,309.0,119817.89809061488,7733138.33,17.42706965716662,3
7676d267-1a3a-4d72-8616-c6a94cb16ee3,64b70ecc0f11b9df8dfd29ba58d49360a17bff3a,4591,AL,Biological,2021-03-28 00:00:00+00:00,2020-01-20 00:00:00+00:00,2023-05-11 00:00:00+00:00,DR,2024-08-27T18:22:14.800Z,2021,3,1,1.0,6.123233995736766e-17,1.0,6.123233995736766e-17,1207.0,433.0,South,96,0,0,0,0.44999999999999996,0,0,0,0,0,0,1,0,0,0,543.15,43.199999999999996,522631.0,2438739.06,4.0,609684.765,1850852.51,14.706992095052618,3
ef1004eb-0585-4985-93f9-b19eee036eb7,da24bc78eb3561aa10f358b0dafc0c2df3b4a81c,4592,KY,Severe Ice Storm,2021-03-31 00:00:00+00:00,2021-02-08 00:00:00+00:00,2021-02-19 00:00:00+00:00,DR,2024-08-27T18:22:14.800Z,2021,3,1,1.0,6.123233995736766e-17,1.0,6.123233995736766e-17,11.0,51.0,South,80,0,0,0,0.3,0,0,0,0,0,0,0,1,0,0,3.3,24.0,561.0,74865695.83,197.0,380028.9128426396,10199957.81,18.131206357331383,3
a47056d2-2aae-474a-ad4e-daa27619c484,7570e0f3d8a1ee4f271d407b1d3ec93a19653754,4593,WA,Severe Storm,2021-04-08 00:00:00+00:00,2020-12-29 00:00:00+00:00,2021-01-16 00:00:00+00:00,DR,2024-08-27T18:22:14.800Z,2021,4,2,0.8660254037844387,-0.4999999999999998,1.2246467991473532e-16,-1.0,18.0,100.0,West,178,0,0,0,0.3,0,1,0,0,0,0,0,0,0,0,5.3999999999999995,53.4,1800.0,22065513.45,121.0,182359.61528925618,3385377.28,16.909526515619067,4
e4a2a312-7e7d-4b3a-aa2c-5b403b59df10,c59eb69452d3607a6a5f677f621c68ece9bc257d,4594,TN,Severe Ice Storm,2021-04-21 00:00:00+00:00,2021-02-11 00:00:00+00:00,2021-02-19 00:00:00+00:00,DR,2024-08-27T18:22:14.800Z,2021,4,2,0.8660254037844387,-0.4999999999999998,1.2246467991473532e-16,-1.0,8.0,69.0,South,77,0,0,0,0.3,0,0,0,0,0,0,0,1,0,0,2.4,23.099999999999998,552.0,16390665.67,103.0,159132.676407767,2054537.39,16.612222625304625,3
eb5bca77-d1cb-4d29-99f3-7e8d6409e28c,5472c200b901e026fd70efd9d053f52339e6887e,4595,KY,Flood,2021-04-23 00:00:00+00:00,2021-02-27 00:00:00+00:00,2021-03-14 00:00:00+00:00,DR,2024-08-27T18:22:14.800Z,2021,4,2,0.8660254037844387,-0.4999999999999998,1.2246467991473532e-16,-1.0,15.0,55.0,South,81,0,0,0,0.44999999999999996,0,0,1,0,0,0,0,0,0,0,6.749999999999999,36.449999999999996,825.0,92116094.95,931.0,98943.17395273899,6361752.28,18.338560251970936,3
f39fc590-7a35-4472-b8d3-43706bbfc52f,a20cb2647a2e87e395a222be12c9136fa9f1293a,4596,AL,Severe Storm,2021-04-26 00:00:00+00:00,2021-03-25 00:00:00+00:00,2021-03-26 00:00:00+00:00,DR,2024-08-27T18:22:14.800Z,2021,4,2,0.8660254037844387,-0.4999999999999998,1.2246467991473532e-16,-1.0,1.0,32.0,South,97,0,0,0,0.3,0,1,0,0,0,0,0,0,0,0,0.3,29.099999999999998,32.0,12361109.12,60.0,206018.48533333332,2914308.43,16.330065821494625,3
7b79ca4c-c2c5-4bf2-a76d-6c0650641265,5321b50da3c1dfb78d408950d75e85164fedcf6c,4597,NJ,Snowstorm,2021-04-28 00:00:00+00:00,2021-01-31 00:00:00+00:00,2021-02-02 00:00:00+00:00,DR,2024-08-27T18:22:14.800Z,2021,4,2,0.8660254037844387,-0.4999999999999998,1.2246467991473532e-16,-1.0,2.0,87.0,Northeast,54,0,0,0,0.15,0,0,0,0,0,1,0,0,0,0,0.3,8.1,174.0,15236311.790000001,179.0,85119.06027932961,4608551.87,16.53919213603648,1
19fe0233-b448-4f4a-b0a1-6770e155254f,7034cd473f107b2e1264db7604bbebc54b9eb1ab,4598,MS,Severe Ice Storm,2021-05-04 00:00:00+00:00,2021-02-11 00:00:00+00:00,2021-02-19 00:00:00+00:00,DR,2024-08-27T18:22:14.800Z,2021,5,2,0.49999999999999994,-0.8660254037844387,1.2246467991473532e-16,-1.0,8.0,82.0,South,87,0,0,0,0.3,0,0,0,0,0,0,0,1,0,0,2.4,26.099999999999998,656.0,22506698.67,194.0,116013.9106701031,2739811.34,16.92932358596312,3
31881f51-3689-4ae4-8a72-8d0993399e5f,0b1dd7e5a2750cde14bdf6c025a8f6d24221f824,4599,OR,Severe Storm,2021-05-04 00:00:00+00:00,2021-02-11 00:00:00+00:00,2021-02-15 00:00:00+00:00,DR,2024-08-27T18:22:14.800Z,2021,5,2,0.49999999999999994,-0.8660254037844387,1.2246467991473532e-16,-1.0,4.0,82.0,West,135,0,0,0,0.3,0,1,0,0,0,0,0,0,0,0,1.2,40.5,328.0,24842191.12,185.0,134282.11416216218,3700296.83,17.028054060733208,4
b776b1a7-db59-4d19-afd8-c5506084fe78,f33022c8d492332d690a95a49acdfe36bf9f0c9e,4600,GA,Severe Storm,2021-05-05 00:00:00+00:00,2021-03-25 00:00:00+00:00,2021-03-26 00:00:00+00:00,DR,2024-08-27T18:22:14.800Z,2021,5,2,0.49999999999999994,-0.8660254037844387,1.2246467991473532e-16,-1.0,1.0,41.0,South,71,0,0,0,0.3,0,1,0,0,0,0,0,0,0,0,0.3,21.3,41.0,30859394.53,95.0,324835.7318947369,5310317.3,17.244951817215554,3
03f81d40-9a5a-4224-b2e3-2438e0713624,b8006f7e587869f669ae6fc07df013066f953eff,4601,TN,Tornado,2021-05-08 00:00:00+00:00,2021-03-25 00:00:00+00:00,2021-04-03 00:00:00+00:00,DR,2024-08-27T18:22:14.800Z,2021,5,2,0.49999999999999994,-0.8660254037844387,1.2246467991473532e-16,-1.0,9.0,44.0,South,78,0,0,0,0.44999999999999996,0,0,0,0,1,0,0,0,0,0,4.05,35.099999999999994,396.0,19753768.51,263.0,75109.38596958175,1984150.25,16.798854892365533,3
8f52a971-7279-4477-be5b-7f462eff646b,9dbd5e1060d6e702ce86c807b28a76c7fd6d9368,4602,VA,Severe Ice Storm,2021-05-10 00:00:00+00:00,2021-02-11 00:00:00+00:00,2021-02-13 00:00:00+00:00,DR,2024-08-27T18:22:14.800Z,2021,5,2,0.49999999999999994,-0.8660254037844387,1.2246467991473532e-16,-1.0,2.0,88.0,South,69,0,0,0,0.3,0,0,0,0,0,0,0,1,0,0,0.6,20.7,176.0,64319020.48,117.0,549735.2177777777,21102457.8,17.979365969410804,3
4cff5186-16f9-4b25-b64d-952573512036,c2d379b844b120eda23538ecb8e4b2bf0002e0f4,4603,WV,Severe Ice Storm,2021-05-13 00:00:00+00:00,2021-02-10 00:00:00+00:00,2021-02-16 00:00:00+00:00,DR,2024-08-27T18:22:14.800Z,2021,5,2,0.49999999999999994,-0.8660254037844387,1.2246467991473532e-16,-1.0,6.0,92.0,South,73,0,0,0,0.3,0,0,0,0,0,0,0,1,0,0,1.7999999999999998,21.9,552.0,5651776.7299999995,50.0,113035.53459999998,753534.71,15.547480696110936,3
754c68e8-c231-4ea1-9025-35d3c8e623cf,9a79e6e71d378caa0d0684ada549b15e27ddb6e2,4604,HI,Flood,2021-05-13 00:00:00+00:00,2021-03-08 00:00:00+00:00,2021-03-18 00:00:00+00:00,DR,2024-08-27T18:22:14.800Z,2021,5,2,0.49999999999999994,-0.8660254037844387,1.2246467991473532e-16,-1.0,10.0,66.0,West,58,0,0,0,0.44999999999999996,0,0,1,0,0,0,0,0,0,0,4.5,26.099999999999998,660.0,7018597.26,18.0,389922.07,2661939.0,15.764074078000997,4
55ba8647-39b3-4a43-bb1d-cd6727139dd8,da326e3ec95764b6bf2ded92f81e79da9d6ad931,4605,WV,Flood,2021-05-20 00:00:00+00:00,2021-02-27 00:00:00+00:00,2021-03-04 00:00:00+00:00,DR,2024-08-27T18:22:14.800Z,2021,5,2,0.49999999999999994,-0.8660254037844387,1.2246467991473532e-16,-1.0,5.0,82.0,South,74,0,0,0,0.44999999999999996,0,0,1,0,0,0,0,0,0,0,2.25,33.3,410.0,6499440.61,76.0,85518.95539473684,1499805.0,15.687226825021874,3
4bdda3ff-b7e8-45ad-8122-113886bb8b34,24767918a2d056994aae687652359f0ef6d09d46,4606,LA,Flood,2021-06-02 00:00:00+00:00,2021-05-17 00:00:00+00:00,2021-05-21 00:00:00+00:00,DR,2024-08-27T18:22:14.800Z,2021,6,2,1.2246467991473532e-16,-1.0,1.2246467991473532e-16,-1.0,4.0,16.0,South,97,0,0,0,0.44999999999999996,0,0,1,0,0,0,0,0,0,0,1.7999999999999998,43.65,64.0,11819404.91,67.0,176409.0285074627,1646686.75,16.285253307257758,3
37d9da6f-2760-4883-b91a-70f4f7279c85,a4965873abf1e78474fd689e516f7464d4069f13,3560,FL,Other,2021-06-25 00:00:00+00:00,2021-06-24 00:00:00+00:00,2021-07-04 00:00:00+00:00,EM,2024-08-27T18:22:14.800Z,2021,6,2,1.2246467991473532e-16,-1.0,1.2246467991473532e-16,-1.0,10.0,1.0,South,163,0,0,0,0.0,0,0,0,0,0,0,0,0,0,0,0.0,0.0,10.0,86145117.41,31.0,2778874.75516129,26207340.17,18.27154385549062,3
9112b7eb-1756-4501-814e-f3fae0f472bd,da6390674d4e88105c2ebd7e8574f452c6b33b7f,3561,FL,Severe Storm,2021-07-04 00:00:00+00:00,2021-07-04 00:00:00+00:00,2021-07-08 00:00:00+00:00,EM,2026-05-14T18:41:25.408Z,2021,7,3,-0.4999999999999997,-0.8660254037844388,-1.0,-1.8369701987210297e-16,4.0,0.0,South,164,0,0,0,0.3,0,1,0,0,0,0,0,0,0,0,1.2,49.199999999999996,0.0,2157862.5100000002,14.0,154133.03642857145,1694446.35,14.584629174421826,3
622a0188-815e-475c-b1c7-3afae3d879bb,a84a7214068f8a2d1a05429c309ca481704fba3d,4607,MI,Severe Storm,2021-07-15 00:00:00+00:00,2021-06-25 00:00:00+00:00,2021-06-26 00:00:00+00:00,DR,2024-08-27T18:22:14.800Z,2021,7,3,-0.4999999999999997,-0.8660254037844388,-1.0,-1.8369701987210297e-16,1.0,20.0,Midwest,42,0,0,0,0.3,0,1,0,0,0,0,0,0,0,0,0.3,12.6,20.0,28082291.13,98.0,286553.991122449,6637312.24,17.15064976235171,0
9ae98658-dc0b-4387-8ff6-f01ebbb5b85b,da2e9ddc9c7cc4e38d34bb4930bdbf6518fc5fa2,4608,MT,Other,2021-08-13 00:00:00+00:00,2021-06-10 00:00:00+00:00,2021-06-10 00:00:00+00:00,DR,2024-08-27T18:22:14.800Z,2021,8,3,-0.8660254037844385,-0.5000000000000004,-1.0,-1.8369701987210297e-16,0.0,64.0,West,95,0,0,0,0.0,0,0,0,0,0,0,0,0,0,0,0.0,0.0,0.0,3696491.57,7.0,528070.2242857142,2296811.23,15.122894973967803,4
591131ba-cfdd-491c-9006-d35b78970651,5b1d615bba4dbf28c3357eaa7d1c7e3d893fed7a,3562,FL,Hurricane,2021-08-16 00:00:00+00:00,2021-08-13 00:00:00+00:00,2021-08-19 00:00:00+00:00,EM,2024-10-01T16:01:32.093Z,2021,8,3,-0.8660254037844385,-0.5000000000000004,-1.0,-1.8369701987210297e-16,6.0,3.0,South,165,0,0,0,0.6,0,0,0,1,0,0,0,0,0,0,3.5999999999999996,99.0,18.0,10578.039999999999,2.0,5289.0199999999995,9708.41,9.266629964055342,3
99bf45e8-52a8-421c-9c42-1d6896dcf34c,0d0032f28b3680d0db1c1b51281dc563c03224b8,3564,CT,Hurricane,2021-08-22 00:00:00+00:00,2021-08-21 00:00:00+00:00,2021-08-24 00:00:00+00:00,EM,2025-06-16T14:42:03.229Z,2021,8,3,-0.8660254037844385,-0.5000000000000004,-1.0,-1.8369701987210297e-16,3.0,1.0,Northeast,37,0,0,0,0.6,0,0,0,1,0,0,0,0,0,0,1.7999999999999998,22.2,3.0,216592.19,8.0,27074.02375,100066.31,12.285776172611554,1
73b247e6-b8e9-46d4-a844-605b703e035a,988be2ed699291a2a03829f8d3c5488f1097c1d3,4609,TN,Flood,2021-08-23 00:00:00+00:00,2021-08-21 00:00:00+00:00,2021-08-21 00:00:00+00:00,DR,2024-08-27T18:22:14.800Z,2021,8,3,-0.8660254037844385,-0.5000000000000004,-1.0,-1.8369701987210297e-16,0.0,2.0,South,79,0,0,0,0.44999999999999996,0,0,1,0,0,0,0,0,0,0,0.0,35.55,0.0,48760076.05,125.0,390080.60839999997,14366618.18,17.702422442764775,3
a0ca5e87-65ee-4984-af47-3fced79102f1,bc11a74607991c1fb9bb2f4c851464b1adc02a27,4610,CA,Fire,2021-08-24 00:00:00+00:00,2021-07-14 00:00:00+00:00,2021-10-25 00:00:00+00:00,DR,2024-08-27T18:22:14.800Z,2021,8,3,-0.8660254037844385,-0.5000000000000004,-1.0,-1.8369701987210297e-16,103.0,41.0,West,349,0,0,0,0.3,1,0,0,0,0,0,0,0,0,0,30.9,104.7,4223.0,306540630.76,127.0,2413705.754015748,98629091.6,19.540860871471125,4
760f0508-99e7-4440-94c7-82712beeadf2,c70a0549588cbdb682c6535d3a580f925ac61f18,4611,LA,Hurricane,2021-08-29 00:00:00+00:00,2021-08-26 00:00:00+00:00,2021-09-03 00:00:00+00:00,DR,2024-08-27T18:22:14.800Z,2021,8,3,-0.8660254037844385,-0.5000000000000004,-1.0,-1.8369701987210297e-16,8.0,3.0,South,99,0,0,0,0.6,0,0,0,1,0,0,0,0,0,0,4.8,59.4,24.0,3584068221.12,3559.0,1007043.6136892386,218548680.01,21.99976436706766,3
5abc02f6-ddad-4519-8f3b-44375e933d04,70a5524982c2192183d413c9a0c09e0829cae9df,4612,MO,Severe Storm,2021-09-01 00:00:00+00:00,2021-06-24 00:00:00+00:00,2021-07-01 00:00:00+00:00,DR,2024-08-27T18:22:14.800Z,2021,9,3,-1.0,-1.8369701987210297e-16,-1.0,-1.8369701987210297e-16,7.0,69.0,Midwest,74,0,0,0,0.3,0,1,0,0,0,0,0,0,0,0,2.1,22.2,483.0,15181408.42,276.0,55005.102971014494,1462546.95,16.535582172789052,0
1ab9bba4-e9be-42f5-8067-3eb5965b8120,fba17a57edd33ef98808ffe3823ada11fbab8831,4613,ND,Severe Storm,2021-09-01 00:00:00+00:00,2021-06-07 00:00:00+00:00,2021-06-11 00:00:00+00:00,DR,2024-08-27T18:22:14.800Z,2021,9,3,-1.0,-1.8369701987210297e-16,-1.0,-1.8369701987210297e-16,4.0,86.0,Midwest,65,0,0,0,0.3,0,1,0,0,0,0,0,0,0,0,1.2,19.5,344.0,2517017.0,40.0,62925.425,837413.98,14.738585425462562,0
c6aa561f-9fa0-4f02-a2b5-108c1a583e4d,166d78d00c823c3b771789116812fcd2feaa6817,4614,NJ,Hurricane,2021-09-05 00:00:00+00:00,2021-09-01 00:00:00+00:00,2021-09-03 00:00:00+00:00,DR,2024-08-27T18:22:14.800Z,2021,9,3,-1.0,-1.8369701987210297e-16,-1.0,-1.8369701987210297e-16,2.0,4.0,Northeast,56,0,0,0,0.6,0,0,0,1,0,0,0,0,0,0,1.2,33.6,8.0,351863401.89,1964.0,179156.51827393073,21539201.93,19.678753598276025,1
045136ac-f0c6-4526-83c3-d267864a0652,a6f201bd6fd10d5f6bbb54f4a99aed20a1126d4b,4615,NY,Hurricane,2021-09-05 00:00:00+00:00,2021-09-01 00:00:00+00:00,2021-09-03 00:00:00+00:00,DR,2024-08-27T18:22:14.800Z,2021,9,3,-1.0,-1.8369701987210297e-16,-1.0,-1.8369701987210297e-16,2.0,4.0,Northeast,105,0,0,0,0.6,0,0,0,1,0,0,0,0,0,0,1.2,63.0,8.0,727392163.34,1080.0,673511.2623518519,95801375.54,20.404976318311768,1
8b397b90-9130-4f2d-beaa-19775ad7a5b5,22bd461189d7b426604634b599a2a53248811908,4616,NE,Severe Storm,2021-09-06 00:00:00+00:00,2021-07-09 00:00:00+00:00,2021-07-10 00:00:00+00:00,DR,2024-08-27T18:22:14.800Z,2021,9,3,-1.0,-1.8369701987210297e-16,-1.0,-1.8369701987210297e-16,1.0,59.0,Midwest,72,0,0,0,0.3,0,1,0,0,0,0,0,0,0,0,0.3,21.599999999999998,59.0,27764538.64,62.0,447815.1393548387,13029198.65,17.139270211933315,0
1997f564-5e49-4682-a979-5502f2ba7ac7,39d1e2c26846568971cbed970068dbe9120ac31c,4617,NC,Hurricane,2021-09-08 00:00:00+00:00,2021-08-16 00:00:00+00:00,2021-08-18 00:00:00+00:00,DR,2024-08-27T18:22:14.800Z,2021,9,3,-1.0,-1.8369701987210297e-16,-1.0,-1.8369701987210297e-16,2.0,23.0,South,72,0,0,0,0.6,0,0,0,1,0,0,0,0,0,0,1.2,43.199999999999996,46.0,36109362.98,204.0,177006.68127450978,2350772.69,17.402062779695033,3
c8173a1b-9039-4f84-a968-0d6b46409836,069205ac58576ad8c937efdeb8dfd104119be70f,4618,PA,Hurricane,2021-09-10 00:00:00+00:00,2021-08-31 00:00:00+00:00,2021-09-05 00:00:00+00:00,DR,2024-08-27T18:22:14.800Z,2021,9,3,-1.0,-1.8369701987210297e-16,-1.0,-1.8369701987210297e-16,5.0,10.0,Northeast,62,0,0,0,0.6,0,0,0,1,0,0,0,0,0,0,3.0,37.199999999999996,50.0,109255100.87,711.0,153663.99559774966,27738913.95,18.50919608988851,1
079f5131-be90-403d-bcae-2f05339ce753,a541ecad21a1da30fbe26cdc7660281cf646660a,4619,CA,Fire,2021-09-12 00:00:00+00:00,2021-08-14 00:00:00+00:00,2021-10-21 00:00:00+00:00,DR,2024-08-27T18:22:14.800Z,2021,9,3,-1.0,-1.8369701987210297e-16,-1.0,-1.8369701987210297e-16,68.0,29.0,West,352,0,0,0,0.3,1,0,0,0,0,0,0,0,0,0,20.4,105.6,1972.0,184056369.85999998,99.0,1859155.251111111,72322223.52,19.03075263202315,4
637f0af0-c5a3-4aed-8a6e-38417c4b77d2,181a424fec972f45c51e0f9f961b1befdf64220f,3574,LA,Coastal Storm,2021-09-13 00:00:00+00:00,2021-09-12 00:00:00+00:00,2021-09-18 00:00:00+00:00,EM,2024-08-27T18:22:14.800Z,2021,9,3,-1.0,-1.8369701987210297e-16,-1.0,-1.8369701987210297e-16,6.0,1.0,South,100,0,0,0,0.3,0,0,0,0,0,0,0,0,0,0,1.7999999999999998,30.0,6.0,80381.85,4.0,20095.4625,68362.62,11.29455612395586,3
493517bf-7063-4ce3-acdf-b1843bd64ccd,a9be3725123a580917c26bfc9a4879bfc57fea36,4620,AZ,Flood,2021-09-13 00:00:00+00:00,2021-07-22 00:00:00+00:00,2021-07-24 00:00:00+00:00,DR,2024-08-27T18:22:14.800Z,2021,9,3,-1.0,-1.8369701987210297e-16,-1.0,-1.8369701987210297e-16,2.0,53.0,West,102,0,0,0,0.44999999999999996,0,0,1,0,0,0,0,0,0,0,0.8999999999999999,45.9,106.0,5109251.27,46.0,111070.67978260868,786205.21,15.446563624662899,4
5eff6beb-99bc-49d3-98db-fec1eab6d797,b9c7a202e2b69669d0a89686114d72a870676030,4621,VT,Flood,2021-09-29 00:00:00+00:00,2021-07-29 00:00:00+00:00,2021-07-30 00:00:00+00:00,DR,2024-08-27T18:22:14.800Z,2021,9,3,-1.0,-1.8369701987210297e-16,-1.0,-1.8369701987210297e-16,1.0,62.0,Northeast,51,0,0,0,0.44999999999999996,0,0,1,0,0,0,0,0,0,0,0.44999999999999996,22.95,62.0,7170595.33,96.0,74693.70135416667,545737.5,15.785499379270775,1
a01b4dc0-7e64-4a93-9780-adf2cb38e361,28285e3c587500ba877b48e1d38cfc751648edef,4622,NH,Severe Storm,2021-09-30 00:00:00+00:00,2021-07-17 00:00:00+00:00,2021-07-19 00:00:00+00:00,DR,2024-08-27T18:22:14.800Z,2021,9,3,-1.0,-1.8369701987210297e-16,-1.0,-1.8369701987210297e-16,2.0,75.0,Northeast,55,0,0,0,0.3,0,1,0,0,0,0,0,0,0,0,0.6,16.5,150.0,2416849.0,40.0,60421.225,1195966.74,14.697975597354333,1
1d1fc690-ed1d-4ab1-8ff2-4c84ee8862ea,fb382dcde9919c9ea5690738a697a0fe4d51bd6c,4623,MT,Fire,2021-09-30 00:00:00+00:00,2021-08-08 00:00:00+00:00,2021-08-20 00:00:00+00:00,DR,2024-08-27T18:22:14.800Z,2021,9,3,-1.0,-1.8369701987210297e-16,-1.0,-1.8369701987210297e-16,12.0,53.0,West,96,0,0,0,0.3,1,0,0,0,0,0,0,0,0,0,3.5999999999999996,28.799999999999997,636.0,4560435.67,11.0,414585.0609090909,2204151.38,15.332928937870692,4
ebb702c8-1a7c-4ab5-bf80-4b639ec1e12a,19694fd2f855751353aed34e30e517fbd9db5f83,4624,NH,Flood,2021-10-04 00:00:00+00:00,2021-07-29 00:00:00+00:00,2021-08-02 00:00:00+00:00,DR,2024-08-27T18:22:14.800Z,2021,10,4,-0.8660254037844386,0.5000000000000001,-2.4492935982947064e-16,1.0,4.0,67.0,Northeast,56,0,0,0,0.44999999999999996,0,0,1,0,0,0,0,0,0,0,1.7999999999999998,25.199999999999996,268.0,14146723.879999999,94.0,150497.06255319147,2234391.3,16.46499369801934,1
62ee5454-0a6d-4712-9184-a64328149953,ae1de8bb5648b138afef3912b73eba1bdec11df8,4625,NY,Hurricane,2021-10-08 00:00:00+00:00,2021-08-18 00:00:00+00:00,2021-08-19 00:00:00+00:00,DR,2024-08-27T18:22:14.800Z,2021,10,4,-0.8660254037844386,0.5000000000000001,-2.4492935982947064e-16,1.0,1.0,51.0,Northeast,106,0,0,0,0.6,0,0,0,1,0,0,0,0,0,0,0.6,63.599999999999994,51.0,180093165.92,485.0,371326.11529896903,60493661.51,19.008984868948914,1
59081fbc-91f2-407a-9cb4-7b3d04142733,280b58757f0cfb740539ce102acaaa8a2c22d824,4626,MS,Hurricane,2021-10-22 00:00:00+00:00,2021-08-28 00:00:00+00:00,2021-09-01 00:00:00+00:00,DR,2024-08-27T18:22:14.800Z,2021,10,4,-0.8660254037844386,0.5000000000000001,-2.4492935982947064e-16,1.0,4.0,55.0,South,89,0,0,0,0.6,0,0,0,1,0,0,0,0,0,0,2.4,53.4,220.0,29921920.720000003,170.0,176011.2983529412,5090921.0,17.214101937617606,3
90a12ae0-a319-450b-a18e-ad95464baccb,070b3504c0a8e53eed3677763e05d4f6e4238e62,4627,DE,Hurricane,2021-10-24 00:00:00+00:00,2021-09-01 00:00:00+00:00,2021-09-07 00:00:00+00:00,DR,2024-08-27T18:22:14.800Z,2021,10,4,-0.8660254037844386,0.5000000000000001,-2.4492935982947064e-16,1.0,6.0,53.0,South,24,0,0,0,0.6,0,0,0,1,0,0,0,0,0,0,3.5999999999999996,14.399999999999999,318.0,6206074.35,42.0,147763.675,3115202.02,15.641039265392747,3
feeb6188-c11c-4612-99cd-e8c0f66a8cff,50b32bda31529246e941e88196f9c34cc3f5dae4,4628,VA,Flood,2021-10-26 00:00:00+00:00,2021-08-30 00:00:00+00:00,2021-08-31 00:00:00+00:00,DR,2024-08-27T18:22:14.800Z,2021,10,4,-0.8660254037844386,0.5000000000000001,-2.4492935982947064e-16,1.0,1.0,57.0,South,70,0,0,0,0.44999999999999996,0,0,1,0,0,0,0,0,0,0,0.44999999999999996,31.499999999999996,57.0,1691199.79,17.0,99482.3405882353,317544.48,14.340949361221936,3
ba669e13-0892-44f3-895c-cbd4bf0633ec,72b731385c1deab3bf4ab2bf3ef81785fdcfb6c7,4629,CT,Hurricane,2021-10-30 00:00:00+00:00,2021-09-01 00:00:00+00:00,2021-09-02 00:00:00+00:00,DR,2024-08-27T18:22:14.800Z,2021,10,4,-0.8660254037844386,0.5000000000000001,-2.4492935982947064e-16,1.0,1.0,59.0,Northeast,38,0,0,0,0.6,0,0,0,1,0,0,0,0,0,0,0.6,22.8,59.0,13249966.82,80.0,165624.58525,4412813.64,16.39950568171431,1
dd8f00e0-9221-45ce-87f7-6267fbc5fc9a,40aeab47ce04afc901ac9a028fd2f59e5f73c333,4630,KY,Tornado,2021-12-12 00:00:00+00:00,2021-12-10 00:00:00+00:00,2021-12-11 00:00:00+00:00,DR,2024-08-27T18:22:14.800Z,2021,12,4,-2.4492935982947064e-16,1.0,-2.4492935982947064e-16,1.0,1.0,2.0,South,83,0,0,0,0.44999999999999996,0,0,0,0,1,0,0,0,0,0,0.44999999999999996,37.349999999999994,2.0,167343829.74,523.0,319969.0817208413,9643294.71,18.935561120526206,3
093da8ad-e315-49cc-91fa-025f4538e67c,6e0b46b3fb830f2df3f6ca4832b95bfe94633452,3577,IL,Tornado,2021-12-13 00:00:00+00:00,2021-12-10 00:00:00+00:00,2021-12-10 00:00:00+00:00,EM,2024-08-27T18:22:14.800Z,2021,12,4,-2.4492935982947064e-16,1.0,-2.4492935982947064e-16,1.0,0.0,3.0,Midwest,63,0,0,0,0.44999999999999996,0,0,0,0,1,0,0,0,0,0,0.0,28.349999999999998,0.0,252457.02999999997,7.0,36065.28999999999,116926.93,12.439000296060057,0
9e7cf942-e7e7-4b92-98e3-1cc35f0ac56d,d57fd1a7b89fbb04094745919aa3af13f6e5d9d0,4631,WA,Fire,2021-12-21 00:00:00+00:00,2021-07-12 00:00:00+00:00,2021-08-08 00:00:00+00:00,DR,2024-08-27T18:22:14.800Z,2021,12,4,-2.4492935982947064e-16,1.0,-2.4492935982947064e-16,1.0,27.0,162.0,West,187,0,0,0,0.3,1,0,0,0,0,0,0,0,0,0,8.1,56.1,4374.0,3322451.54,12.0,276870.96166666667,1283845.64,15.016213785043135,4
b61bd47d-de3a-4a86-887e-94595817d28f,3f2ce967d16d48c7a12b74a1c31859243f1ed5fa,4634,CO,Fire,2021-12-31 00:00:00+00:00,2021-12-30 00:00:00+00:00,2022-01-07 00:00:00+00:00,DR,2024-08-27T18:22:14.800Z,2021,12,4,-2.4492935982947064e-16,1.0,-2.4492935982947064e-16,1.0,8.0,1.0,West,100,0,0,0,0.3,1,0,0,0,0,0,0,0,0,0,2.4,30.0,8.0,45051413.87,76.0,592781.7614473684,19956444.5,17.62331494818471,4
8d026600-43e8-4ac8-9f2e-af066701f797,0e2ba769073e735ee52e16d24bb8aa25f66a5b72,4635,WA,Flood,2022-01-05 00:00:00+00:00,2021-11-05 00:00:00+00:00,2021-12-02 00:00:00+00:00,DR,2024-08-27T18:22:14.800Z,2022,1,1,0.49999999999999994,0.8660254037844387,1.0,6.123233995736766e-17,27.0,61.0,West,188,0,0,0,0.44999999999999996,0,0,1,0,0,0,0,0,0,0,12.149999999999999,84.6,1647.0,53711088.42,301.0,178442.1542192691,13840848.9,17.799130045049612,4
d924f084-9ba5-419a-8c63-78e0111610ca,786d2f29b081c671bfff1de8efc539858ff6fd7f,4636,MO,Severe Storm,2022-01-10 00:00:00+00:00,2021-12-10 00:00:00+00:00,2021-12-10 00:00:00+00:00,DR,2024-08-27T18:22:14.800Z,2022,1,1,0.49999999999999994,0.8660254037844387,1.0,6.123233995736766e-17,0.0,31.0,Midwest,75,0,0,0,0.3,0,1,0,0,0,0,0,0,0,0,0.0,22.5,0.0,12272634.56,11.0,1115694.050909091,9791665.7,16.322882590687524,0
9a0007c6-7797-4ee0-8d07-ef86904dfa2d,1f0e77ee6ebfadf99177767a662a7cf19a3d6c7c,4637,TN,Tornado,2022-01-14 00:00:00+00:00,2021-12-10 00:00:00+00:00,2021-12-11 00:00:00+00:00,DR,2024-08-27T18:22:14.800Z,2022,1,1,0.49999999999999994,0.8660254037844387,1.0,6.123233995736766e-17,1.0,35.0,South,81,0,0,0,0.44999999999999996,0,0,0,0,1,0,0,0,0,0,0.44999999999999996,36.449999999999996,35.0,19055469.18,123.0,154922.51365853657,3009630.16,16.76286476687416,3
294535e4-24c2-403c-8611-17d08ffb3d3d,e85363430589ac92d4e5fbe4c3fd6cbe83830d2b,4638,AK,Severe Storm,2022-01-15 00:00:00+00:00,2021-10-29 00:00:00+00:00,2021-11-01 00:00:00+00:00,DR,2024-08-27T18:22:14.800Z,2022,1,1,0.49999999999999994,0.8660254037844387,1.0,6.123233995736766e-17,3.0,78.0,West,72,0,0,0,0.3,0,1,0,0,0,0,0,0,0,0,0.8999999999999999,21.599999999999998,234.0,4388596.58,9.0,487621.84222222224,3871621.69,15.294520276155053,4
b411f9c7-8cb4-448b-92fe-5f213413e4ff,5136c4ac2bbab165010fb815f63adcd731f0f8fd,4639,HI,Severe Storm,2022-02-15 00:00:00+00:00,2021-12-05 00:00:00+00:00,2021-12-10 00:00:00+00:00,DR,2024-08-27T18:22:14.800Z,2022,2,1,0.8660254037844386,0.5000000000000001,1.0,6.123233995736766e-17,5.0,72.0,West,60,0,0,0,0.3,0,1,0,0,0,0,0,0,0,0,1.5,18.0,360.0,6683006.85,32.0,208843.9640625,2125395.0,15.715078721114693,4
24ccaa03-c67f-4e92-b95e-e6f8ec9bbb74,fb0f1996c5ab9606e4e0565f48024aaa28cb8048,4640,KS,Severe Storm,2022-02-17 00:00:00+00:00,2021-12-15 00:00:00+00:00,2021-12-15 00:00:00+00:00,DR,2024-08-27T18:22:14.800Z,2022,2,1,0.8660254037844386,0.5000000000000001,1.0,6.123233995736766e-17,0.0,64.0,Midwest,79,0,0,0,0.3,0,1,0,0,0,0,0,0,0,0,0.0,23.7,0.0,23090390.66,305.0,75706.1988852459,6997546.03,16.954927143508172,0
bc113947-af8d-4456-b6d6-12b929bc3eb5,54ed608dd73a917887b571aa0043af6103db5bb2,4641,NE,Severe Storm,2022-02-23 00:00:00+00:00,2021-12-15 00:00:00+00:00,2021-12-15 00:00:00+00:00,DR,2026-07-20T21:43:12.371Z,2022,2,1,0.8660254037844386,0.5000000000000001,1.0,6.123233995736766e-17,0.0,70.0,Midwest,73,0,0,0,0.3,0,1,0,0,0,0,0,0,0,0,0.0,21.9,0.0,8768267.55,58.0,151177.02672413795,3967154.13,15.986649916122426,0
bef96896-5044-4f8f-8d80-7e06065e73b0,c9849b7c11ffe1934e333294e70363217ca9735c,4642,IA,Severe Storm,2022-02-23 00:00:00+00:00,2021-12-15 00:00:00+00:00,2021-12-15 00:00:00+00:00,DR,2024-08-27T18:22:14.800Z,2022,2,1,0.8660254037844386,0.5000000000000001,1.0,6.123233995736766e-17,0.0,70.0,Midwest,72,0,0,0,0.3,0,1,0,0,0,0,0,0,0,0,0.0,21.599999999999998,0.0,6571497.52,50.0,131429.9504,1343026.97,15.698252449689232,0
b13801f3-442f-446f-aab2-4bce8a97bb55,fcb5b7c9646e9d40a21f45277526a8b331c5ef69,4643,KY,Severe Storm,2022-02-27 00:00:00+00:00,2021-12-31 00:00:00+00:00,2022-01-02 00:00:00+00:00,DR,2024-08-27T18:22:14.800Z,2022,2,1,0.8660254037844386,0.5000000000000001,1.0,6.123233995736766e-17,2.0,58.0,South,84,0,0,0,0.3,0,1,0,0,0,0,0,0,0,0,0.6,25.2,116.0,16196779.21,211.0,76761.9867772512,1132487.92,16.600323027979588,3
1f757281-9448-4de8-ba50-3c5d43eddbc7,79e7dc3789726e153c6ef0317ed2ebf59440bec5,4644,VA,Severe Storm,2022-03-11 00:00:00+00:00,2022-01-02 00:00:00+00:00,2022-01-03 00:00:00+00:00,DR,2024-08-27T18:22:14.800Z,2022,3,1,1.0,6.123233995736766e-17,1.0,6.123233995736766e-17,1.0,68.0,South,71,0,0,0,0.3,0,1,0,0,0,0,0,0,0,0,0.3,21.3,68.0,107592485.46,74.0,1453952.5062162161,36647349.58,18.49386137481518,3
fa978591-37e7-489e-8904-2eb118d97c5b,ee9b3dc277a93baedd0dec7906c85a5231dca577,4645,TN,Severe Storm,2022-03-11 00:00:00+00:00,2022-02-03 00:00:00+00:00,2022-02-04 00:00:00+00:00,DR,2024-08-27T18:22:14.800Z,2022,3,1,1.0,6.123233995736766e-17,1.0,6.123233995736766e-17,1.0,36.0,South,82,0,0,0,0.3,0,1,0,0,0,0,0,0,0,0,0.3,24.599999999999998,36.0,35372030.64,62.0,570516.6232258065,17198284.3,17.381431999170182,3
03cdc13e-d294-42a1-bde2-6c541861f300,ef61537cd641befb1a019b9128675f56cab3957e,4646,AK,Severe Storm,2022-03-14 00:00:00+00:00,2022-01-01 00:00:00+00:00,2022-01-04 00:00:00+00:00,DR,2024-08-27T18:22:14.800Z,2022,3,1,1.0,6.123233995736766e-17,1.0,6.123233995736766e-17,3.0,72.0,West,73,0,0,0,0.3,0,1,0,0,0,0,0,0,0,0,0.8999999999999999,21.9,216.0,6297791.5200000005,32.0,196805.98500000002,1649404.25,15.655709736308768,4
ed0fbf38-0009-41a9-9f1e-19c9cb324f98,7c0d27fe172206c3cc6a6551a578e800491deba2,4647,ME,Coastal Storm,2022-03-15 00:00:00+00:00,2021-10-30 00:00:00+00:00,2021-10-31 00:00:00+00:00,DR,2024-08-27T18:22:14.800Z,2022,3,1,1.0,6.123233995736766e-17,1.0,6.123233995736766e-17,1.0,136.0,Northeast,62,0,0,0,0.3,0,0,0,0,0,0,0,0,0,0,0.3,18.599999999999998,136.0,7242494.78,38.0,190591.96789473685,4357948.5,15.795476425953744,1
79ecc57f-e57f-40a8-9fbb-b06597cccb14,ee19ad1098dea77bc74b65fc03472b6c4fb5a8b8,4648,AK,Severe Storm,2022-03-24 00:00:00+00:00,2021-12-25 00:00:00+00:00,2021-12-27 00:00:00+00:00,DR,2024-08-27T18:22:14.800Z,2022,3,1,1.0,6.123233995736766e-17,1.0,6.123233995736766e-17,2.0,89.0,West,74,0,0,0,0.3,0,1,0,0,0,0,0,0,0,0,0.6,22.2,178.0,1900323.25,7.0,271474.75,1625735.22,14.457535087471003,4
55297782-8703-4309-b1fb-0632dc96ddd1,a8acf47c87a17cb93ee6a9a681b999be25790865,4650,WA,Flood,2022-03-29 00:00:00+00:00,2021-12-26 00:00:00+00:00,2022-01-15 00:00:00+00:00,DR,2026-07-09T16:21:19.452Z,2022,3,1,1.0,6.123233995736766e-17,1.0,6.123233995736766e-17,20.0,93.0,West,189,0,0,0,0.44999999999999996,0,0,1,0,0,0,0,0,0,0,9.0,85.05,1860.0,30027490.799999997,181.0,165897.73922651933,4529861.52,17.21762391332774,4
2d12f0ef-6d4c-4c55-a319-72263d9f066b,c72f6880cff6a0135df2f3d469d38c6b0f75712a,4651,MA,Snowstorm,2022-04-18 00:00:00+00:00,2022-01-28 00:00:00+00:00,2022-01-29 00:00:00+00:00,DR,2026-07-22T13:05:01.825Z,2022,4,2,0.8660254037844387,-0.4999999999999998,1.2246467991473532e-16,-1.0,1.0,80.0,Northeast,55,0,0,0,0.15,0,0,0,0,0,1,0,0,0,0,0.15,8.25,80.0,24385610.14,114.0,213908.860877193,4041370.99,17.009503808940597,1
7baee64b-1e3f-45ab-af55-2d3b9320097f,57f906f605cd0dbd5a05ed4eec0080923ac6472c,4652,NM,Fire,2022-05-04 00:00:00+00:00,2022-04-05 00:00:00+00:00,2022-07-23 00:00:00+00:00,DR,2026-07-20T21:43:12.371Z,2022,5,2,0.49999999999999994,-0.8660254037844387,1.2246467991473532e-16,-1.0,109.0,29.0,West,110,0,0,0,0.3,1,0,0,0,0,0,0,0,0,0,32.699999999999996,33.0,3161.0,389375124.83,249.0,1563755.5214056224,24917005.16,19.780053770664846,4
e619cdbc-ca86-4224-a407-0f127e8ba228,e5a32280df85bdd1713f2d3167e330142b92cd87,4653,RI,Snowstorm,2022-05-12 00:00:00+00:00,2022-01-28 00:00:00+00:00,2022-01-29 00:00:00+00:00,DR,2025-05-21T15:21:24.373Z,2022,5,2,0.49999999999999994,-0.8660254037844387,1.2246467991473532e-16,-1.0,1.0,104.0,Northeast,26,0,0,0,0.15,0,0,0,0,0,1,0,0,0,0,0.15,3.9,104.0,8762169.860000001,110.0,79656.08963636364,2634921.47,15.985954247279986,1
2b227726-855a-496d-96c3-eae67408e939,83dc304382187e9b07d28fb608432942d9a51734,4654,KS,Snowstorm,2022-05-25 00:00:00+00:00,2022-03-17 00:00:00+00:00,2022-03-22 00:00:00+00:00,DR,2024-08-27T18:22:14.800Z,2022,5,2,0.49999999999999994,-0.8660254037844387,1.2246467991473532e-16,-1.0,5.0,69.0,Midwest,81,0,0,0,0.15,0,0,0,0,0,1,0,0,0,0,0.75,12.15,345.0,19522681.96,14.0,1394477.2828571429,13413859.64,16.7870875762256,0
6bc4b672-5727-4664-ba3b-b152f8d8c013,406b117b634858e388e354394daad468d756bad9,4655,MT,Flood,2022-06-16 00:00:00+00:00,2022-06-10 00:00:00+00:00,2022-07-05 00:00:00+00:00,DR,2026-07-20T21:43:12.371Z,2022,6,2,1.2246467991473532e-16,-1.0,1.2246467991473532e-16,-1.0,25.0,6.0,West,97,0,0,0,0.44999999999999996,0,0,1,0,0,0,0,0,0,0,11.249999999999998,43.65,150.0,41358759.11,150.0,275725.06073333335,3814276.5,17.53779480971703,4
a470af4e-9e90-43f8-a49b-ea81c3f931c4,67f6f358e982f3dcbbab3e3fc561fc8dff88be84,4656,SD,Severe Storm,2022-06-29 00:00:00+00:00,2022-05-12 00:00:00+00:00,2022-05-12 00:00:00+00:00,DR,2024-08-27T18:22:14.800Z,2022,6,2,1.2246467991473532e-16,-1.0,1.2246467991473532e-16,-1.0,0.0,48.0,Midwest,85,0,0,0,0.3,0,1,0,0,0,0,0,0,0,0,0.0,25.5,0.0,11501158.81,196.0,58679.38168367347,2490535.49,16.25795844129163,0
743b5c36-460d-45cc-8ccd-db06d6a4b5cb,b1be33075bb1d2ca50f1fe4f02e846f44ccbd866,4658,MN,Severe Storm,2022-07-08 00:00:00+00:00,2022-05-08 00:00:00+00:00,2022-05-13 00:00:00+00:00,DR,2024-08-27T18:22:14.800Z,2022,7,3,-0.4999999999999997,-0.8660254037844388,-1.0,-1.8369701987210297e-16,5.0,61.0,Midwest,74,0,0,0,0.3,0,1,0,0,0,0,0,0,0,0,1.5,22.2,305.0,13663713.64,332.0,41155.76397590362,1736983.27,16.430254310717473,0
7f081eaf-6ae4-4702-9f35-ca0b74b6dbcb,c2fe56e7c57daa87632538deb9762a13f112b0b2,4659,MN,Flood,2022-07-13 00:00:00+00:00,2022-04-22 00:00:00+00:00,2022-06-15 00:00:00+00:00,DR,2024-08-27T18:22:14.800Z,2022,7,3,-0.4999999999999997,-0.8660254037844388,-1.0,-1.8369701987210297e-16,54.0,82.0,Midwest,75,0,0,0,0.44999999999999996,0,0,1,0,0,0,0,0,0,0,24.299999999999997,33.75,4428.0,21377468.11,528.0,40487.62899621212,1822900.35,16.877848080034006,0
5cc321c8-8ab9-46e9-b864-adf9124308f4,feb31ba3b1fa064d269ff8159d00009165bd2a32,4660,ND,Severe Storm,2022-07-13 00:00:00+00:00,2022-04-22 00:00:00+00:00,2022-05-25 00:00:00+00:00,DR,2024-08-27T18:22:14.800Z,2022,7,3,-0.4999999999999997,-0.8660254037844388,-1.0,-1.8369701987210297e-16,33.0,82.0,Midwest,66,0,0,0,0.3,0,1,0,0,0,0,0,0,0,0,9.9,19.8,2706.0,73420589.6,410.0,179074.6087804878,15944617.61,18.111714980130273,0
c8205fc3-8339-4ce8-9272-ea0605677a0d,0e86f036ef9ca7f6b092c6593dcde5d32bb31830,3581,VI,Other,2022-07-25 00:00:00+00:00,2022-07-15 00:00:00+00:00,2022-10-13 00:00:00+00:00,EM,2025-03-20T15:41:41.189Z,2022,7,3,-0.4999999999999997,-0.8660254037844388,-1.0,-1.8369701987210297e-16,90.0,10.0,Other,29,0,0,0,0.0,0,0,0,0,0,0,0,0,0,0,0.0,0.0,900.0,312742.69,4.0,78185.6725,269083.25,12.65313925226631,2
9a0b8c77-a8b5-41d2-ad7d-f7852e62d445,56fd6249af1c6ada004dc0668360f2668f216efa,4661,AK,Mud/Landslide,2022-07-26 00:00:00+00:00,2022-05-07 00:00:00+00:00,2022-05-07 00:00:00+00:00,DR,2024-08-27T18:22:14.800Z,2022,7,3,-0.4999999999999997,-0.8660254037844388,-1.0,-1.8369701987210297e-16,0.0,80.0,West,76,0,0,0,0.0,0,0,0,0,0,0,0,0,0,0,0.0,0.0,0.0,1110110.81,5.0,222022.162,760364.98,13.919971297945349,4
88f07a7c-7435-4ad6-b5e2-45c4fc9eb50b,3b8ee7add4ab1ee1fea9cc743939fe458ccc05d3,4662,NE,Severe Storm,2022-07-27 00:00:00+00:00,2022-05-12 00:00:00+00:00,2022-05-12 00:00:00+00:00,DR,2024-08-27T18:22:14.800Z,2022,7,3,-0.4999999999999997,-0.8660254037844388,-1.0,-1.8369701987210297e-16,0.0,76.0,Midwest,75,0,0,0,0.3,0,1,0,0,0,0,0,0,0,0,0.0,22.5,0.0,15877563.36,59.0,269111.2433898305,11629803.75,16.580417624185927,0
b16d9471-fec0-472a-ad5b-5a3bfec7c656,4fc532e37849a0d8b3eea4637d9ca045f14b9cde,4663,KY,Flood,2022-07-29 00:00:00+00:00,2022-07-26 00:00:00+00:00,2022-08-11 00:00:00+00:00,DR,2024-08-27T18:22:14.800Z,2022,7,3,-0.4999999999999997,-0.8660254037844388,-1.0,-1.8369701987210297e-16,16.0,3.0,South,85,0,0,0,0.44999999999999996,0,0,1,0,0,0,0,0,0,0,7.199999999999999,38.24999999999999,48.0,466709076.61,1986.0,234999.53505035248,86094506.34,19.961216661362982,3
4783df48-269e-456a-bc21-a4e6a1bacbed,8501834c4cc556993a98c3caf731dceedf12dc3f,4664,SD,Severe Storm,2022-08-02 00:00:00+00:00,2022-06-11 00:00:00+00:00,2022-06-14 00:00:00+00:00,DR,2024-08-27T18:22:14.800Z,2022,8,3,-0.8660254037844385,-0.5000000000000004,-1.0,-1.8369701987210297e-16,3.0,52.0,Midwest,86,0,0,0,0.3,0,1,0,0,0,0,0,0,0,0,0.8999999999999999,25.8,156.0,1644634.91,23.0,71505.8656521739,740490.13,14.31302958637723,0
cf8cc192-ac9a-4682-a42a-5eb6e543becd,1d62e0a4c2e50893fba010e8939872c9ad4acf8a,4665,MO,Flood,2022-08-08 00:00:00+00:00,2022-07-25 00:00:00+00:00,2022-07-28 00:00:00+00:00,DR,2024-08-27T18:22:14.800Z,2022,8,3,-0.8660254037844385,-0.5000000000000004,-1.0,-1.8369701987210297e-16,3.0,14.0,Midwest,76,0,0,0,0.44999999999999996,0,0,1,0,0,0,0,0,0,0,1.3499999999999999,34.199999999999996,42.0,25811200.669999998,187.0,138027.8110695187,3238489.63,17.066319128921723,0
d87d6c68-4ac6-4774-8a91-8a69685941c8,f0117691bc61ed5c8dcd42d0a26f1aebcfe5c800,4666,MN,Severe Storm,2022-08-09 00:00:00+00:00,2022-05-29 00:00:00+00:00,2022-05-30 00:00:00+00:00,DR,2024-08-27T18:22:14.800Z,2022,8,3,-0.8660254037844385,-0.5000000000000004,-1.0,-1.8369701987210297e-16,1.0,72.0,Midwest,76,0,0,0,0.3,0,1,0,0,0,0,0,0,0,0,0.3,22.8,72.0,7230916.39,143.0,50565.84888111888,1037595.97,15.793876472669204,0
bd42d14d-5d94-4af8-a6fb-e7e223c499b1,ffb8709b7e50fdbc19ad9d19fe3ca345458af135,4667,AK,Flood,2022-08-26 00:00:00+00:00,2022-05-08 00:00:00+00:00,2022-05-11 00:00:00+00:00,DR,2024-08-27T18:22:14.800Z,2022,8,3,-0.8660254037844385,-0.5000000000000004,-1.0,-1.8369701987210297e-16,3.0,110.0,West,77,0,0,0,0.44999999999999996,0,0,1,0,0,0,0,0,0,0,1.3499999999999999,34.65,330.0,1695455.99,12.0,141287.99916666668,1241468.31,14.343462873077746,4
293637ed-f6ff-4d4a-af0a-51888d3f90aa,ba553993328e4e72daa9ef00970e50b0cb1bc181,3582,MS,Other,2022-08-30 00:00:00+00:00,2022-08-30 00:00:00+00:00,2022-11-28 00:00:00+00:00,EM,2024-08-27T18:22:14.800Z,2022,8,3,-0.8660254037844385,-0.5000000000000004,-1.0,-1.8369701987210297e-16,90.0,0.0,South,90,0,0,0,0.0,0,0,0,0,0,0,0,0,0,0,0.0,0.0,0.0,7261628.31,22.0,330074.0140909091,2832854.82,15.798114784486948,3
f846ced7-9e45-4e84-9bf5-6d5ceb736489,9a7a65744d862062906d4072e5be5072a6b309cd,4668,AZ,Severe Storm,2022-09-02 00:00:00+00:00,2022-07-17 00:00:00+00:00,2022-07-18 00:00:00+00:00,DR,2024-08-27T18:22:14.800Z,2022,9,3,-1.0,-1.8369701987210297e-16,-1.0,-1.8369701987210297e-16,1.0,47.0,West,106,0,0,0,0.3,0,1,0,0,0,0,0,0,0,0,0.3,31.799999999999997,47.0,815764.95,7.0,116537.84999999999,257566.88,13.611882766823413,4
7cbd7b0a-3b8d-4bfb-a780-687074894506,5effb8500322336c7e0c825ca80a1670784cfce9,4669,AS,Severe Storm,2022-09-15 00:00:00+00:00,2022-07-12 00:00:00+00:00,2022-07-15 00:00:00+00:00,DR,2024-08-27T18:22:14.800Z,2022,9,3,-1.0,-1.8369701987210297e-16,-1.0,-1.8369701987210297e-16,3.0,65.0,Other,16,0,0,0,0.3,0,1,0,0,0,0,0,0,0,0,0.8999999999999999,4.8,195.0,1273951.56,13.0,97996.27384615385,435689.22,14.057634877372264,2
8b4f6c4f-4034-49cf-ab2b-e8bd539f7098,bc2a323a9a2659c6a0418afe481ac99c19798ead,4670,OK,Severe Storm,2022-09-20 00:00:00+00:00,2022-05-02 00:00:00+00:00,2022-05-08 00:00:00+00:00,DR,2024-08-27T18:22:14.800Z,2022,9,3,-1.0,-1.8369701987210297e-16,-1.0,-1.8369701987210297e-16,6.0,141.0,South,218,0,0,0,0.3,0,1,0,0,0,0,0,0,0,0,1.7999999999999998,65.39999999999999,846.0,205733.56,6.0,34288.926666666666,120429.18,12.234342073196146,3
2a620140-8ae8-4d23-94c0-9b9e5e4d4463,fc2f345c88ca9d2e9be5e2bfdb576ece2fc0d299,4671,PR,Hurricane,2022-09-21 00:00:00+00:00,2022-09-17 00:00:00+00:00,2022-09-21 00:00:00+00:00,DR,2024-08-27T18:22:14.800Z,2022,9,3,-1.0,-1.8369701987210297e-16,-1.0,-1.8369701987210297e-16,4.0,4.0,Other,47,0,0,0,0.6,0,0,0,1,0,0,0,0,0,0,2.4,28.2,16.0,1815186225.32,2820.0,643683.0586241134,62743771.0,21.319453903432848,2
670770da-2139-4e8c-a354-cd788f3caae3,98c701b254a74dabab40d413da1c341a1a4230bb,4672,AK,Severe Storm,2022-09-23 00:00:00+00:00,2022-09-15 00:00:00+00:00,2022-09-20 00:00:00+00:00,DR,2024-08-27T18:22:14.800Z,2022,9,3,-1.0,-1.8369701987210297e-16,-1.0,-1.8369701987210297e-16,5.0,8.0,West,78,0,0,0,0.3,0,1,0,0,0,0,0,0,0,0,1.5,23.4,40.0,90763237.03,142.0,639177.7255633803,9002642.25,18.32376489407953,4
dcc9a994-c36a-4d38-8d51-f1a90f6977a8,467c0b3109bec4b0dca989d48ed51df51cf39e02,4673,FL,Hurricane,2022-09-29 00:00:00+00:00,2022-09-23 00:00:00+00:00,2022-11-04 00:00:00+00:00,DR,2024-10-10T14:02:49.284Z,2022,9,3,-1.0,-1.8369701987210297e-16,-1.0,-1.8369701987210297e-16,42.0,6.0,South,169,0,0,0,0.6,0,0,0,1,0,0,0,0,0,0,25.2,101.39999999999999,252.0,2909023775.37,3748.0,776153.6220304162,587291218.63,21.79108338980868,3
65da106e-ae46-4e03-84db-633f5d5a9a9d,9085bc6f2b9dd0f2018247e0197f1dab1fe9fc1b,4674,VA,Severe Storm,2022-09-30 00:00:00+00:00,2022-07-13 00:00:00+00:00,2022-07-14 00:00:00+00:00,DR,2024-08-27T18:22:14.800Z,2022,9,3,-1.0,-1.8369701987210297e-16,-1.0,-1.8369701987210297e-16,1.0,79.0,South,72,0,0,0,0.3,0,1,0,0,0,0,0,0,0,0,0.3,21.599999999999998,79.0,11279745.370000001,31.0,363862.7538709678,1936634.48,16.23851931885232,3
ffb6c5a2-2e73-488d-b6a4-9aa4784cf1fd,3143246e761aa24ea40f54c15f1d42ae5df1a58c,4675,FL,Hurricane,2022-09-30 00:00:00+00:00,2022-09-23 00:00:00+00:00,2022-11-04 00:00:00+00:00,DR,2024-08-27T18:22:14.800Z,2022,9,3,-1.0,-1.8369701987210297e-16,-1.0,-1.8369701987210297e-16,42.0,7.0,South,170,0,0,0,0.6,0,0,0,1,0,0,0,0,0,0,25.2,102.0,294.0,1329493.99,5.0,265898.798,579459.99,14.100309721324152,3
a11ff0da-a363-414d-afd6-c622c4bd5de3,c029f8a5bc5190b1eec0523f4d3d6c36707045c0,3586,NC,Hurricane,2022-10-01 00:00:00+00:00,2022-09-28 00:00:00+00:00,2022-10-04 00:00:00+00:00,EM,2024-10-10T14:02:49.284Z,2022,10,4,-0.8660254037844386,0.5000000000000001,-2.4492935982947064e-16,1.0,6.0,3.0,South,73,0,0,0,0.6,0,0,0,1,0,0,0,0,0,0,3.5999999999999996,43.8,18.0,960363.88,45.0,21341.419555555556,119348.15,13.77506857456398,3
1ecbdb3a-f9d2-48a2-8317-3f674db5ed51,95dc44493b6166d2d3878cf4be3557407d427ad5,3589,NY,Winter Storm,2022-11-20 00:00:00+00:00,2022-11-18 00:00:00+00:00,2022-11-21 00:00:00+00:00,EM,2026-01-30T14:01:19.257Z,2022,11,4,-0.5000000000000004,0.8660254037844384,-2.4492935982947064e-16,1.0,3.0,2.0,Northeast,107,0,0,0,0.3,0,0,0,0,0,0,0,0,0,0,0.8999999999999999,32.1,6.0,1193034.07,22.0,54228.821363636365,300206.79,13.992011097127449,1
dc6c74aa-3e31-4c49-bf14-d3ace12878a5,34ead79860e1a7db6e66edf64036e89d18fded87,4677,SC,Hurricane,2022-11-21 00:00:00+00:00,2022-09-25 00:00:00+00:00,2022-10-04 00:00:00+00:00,DR,2024-08-27T18:22:14.800Z,2022,11,4,-0.5000000000000004,0.8660254037844384,-2.4492935982947064e-16,1.0,9.0,57.0,South,39,0,0,0,0.6,0,0,0,1,0,0,0,0,0,0,5.3999999999999995,23.4,513.0,21610142.64,194.0,111392.48783505155,2007314.78,16.8886733753837,3
8c574e75-8ddd-4645-a66f-a18f78e2cac5,5c4f4801d9ba69732a3faaf76cf7a2b51d3a1a5a,4678,WV,Flood,2022-11-28 00:00:00+00:00,2022-07-12 00:00:00+00:00,2022-07-13 00:00:00+00:00,DR,2026-07-20T21:43:12.371Z,2022,11,4,-0.5000000000000004,0.8660254037844384,-2.4492935982947064e-16,1.0,1.0,139.0,South,75,0,0,0,0.44999999999999996,0,0,1,0,0,0,0,0,0,0,0.44999999999999996,33.75,139.0,3082243.7,18.0,171235.76111111112,802500.0,14.941168688206245,3
419cb85a-6e00-458e-adf1-b63adeb7432f,6dc12976803d01330742692c8c1335f383f43bd4,4679,WV,Severe Storm,2022-11-28 00:00:00+00:00,2022-08-14 00:00:00+00:00,2022-08-15 00:00:00+00:00,DR,2026-07-20T21:43:12.371Z,2022,11,4,-0.5000000000000004,0.8660254037844384,-2.4492935982947064e-16,1.0,1.0,106.0,South,76,0,0,0,0.3,0,1,0,0,0,0,0,0,0,0,0.3,22.8,106.0,4453941.78,40.0,111348.5445,1548712.5,15.309300279837718,3
14368c62-d9bc-4dce-b2c8-6cad1176aee1,2e9bbde261e9ff07699923c2da356a6bdbfa2adf,4680,FL,Hurricane,2022-12-13 00:00:00+00:00,2022-11-07 00:00:00+00:00,2022-11-30 00:00:00+00:00,DR,2024-10-10T14:02:49.284Z,2022,12,4,-2.4492935982947064e-16,1.0,-2.4492935982947064e-16,1.0,23.0,36.0,South,173,0,0,0,0.6,0,0,0,1,0,0,0,0,0,0,13.799999999999999,103.8,828.0,120049783.48,399.0,300876.65032581455,20285741.25,18.603417085377945,3
d039316b-a2b5-4d86-8990-aaa4f3c0e4ed,6edb0b5d744ba3da3d3020634c010ef7a97ba37f,4681,AZ,Flood,2022-12-30 00:00:00+00:00,2022-10-01 00:00:00+00:00,2022-10-02 00:00:00+00:00,DR,2024-08-27T18:22:14.800Z,2022,12,4,-2.4492935982947064e-16,1.0,-2.4492935982947064e-16,1.0,1.0,90.0,West,107,0,0,0,0.44999999999999996,0,0,1,0,0,0,0,0,0,0,0.44999999999999996,48.15,90.0,1060499.18,9.0,117833.24222222221,562945.38,13.874251222718119,4
4069a3ab-5e80-403c-bdd9-ca16044b974d,336f64d8392dfa46aa1a0762fc3bef96bd76bca4,4682,WA,Severe Storm,2023-01-12 00:00:00+00:00,2022-11-03 00:00:00+00:00,2022-11-08 00:00:00+00:00,DR,2026-07-20T21:43:12.371Z,2023,1,1,0.49999999999999994,0.8660254037844387,1.0,6.123233995736766e-17,5.0,70.0,West,193,0,0,0,0.3,0,1,0,0,0,0,0,0,0,0,1.5,57.9,350.0,16914734.18,68.0,248746.09088235293,11518470.49,16.6436957041477,4
5c6ca08b-fcf5-49e5-92b1-51361abbfb41,8389e08aa97d15511da287b5c70468ee4ef00609,4683,CA,Flood,2023-01-14 00:00:00+00:00,2022-12-27 00:00:00+00:00,2023-01-31 00:00:00+00:00,DR,2026-07-20T21:43:12.371Z,2023,1,1,0.49999999999999994,0.8660254037844387,1.0,6.123233995736766e-17,35.0,18.0,West,361,0,0,0,0.44999999999999996,0,0,1,0,0,0,0,0,0,0,15.749999999999998,162.45,630.0,403690903.75,2621.0,154021.71070202213,16096406.76,19.81616005584433,4
ff17e9c1-722e-4bc0-ac17-7dec0bc61684,1ddc99646238e5717c0807e69ed9afa730b3bdc8,4684,AL,Severe Storm,2023-01-15 00:00:00+00:00,2023-01-12 00:00:00+00:00,2023-01-12 00:00:00+00:00,DR,2026-07-20T21:43:12.371Z,2023,1,1,0.49999999999999994,0.8660254037844387,1.0,6.123233995736766e-17,0.0,3.0,South,99,0,0,0,0.3,0,1,0,0,0,0,0,0,0,0,0.0,29.7,0.0,16396912.59,92.0,178227.31076086956,4948081.74,16.61260367935168,3
0054103d-c748-46cb-a2f5-42f65e29e7ad,15dadc8a6a65d639225c4d15c26a73e65e53473b,4685,GA,Severe Storm,2023-01-16 00:00:00+00:00,2023-01-12 00:00:00+00:00,2023-01-12 00:00:00+00:00,DR,2026-07-20T21:43:12.371Z,2023,1,1,0.49999999999999994,0.8660254037844387,1.0,6.123233995736766e-17,0.0,4.0,South,72,0,0,0,0.3,0,1,0,0,0,0,0,0,0,0,0.0,21.599999999999998,0.0,36328111.89,121.0,300232.3296694215,4787243.49,17.408102459275465,3
0a6cf4f0-477d-432f-a81c-e8e231e75cf0,0299c34ac83d428adcc750936b019fbd68df82a0,4686,ND,Snowstorm,2023-02-05 00:00:00+00:00,2022-11-09 00:00:00+00:00,2022-11-11 00:00:00+00:00,DR,2024-08-27T18:22:14.800Z,2023,2,1,0.8660254037844386,0.5000000000000001,1.0,6.123233995736766e-17,2.0,88.0,Midwest,67,0,0,0,0.15,0,0,0,0,0,1,0,0,0,0,0.3,10.049999999999999,176.0,1740753.8599999999,14.0,124339.56142857143,1378043.21,14.369829404700939,0
66dabbbc-9509-4c72-bca2-991c9b15afe0,6e91b2fa9da76adfbdcdab4b884224c57cb8357c,4687,SD,Winter Storm,2023-02-20 00:00:00+00:00,2022-12-12 00:00:00+00:00,2022-12-25 00:00:00+00:00,DR,2024-08-27T18:22:14.800Z,2023,2,1,0.8660254037844386,0.5000000000000001,1.0,6.123233995736766e-17,13.0,70.0,Midwest,87,0,0,0,0.3,0,0,0,0,0,0,0,0,0,0,3.9,26.099999999999998,910.0,819070.62,5.0,163814.124,641791.64,13.615926807119292,0
15eb4f4f-e828-473a-a0cb-ddc261a198a0,d5a521cb2a0a21217c9c6b267618d7eba09d8ac1,4688,SD,Winter Storm,2023-02-20 00:00:00+00:00,2022-12-12 00:00:00+00:00,2022-12-25 00:00:00+00:00,DR,2024-08-27T18:22:14.800Z,2023,2,1,0.8660254037844386,0.5000000000000001,1.0,6.123233995736766e-17,13.0,70.0,Midwest,88,0,0,0,0.3,0,0,0,0,0,0,0,0,0,0,3.9,26.4,910.0,303475.35,4.0,75868.8375,233999.83,12.623058962227978,0
7a18c1cf-3ceb-43de-97c5-e7c05ca95636,ab07b3e02f4df4510183b8927cd32c5532e596d4,4689,SD,Winter Storm,2023-02-27 00:00:00+00:00,2022-12-12 00:00:00+00:00,2022-12-25 00:00:00+00:00,DR,2024-08-27T18:22:14.800Z,2023,2,1,0.8660254037844386,0.5000000000000001,1.0,6.123233995736766e-17,13.0,77.0,Midwest,89,0,0,0,0.3,0,0,0,0,0,0,0,0,0,0,3.9,26.7,1001.0,2303950.83,66.0,34908.34590909091,529965.44,14.650136393461306,0
0ca2d434-c9bc-419b-81b9-66089b9097a5,839c9060e49f50b88b3c786a1f0390d7b26b4573,4690,OK,Severe Storm,2023-03-03 00:00:00+00:00,2022-12-21 00:00:00+00:00,2022-12-25 00:00:00+00:00,DR,2025-01-07T12:42:07.818Z,2023,3,1,1.0,6.123233995736766e-17,1.0,6.123233995736766e-17,4.0,72.0,South,219,0,0,0,0.3,0,1,0,0,0,0,0,0,0,0,1.2,65.7,288.0,264581.77,5.0,52916.35400000001,165043.5,12.485909411384805,3
84b76d69-b89b-4bcf-8b1e-0bb68261dd2b,6f34126e17269f68e6071903893c9f9b23fef1a4,4691,TN,Winter Storm,2023-03-08 00:00:00+00:00,2022-12-22 00:00:00+00:00,2022-12-27 00:00:00+00:00,DR,2026-07-20T21:43:12.371Z,2023,3,1,1.0,6.123233995736766e-17,1.0,6.123233995736766e-17,5.0,76.0,South,83,0,0,0,0.3,0,0,0,0,0,0,0,0,0,0,1.5,24.9,380.0,7384618.63,110.0,67132.89663636363,1337761.98,15.814909966866242,3
35a5507d-7750-4514-97ed-73f07b6d95cb,75198a69d335edce602f3b2defae449ef3d822cc,4692,CA,Earthquake,2023-03-08 00:00:00+00:00,2022-12-20 00:00:00+00:00,2023-01-01 00:00:00+00:00,DR,2024-08-27T18:22:14.800Z,2023,3,1,1.0,6.123233995736766e-17,1.0,6.123233995736766e-17,12.0,78.0,West,362,0,0,0,0.6,0,0,0,0,0,0,0,0,0,0,7.199999999999999,217.2,936.0,514383.96,12.0,42865.33,242882.22,13.150727213530987,4
215eb39b-d648-4a8c-b52d-d68166c13c8a,1227463b5feb2484c22b55f8d06fc993acc4dd5f,4693,NH,Severe Storm,2023-03-15 00:00:00+00:00,2022-12-22 00:00:00+00:00,2022-12-25 00:00:00+00:00,DR,2026-07-20T21:43:12.371Z,2023,3,1,1.0,6.123233995736766e-17,1.0,6.123233995736766e-17,3.0,83.0,Northeast,57,0,0,0,0.3,0,1,0,0,0,0,0,0,0,0,0.8999999999999999,17.099999999999998,249.0,6239744.5,78.0,79996.72435897436,2646630.06,15.64644995425746,1
61817c97-2b28-42f3-abc5-e336181ec885,c9bbcd8c0b80dff68eb65c46f42dfb79adb992b9,4694,NY,Snowstorm,2023-03-15 00:00:00+00:00,2022-12-23 00:00:00+00:00,2022-12-28 00:00:00+00:00,DR,2024-08-27T18:22:14.800Z,2023,3,1,1.0,6.123233995736766e-17,1.0,6.123233995736766e-17,5.0,82.0,Northeast,109,0,0,0,0.15,0,0,0,0,0,1,0,0,0,0,0.75,16.349999999999998,410.0,31602251.1,325.0,97237.6956923077,1849708.6,17.26873894500497,1
e04c7002-f93b-417e-b0a5-73981bd1725b,044d62424b288fee2afbf5660e05de0e064ce53a,4695,VT,Severe Storm,2023-03-20 00:00:00+00:00,2022-12-22 00:00:00+00:00,2022-12-24 00:00:00+00:00,DR,2024-08-27T18:22:14.800Z,2023,3,1,1.0,6.123233995736766e-17,1.0,6.123233995736766e-17,2.0,88.0,Northeast,52,0,0,0,0.3,0,1,0,0,0,0,0,0,0,0,0.6,15.6,176.0,5046911.43,41.0,123095.40073170731,2035695.54,15.434287214270345,1
d38a629a-cec9-4341-bf93-d4572d0af9d2,6adc683d7a7aa40cb697fae88b03d2d74fa1ef41,4696,ME,Severe Storm,2023-03-22 00:00:00+00:00,2022-12-23 00:00:00+00:00,2022-12-24 00:00:00+00:00,DR,2024-08-27T18:22:14.800Z,2023,3,1,1.0,6.123233995736766e-17,1.0,6.123233995736766e-17,1.0,89.0,Northeast,63,0,0,0,0.3,0,1,0,0,0,0,0,0,0,0,0.3,18.9,89.0,4962326.18,212.0,23407.19896226415,312548.36,15.417385378182255,1
cf0c4144-fd8d-4dff-b972-e2f123a52708,6955f69eebafc11de41bc1a41f7152c9754caf71,4697,MS,Severe Storm,2023-03-26 00:00:00+00:00,2023-03-24 00:00:00+00:00,2023-03-25 00:00:00+00:00,DR,2026-07-20T21:43:12.371Z,2023,3,1,1.0,6.123233995736766e-17,1.0,6.123233995736766e-17,1.0,2.0,South,91,0,0,0,0.3,0,1,0,0,0,0,0,0,0,0,0.3,27.3,2.0,78459720.55,213.0,368355.4955399061,6654529.4,18.178095949797246,3
ae40a383-d881-4395-8481-1861257f03fc,9af5c28c5c8bcda59efb90634b5754269fafeeb2,4698,AR,Severe Storm,2023-04-02 00:00:00+00:00,2023-03-31 00:00:00+00:00,2023-03-31 00:00:00+00:00,DR,2026-07-20T21:43:12.371Z,2023,4,2,0.8660254037844387,-0.4999999999999998,1.2246467991473532e-16,-1.0,0.0,2.0,South,79,0,0,0,0.3,0,1,0,0,0,0,0,0,0,0,0.0,23.7,0.0,104167450.83,178.0,585210.3979213483,25006656.75,18.461510276012213,3
6ecb3808-9405-4600-ac65-6ba2a85b8776,7f4112c1fc7e668d4566c431b8a9d48df486f18f,4699,CA,Severe Storm,2023-04-03 00:00:00+00:00,2023-02-21 00:00:00+00:00,2023-07-10 00:00:00+00:00,DR,2026-07-20T21:43:12.371Z,2023,4,2,0.8660254037844387,-0.4999999999999998,1.2246467991473532e-16,-1.0,139.0,41.0,West,364,0,0,0,0.3,0,1,0,0,0,0,0,0,0,0,41.699999999999996,109.2,5699.0,236521786.14000002,1135.0,208389.23888986785,30933461.16,19.28155088486671,4
60a9825d-763a-4435-8c30-0f14c810ddd7,8cefa48bd17b37129d36d5ad5a28e2339f6f5f0b,4700,AR,Winter Storm,2023-04-04 00:00:00+00:00,2023-01-30 00:00:00+00:00,2023-02-02 00:00:00+00:00,DR,2024-08-27T18:22:14.800Z,2023,4,2,0.8660254037844387,-0.4999999999999998,1.2246467991473532e-16,-1.0,3.0,64.0,South,80,0,0,0,0.3,0,0,0,0,0,0,0,0,0,0,0.8999999999999999,24.0,192.0,9881152.98,54.0,182984.31444444446,3586355.47,16.10613986249865,3
92d90b1c-63d5-49a6-a589-3ebe9edb4e0c,0905e946de05a7bf4c19979bf2ada882589a370e,4701,TN,Severe Storm,2023-04-07 00:00:00+00:00,2023-03-31 00:00:00+00:00,2023-04-01 00:00:00+00:00,DR,2026-07-20T21:43:12.371Z,2023,4,2,0.8660254037844387,-0.4999999999999998,1.2246467991473532e-16,-1.0,1.0,7.0,South,84,0,0,0,0.3,0,1,0,0,0,0,0,0,0,0,0.3,25.2,7.0,46441445.1,83.0,559535.4831325301,17338355.77,17.653702853413375,3
a14538f3-7561-4ee0-bae2-9510204faab4,9352eb4a50903868a58a4762f4362a55d5d187ba,4702,KY,Severe Storm,2023-04-10 00:00:00+00:00,2023-03-03 00:00:00+00:00,2023-03-04 00:00:00+00:00,DR,2026-07-20T21:43:12.371Z,2023,4,2,0.8660254037844387,-0.4999999999999998,1.2246467991473532e-16,-1.0,1.0,38.0,South,86,0,0,0,0.3,0,1,0,0,0,0,0,0,0,0,0.3,25.8,38.0,31229376.92,273.0,114393.32205128206,3827464.5,17.256869809752512,3
860fce70-d24f-481a-8396-e6a56dab3d9b,e11a9dba2b2b9ccdca0f63a2965eede1502214e5,4704,IN,Severe Storm,2023-04-15 00:00:00+00:00,2023-03-31 00:00:00+00:00,2023-04-01 00:00:00+00:00,DR,2026-07-20T21:43:12.371Z,2023,4,2,0.8660254037844387,-0.4999999999999998,1.2246467991473532e-16,-1.0,1.0,15.0,Midwest,51,0,0,0,0.3,0,1,0,0,0,0,0,0,0,0,0.3,15.299999999999999,15.0,13788214.24,118.0,116849.27322033899,4078585.11,16.439324817173,0
3ea5f5c6-37a8-42fd-b224-a2adb6b05cec,bbe675ef1d68be50ecb0583cac14539eafc2b3e9,4705,TX,Winter Storm,2023-04-21 00:00:00+00:00,2023-01-30 00:00:00+00:00,2023-02-02 00:00:00+00:00,DR,2024-08-27T18:22:14.800Z,2023,4,2,0.8660254037844387,-0.4999999999999998,1.2246467991473532e-16,-1.0,3.0,81.0,South,371,0,0,0,0.3,0,0,0,0,0,0,0,0,0,0,0.8999999999999999,111.3,243.0,86369973.85,170.0,508058.6697058823,14320564.4,18.274150660067356,3
c1980d8e-94be-4aca-b81a-896eb30e68d0,d1162d5039335105b3cd92701298fc57641b91f2,4706,OK,Tornado,2023-04-24 00:00:00+00:00,2023-04-19 00:00:00+00:00,2023-04-20 00:00:00+00:00,DR,2024-08-27T18:22:14.800Z,2023,4,2,0.8660254037844387,-0.4999999999999998,1.2246467991473532e-16,-1.0,1.0,5.0,South,223,0,0,0,0.44999999999999996,0,0,0,0,1,0,0,0,0,0,0.44999999999999996,100.35,5.0,18433178.53,64.0,288018.41453125,3252465.69,16.729662834028343,3
3490852b-917c-46b8-915d-3b64905cf789,59b68cec73fc99deec42dec63d64e59dc025299f,4707,CA,Winter Storm,2023-04-25 00:00:00+00:00,2023-02-14 00:00:00+00:00,2023-03-05 00:00:00+00:00,DR,2024-08-27T18:22:14.800Z,2023,4,2,0.8660254037844387,-0.4999999999999998,1.2246467991473532e-16,-1.0,19.0,70.0,West,365,0,0,0,0.3,0,0,0,0,0,0,0,0,0,0,5.7,109.5,1330.0,701290.11,6.0,116881.685,237684.57,13.460678357986648,4
2fa8dbeb-9686-4312-bffb-d71a67e48f07,f2c78a6b066588b945c5d717959249aaf5d44991,4708,NV,Flood,2023-04-27 00:00:00+00:00,2023-03-08 00:00:00+00:00,2023-03-19 00:00:00+00:00,DR,2026-07-20T21:43:12.371Z,2023,4,2,0.8660254037844387,-0.4999999999999998,1.2246467991473532e-16,-1.0,11.0,50.0,West,100,0,0,0,0.44999999999999996,0,0,1,0,0,0,0,0,0,0,4.949999999999999,44.99999999999999,550.0,10816787.11,74.0,146172.79878378377,1714899.68,16.196609939810045,4
939400ff-fd96-4e6b-9b78-963452e86b54,2f2ddcf29df7d958d89a9ff60b3c6bd2ddf67c7d,4709,FL,Flood,2023-04-27 00:00:00+00:00,2023-04-12 00:00:00+00:00,2023-04-14 00:00:00+00:00,DR,2026-07-20T21:43:12.371Z,2023,4,2,0.8660254037844387,-0.4999999999999998,1.2246467991473532e-16,-1.0,2.0,15.0,South,174,0,0,0,0.44999999999999996,0,0,1,0,0,0,0,0,0,0,0.8999999999999999,78.3,30.0,54012635.61,105.0,514406.05342857144,11310591.16,17.804728588448473,3
d88022c8-2ef3-4b8d-83da-5a39e95d0220,f9df2c628d6a3c75cd4c8c118780d8fcebf57398,4710,AL,Severe Storm,2023-05-05 00:00:00+00:00,2023-03-24 00:00:00+00:00,2023-03-27 00:00:00+00:00,DR,2026-07-20T21:43:12.371Z,2023,5,2,0.49999999999999994,-0.8660254037844387,1.2246467991473532e-16,-1.0,3.0,42.0,South,100,0,0,0,0.3,0,1,0,0,0,0,0,0,0,0,0.8999999999999999,30.0,126.0,12189470.9,108.0,112865.4712962963,2216319.27,16.316083178123606,3
61e361d5-faf3-4b25-a4f2-1d8aa7b928b2,c05a91635e587405ab91dacbcb08edf2eed77d30,4711,KY,Flood,2023-05-09 00:00:00+00:00,2023-02-15 00:00:00+00:00,2023-02-20 00:00:00+00:00,DR,2026-07-20T21:43:12.371Z,2023,5,2,0.49999999999999994,-0.8660254037844387,1.2246467991473532e-16,-1.0,5.0,83.0,South,87,0,0,0,0.44999999999999996,0,0,1,0,0,0,0,0,0,0,2.25,39.15,415.0,21548216.93,327.0,65896.68785932721,987608.44,16.885803676431067,3
cfe96145-f4ea-475b-8fbb-1992ffe92170,bbbb8f1e94c6258b2bc86eb549b9f30b2ea85da8,4712,TN,Severe Storm,2023-05-17 00:00:00+00:00,2023-03-01 00:00:00+00:00,2023-03-03 00:00:00+00:00,DR,2026-07-20T21:43:12.371Z,2023,5,2,0.49999999999999994,-0.8660254037844387,1.2246467991473532e-16,-1.0,2.0,77.0,South,85,0,0,0,0.3,0,1,0,0,0,0,0,0,0,0,0.6,25.5,154.0,29059096.11,146.0,199034.90486301368,5668661.49,17.18484214576826,3
3a5ad799-669a-4c4b-85ad-59c068f5daf8,498111cfd07f185f76ed66344f295aeef2d8cc9a,4713,CA,Severe Storm,2023-05-18 00:00:00+00:00,2023-02-23 00:00:00+00:00,2023-02-26 00:00:00+00:00,DR,2026-07-20T21:43:12.371Z,2023,5,2,0.49999999999999994,-0.8660254037844387,1.2246467991473532e-16,-1.0,3.0,84.0,West,366,0,0,0,0.3,0,1,0,0,0,0,0,0,0,0,0.8999999999999999,109.8,252.0,233155.44999999998,4.0,58288.862499999996,120999.01,12.359464966447419,4
728ba8fa-e6ce-4123-958e-f97f2c5cb594,3f4864ac42093bf4bb4e297313decd9cfaa65812,4714,CA,Severe Storm,2023-05-25 00:00:00+00:00,2023-03-11 00:00:00+00:00,2023-03-16 00:00:00+00:00,DR,2026-07-20T21:43:12.371Z,2023,5,2,0.49999999999999994,-0.8660254037844387,1.2246467991473532e-16,-1.0,5.0,75.0,West,367,0,0,0,0.3,0,1,0,0,0,0,0,0,0,0,1.5,110.1,375.0,476684.72,4.0,119171.18,209044.45,13.074612684797092,4
2974e157-0060-4149-a77b-25264d08ccd2,22e03b60fb376d17fc360ee886789565cbd99284,4715,GU,Hurricane,2023-05-25 00:00:00+00:00,2023-05-22 00:00:00+00:00,2023-05-29 00:00:00+00:00,DR,2024-08-27T18:22:14.800Z,2023,5,2,0.49999999999999994,-0.8660254037844387,1.2246467991473532e-16,-1.0,7.0,3.0,Other,20,0,0,0,0.6,0,0,0,1,0,0,0,0,0,0,4.2,12.0,21.0,75571626.55,390.0,193773.4014102564,10807651.89,18.14059147375056,2
a817b626-9b09-4b2c-ae7d-fc24e1062a83,1a431822a6f9f14bf438c01a41bd4884f9d96374,4716,MP,Tropical Storm,2023-06-02 00:00:00+00:00,2023-05-22 00:00:00+00:00,2023-05-29 00:00:00+00:00,DR,2024-08-27T18:22:14.800Z,2023,6,2,1.2246467991473532e-16,-1.0,1.2246467991473532e-16,-1.0,7.0,11.0,Other,24,0,0,0,0.0,0,0,0,0,0,0,0,0,0,0,0.0,0.0,77.0,1544004.64,26.0,59384.79384615384,322107.92,14.249890662409928,2
6e2daed4-5435-4629-b8fc-ea9441c54c0e,7e3fa57a5983b97476eeb74f5cd3ee5cfe1c6a33,4717,ND,Flood,2023-07-05 00:00:00+00:00,2023-04-10 00:00:00+00:00,2023-05-06 00:00:00+00:00,DR,2024-08-27T18:22:14.800Z,2023,7,3,-0.4999999999999997,-0.8660254037844388,-1.0,-1.8369701987210297e-16,26.0,86.0,Midwest,68,0,0,0,0.44999999999999996,0,0,1,0,0,0,0,0,0,0,11.7,30.599999999999998,2236.0,6541703.41,116.0,56393.9949137931,752559.0,15.69370830262952,0
857d06d5-ea88-4a9d-8257-2dd727ab5231,f2bd8ed5092dedcb364726755cc4f29f34547ec1,4718,SD,Flood,2023-07-06 00:00:00+00:00,2023-04-09 00:00:00+00:00,2023-05-05 00:00:00+00:00,DR,2024-08-27T18:22:14.800Z,2023,7,3,-0.4999999999999997,-0.8660254037844388,-1.0,-1.8369701987210297e-16,26.0,88.0,Midwest,90,0,0,0,0.44999999999999996,0,0,1,0,0,0,0,0,0,0,11.7,40.49999999999999,2288.0,5807637.11,154.0,37711.92928571429,481418.56,15.574684524661192,0
0bd774f6-9d0f-4b85-a357-5374e80df631,de8ac221bc7f53e48a72a5765d86daf8337050f4,4719,ME,Flood,2023-07-06 00:00:00+00:00,2023-04-30 00:00:00+00:00,2023-05-01 00:00:00+00:00,DR,2024-08-27T18:22:14.800Z,2023,7,3,-0.4999999999999997,-0.8660254037844388,-1.0,-1.8369701987210297e-16,1.0,67.0,Northeast,64,0,0,0,0.44999999999999996,0,0,1,0,0,0,0,0,0,0,0.44999999999999996,28.799999999999997,67.0,13576312.93,263.0,51620.96171102661,899967.03,16.423837209523956,1
c792ad32-fe0b-4e35-a26e-d34f320592ec,0031adc0d33a116d49a475142d5702c10bd2ab14,4720,VT,Flood,2023-07-14 00:00:00+00:00,2023-07-07 00:00:00+00:00,2023-07-21 00:00:00+00:00,DR,2026-07-20T21:43:12.371Z,2023,7,3,-0.4999999999999997,-0.8660254037844388,-1.0,-1.8369701987210297e-16,14.0,7.0,Northeast,54,0,0,0,0.44999999999999996,0,0,1,0,0,0,0,0,0,0,6.299999999999999,24.299999999999997,98.0,269272647.15,1482.0,181695.44342105262,22764511.67,19.41123498615498,1
e4db6323-8742-42f2-848a-786be4e02ea0,d446209526d36fd70a8137cf26b07610750bb353,4721,OK,Severe Storm,2023-07-19 00:00:00+00:00,2023-06-14 00:00:00+00:00,2023-06-18 00:00:00+00:00,DR,2026-07-20T21:43:12.371Z,2023,7,3,-0.4999999999999997,-0.8660254037844388,-1.0,-1.8369701987210297e-16,4.0,35.0,South,224,0,0,0,0.3,0,1,0,0,0,0,0,0,0,0,1.2,67.2,140.0,41088014.91,352.0,116727.31508522727,2258496.16,17.531227053249374,3
9b077039-6c4b-4c92-b421-13d655c8b8dd,356df8cb735a0c6c5a35f463e614c863c3416799,4722,MN,Flood,2023-07-19 00:00:00+00:00,2023-04-11 00:00:00+00:00,2023-04-30 00:00:00+00:00,DR,2026-07-20T21:43:12.371Z,2023,7,3,-0.4999999999999997,-0.8660254037844388,-1.0,-1.8369701987210297e-16,19.0,99.0,Midwest,77,0,0,0,0.44999999999999996,0,0,1,0,0,0,0,0,0,0,8.549999999999999,34.65,1881.0,10772296.16,421.0,25587.401805225654,1093204.4,16.192488318868072,0
ffb33e6c-c1ca-40b1-a491-eddb29a828d1,d06c7c8405532da20faf0bd25af7176875ccb1b4,4723,NY,Severe Storm,2023-07-22 00:00:00+00:00,2023-07-09 00:00:00+00:00,2023-07-10 00:00:00+00:00,DR,2026-07-20T21:43:12.371Z,2023,7,3,-0.4999999999999997,-0.8660254037844388,-1.0,-1.8369701987210297e-16,1.0,13.0,Northeast,110,0,0,0,0.3,0,1,0,0,0,0,0,0,0,0,0.3,33.0,13.0,64063328.8,382.0,167705.04921465967,5161914.07,17.975382680188723,1
b8f218f7-9064-4134-a3a8-debdf0525800,193c142a0a7b48c4c9374b963577f316688f9739,4724,HI,Fire,2023-08-10 00:00:00+00:00,2023-08-08 00:00:00+00:00,2023-09-30 00:00:00+00:00,DR,2024-08-27T18:22:14.800Z,2023,8,3,-0.8660254037844385,-0.5000000000000004,-1.0,-1.8369701987210297e-16,53.0,2.0,West,66,0,0,0,0.3,1,0,0,0,0,0,0,0,0,0,15.899999999999999,19.8,106.0,742163541.34,194.0,3825585.2646391755,212920650.82,20.425080184311806,4
2ddf65a3-f23c-403a-a1c9-68722f5e14b9,feefef75242bb3d983b07cb9037afbe71084a320,4725,NJ,Severe Storm,2023-08-11 00:00:00+00:00,2023-07-14 00:00:00+00:00,2023-07-15 00:00:00+00:00,DR,2024-08-27T18:22:14.800Z,2023,8,3,-0.8660254037844385,-0.5000000000000004,-1.0,-1.8369701987210297e-16,1.0,28.0,Northeast,57,0,0,0,0.3,0,1,0,0,0,0,0,0,0,0,0.3,17.099999999999998,28.0,17271844.92,125.0,138174.75936000003,3840962.99,16.664588330340326,1
7b11444a-cae5-4fe4-9433-9c358e3a00ec,74fbdb101417191c13f16ba521ba3f504f564894,4726,MT,Flood,2023-08-12 00:00:00+00:00,2023-04-10 00:00:00+00:00,2023-04-26 00:00:00+00:00,DR,2024-08-27T18:22:14.800Z,2023,8,3,-0.8660254037844385,-0.5000000000000004,-1.0,-1.8369701987210297e-16,16.0,124.0,West,98,0,0,0,0.44999999999999996,0,0,1,0,0,0,0,0,0,0,7.199999999999999,44.099999999999994,1984.0,1253511.75,34.0,36867.992647058825,167343.0,14.0414603680485,4
436a0922-2811-498d-9362-42406333a280,955faa116f54cc4c9fb7cda8ca28e23b758dc94f,4727,MS,Severe Storm,2023-08-12 00:00:00+00:00,2023-06-14 00:00:00+00:00,2023-06-19 00:00:00+00:00,DR,2026-07-20T21:43:12.371Z,2023,8,3,-0.8660254037844385,-0.5000000000000004,-1.0,-1.8369701987210297e-16,5.0,59.0,South,92,0,0,0,0.3,0,1,0,0,0,0,0,0,0,0,1.5,27.599999999999998,295.0,9389841.72,78.0,120382.58615384616,2688078.95,16.05513910131041,3
8c686c26-cb2a-4e23-b152-7fd19bda74a0,c0322f649e31a5a224612ba30de5a379534110e9,4728,IL,Severe Storm,2023-08-15 00:00:00+00:00,2023-06-29 00:00:00+00:00,2023-07-02 00:00:00+00:00,DR,2026-07-20T21:43:12.371Z,2023,8,3,-0.8660254037844385,-0.5000000000000004,-1.0,-1.8369701987210297e-16,3.0,47.0,Midwest,65,0,0,0,0.3,0,1,0,0,0,0,0,0,0,0,0.8999999999999999,19.5,141.0,24706004.41,214.0,115448.61873831776,5533749.31,17.02255690605402,0
4c9368ce-5e82-4e70-8a28-1fe368dac177,27cd0f663d38a936066c56434f98bba8582e7046,4729,TN,Severe Storm,2023-08-17 00:00:00+00:00,2023-06-25 00:00:00+00:00,2023-06-26 00:00:00+00:00,DR,2024-08-27T18:22:14.800Z,2023,8,3,-0.8660254037844385,-0.5000000000000004,-1.0,-1.8369701987210297e-16,1.0,53.0,South,86,0,0,0,0.3,0,1,0,0,0,0,0,0,0,0,0.3,25.8,53.0,20898992.88,45.0,464422.06399999995,11432826.26,16.85521157606337,3
c09b2be3-a4c4-4a40-962b-01c9f27201bb,0f2679cba116f36c5725e16810d82aa4f972f8b2,4730,AK,Flood,2023-08-23 00:00:00+00:00,2023-05-12 00:00:00+00:00,2023-06-03 00:00:00+00:00,DR,2024-08-27T18:22:14.800Z,2023,8,3,-0.8660254037844385,-0.5000000000000004,-1.0,-1.8369701987210297e-16,22.0,103.0,West,80,0,0,0,0.44999999999999996,0,0,1,0,0,0,0,0,0,0,9.899999999999999,36.0,2266.0,18355026.88,67.0,273955.6250746269,4009660.59,16.72541409384409,4
306e9c35-8138-4e6c-ac99-253b0e0e7146,6a0117992d41533f6ffa1f64f17f8290e9bab82e,4731,CO,Flood,2023-08-25 00:00:00+00:00,2023-06-08 00:00:00+00:00,2023-06-23 00:00:00+00:00,DR,2026-07-20T21:43:12.371Z,2023,8,3,-0.8660254037844385,-0.5000000000000004,-1.0,-1.8369701987210297e-16,15.0,78.0,West,101,0,0,0,0.44999999999999996,0,0,1,0,0,0,0,0,0,0,6.749999999999999,45.449999999999996,1170.0,20536842.8,130.0,157975.71384615384,1331349.08,16.837731089508626,4
4b9d24f6-0c45-4fbc-808a-0558f081763a,2e34503f8426ed5ab2856f4256cec1008ab17438,4732,IA,Flood,2023-08-25 00:00:00+00:00,2023-04-24 00:00:00+00:00,2023-05-13 00:00:00+00:00,DR,2024-08-27T18:22:14.800Z,2023,8,3,-0.8660254037844385,-0.5000000000000004,-1.0,-1.8369701987210297e-16,19.0,123.0,Midwest,73,0,0,0,0.44999999999999996,0,0,1,0,0,0,0,0,0,0,8.549999999999999,32.849999999999994,2337.0,8210572.35,63.0,130326.54523809523,4071072.32,15.920933314556605,0
f6d88eff-3933-4289-b58d-7ec678affce2,539e663e514e6bb88ca564a23c22d6fff9ed7b9a,4733,OR,Mud/Landslide,2023-08-28 00:00:00+00:00,2023-06-11 00:00:00+00:00,2023-06-12 00:00:00+00:00,DR,2026-07-20T21:43:12.371Z,2023,8,3,-0.8660254037844385,-0.5000000000000004,-1.0,-1.8369701987210297e-16,1.0,78.0,West,144,0,0,0,0.0,0,0,0,0,0,0,0,0,0,0,0.0,0.0,78.0,2175995.67,12.0,181332.9725,945183.26,14.592997356625917,4
ec1f780e-0c46-410b-a878-82fbc70282b2,7db4a21869a2e177cd2f6b84948fa9983782d057,3597,SC,Hurricane,2023-08-31 00:00:00+00:00,2023-08-29 00:00:00+00:00,2023-09-03 00:00:00+00:00,EM,2026-07-09T19:21:18.108Z,2023,8,3,-0.8660254037844385,-0.5000000000000004,-1.0,-1.8369701987210297e-16,5.0,2.0,South,40,0,0,0,0.6,0,0,0,1,0,0,0,0,0,0,3.0,24.0,10.0,2604180.73,58.0,44899.667758620686,277249.14,14.772629068661955,3
ecd4f4ff-ef3a-414e-8e8f-329cf892af3e,e30e011480920ae291e061369679816d8c0cec89,4734,FL,Hurricane,2023-08-31 00:00:00+00:00,2023-08-27 00:00:00+00:00,2023-09-04 00:00:00+00:00,DR,2026-07-20T21:43:12.371Z,2023,8,3,-0.8660254037844385,-0.5000000000000004,-1.0,-1.8369701987210297e-16,8.0,4.0,South,176,0,0,0,0.6,0,0,0,1,0,0,0,0,0,0,4.8,105.6,32.0,451901528.46999997,925.0,488542.1929405405,184696681.42,19.928974858907758,3
df78324a-5714-429c-82e5-5ac2baa9c1b7,365ae6efcbac3358d2f1e76cc6803bfe869a5101,4735,TN,Severe Storm,2023-09-04 00:00:00+00:00,2023-07-18 00:00:00+00:00,2023-07-21 00:00:00+00:00,DR,2024-08-27T18:22:14.800Z,2023,9,3,-1.0,-1.8369701987210297e-16,-1.0,-1.8369701987210297e-16,3.0,48.0,South,87,0,0,0,0.3,0,1,0,0,0,0,0,0,0,0,0.8999999999999999,26.099999999999998,144.0,14606351.99,29.0,503667.31,11423844.74,16.496967128335587,3
ee3d71a9-eafe-4656-896a-45efa7634012,4dd0b4bfdc7ceb5b569f0e82128a454f913d1d42,4736,ME,Flood,2023-09-05 00:00:00+00:00,2023-06-29 00:00:00+00:00,2023-06-29 00:00:00+00:00,DR,2026-07-20T21:43:12.371Z,2023,9,3,-1.0,-1.8369701987210297e-16,-1.0,-1.8369701987210297e-16,0.0,68.0,Northeast,65,0,0,0,0.44999999999999996,0,0,1,0,0,0,0,0,0,0,0.0,29.249999999999996,0.0,3786643.42,18.0,210369.07888888888,1260100.89,15.146990807571912,1
b886570a-fa8a-42bc-b1eb-db07635a73ab,7e5ce5f8dde95c162086c3b0c4ceaf3b1af41189,4737,ME,Flood,2023-09-06 00:00:00+00:00,2023-06-26 00:00:00+00:00,2023-06-26 00:00:00+00:00,DR,2026-07-20T21:43:12.371Z,2023,9,3,-1.0,-1.8369701987210297e-16,-1.0,-1.8369701987210297e-16,0.0,72.0,Northeast,66,0,0,0,0.44999999999999996,0,0,1,0,0,0,0,0,0,0,0.0,29.699999999999996,0.0,1007524.0800000001,9.0,111947.12000000001,239695.36,13.82300746579339,1
6da54e01-efa0-409f-a989-658722f575ff,f1909ed07f3226d25b378fc31c6531339e9d595f,4738,GA,Hurricane,2023-09-07 00:00:00+00:00,2023-08-30 00:00:00+00:00,2023-08-30 00:00:00+00:00,DR,2026-07-20T21:43:12.371Z,2023,9,3,-1.0,-1.8369701987210297e-16,-1.0,-1.8369701987210297e-16,0.0,8.0,South,73,0,0,0,0.6,0,0,0,1,0,0,0,0,0,0,0.0,43.8,0.0,58833408.37,281.0,209371.56003558717,8583592.25,17.890220438076614,3
d4581647-a8c4-4480-aa81-c17777a521ed,c2100607d181776f366f2abdc0d8beb382113de2,4739,WY,Flood,2023-09-11 00:00:00+00:00,2023-06-15 00:00:00+00:00,2023-06-15 00:00:00+00:00,DR,2024-08-27T18:22:14.800Z,2023,9,3,-1.0,-1.8369701987210297e-16,-1.0,-1.8369701987210297e-16,0.0,88.0,West,38,0,0,0,0.44999999999999996,0,0,1,0,0,0,0,0,0,0,0.0,17.099999999999998,0.0,899510.2,18.0,49972.788888888885,343526.25,13.709606783657074,4
cdf15be5-6df1-42c3-8367-2959b9d6b75f,76af3f9fade3570a242c42f44728629010bc561f,3598,ME,Hurricane,2023-09-14 00:00:00+00:00,2023-09-15 00:00:00+00:00,2023-09-17 00:00:00+00:00,EM,2026-03-24T19:21:12.132Z,2023,9,3,-1.0,-1.8369701987210297e-16,-1.0,-1.8369701987210297e-16,2.0,0.0,Northeast,67,0,0,0,0.6,0,0,0,1,0,0,0,0,0,0,1.2,40.199999999999996,0.0,21090.56,2.0,10545.28,17033.06,9.956628239442818,1
ecb4e1e8-b468-4a83-993a-2882f706c485,b776aed32c2ee02a3767d468dc82130c792023ed,4740,NH,Flood,2023-09-14 00:00:00+00:00,2023-07-09 00:00:00+00:00,2023-07-17 00:00:00+00:00,DR,2026-07-20T21:43:12.371Z,2023,9,3,-1.0,-1.8369701987210297e-16,-1.0,-1.8369701987210297e-16,8.0,67.0,Northeast,58,0,0,0,0.44999999999999996,0,0,1,0,0,0,0,0,0,0,3.5999999999999996,26.099999999999998,536.0,16430348.68,164.0,100185.05292682926,3886454.22,16.61464077280584,1
a87b2b4d-8060-43f6-bd30-68eb3fd68720,5e7f8defb7437df64048eafef7722aeaf9876cff,3599,MA,Hurricane,2023-09-15 00:00:00+00:00,2023-09-15 00:00:00+00:00,2023-09-17 00:00:00+00:00,EM,2024-08-27T18:22:14.800Z,2023,9,3,-1.0,-1.8369701987210297e-16,-1.0,-1.8369701987210297e-16,2.0,0.0,Northeast,56,0,0,0,0.6,0,0,0,1,0,0,0,0,0,0,1.2,33.6,0.0,194207.73,4.0,48551.9325,173126.76,12.176688787485,1
c7946d20-5dda-467e-943e-8e6985bf4855,95fd434430c79fdd713dada3e5f12a80eabd10fb,4741,MO,Severe Storm,2023-09-21 00:00:00+00:00,2023-07-29 00:00:00+00:00,2023-08-14 00:00:00+00:00,DR,2026-07-20T21:43:12.371Z,2023,9,3,-1.0,-1.8369701987210297e-16,-1.0,-1.8369701987210297e-16,16.0,54.0,Midwest,77,0,0,0,0.3,0,1,0,0,0,0,0,0,0,0,4.8,23.099999999999998,864.0,15878785.28,217.0,73174.1257142857,1648100.34,16.58049458013181,0
3ab98ddb-7f7f-404a-a63f-5cd251cfd1a2,c8574c5c18dbf3c8b9a6f4a0121b363711f76ed5,3600,LA,Other,2023-09-27 00:00:00+00:00,2023-09-20 00:00:00+00:00,2024-02-09 00:00:00+00:00,EM,2026-07-20T21:43:12.371Z,2023,9,3,-1.0,-1.8369701987210297e-16,-1.0,-1.8369701987210297e-16,142.0,7.0,South,105,0,0,0,0.0,0,0,0,0,0,0,0,0,0,0,0.0,0.0,994.0,33234337.27,19.0,1749175.6457894736,16523262.14,17.31909418462322,3
25811989-9216-4520-bc92-0833b473bc35,c9ec10f75b8bc5b355fa848bd72368b59e3805f7,4742,TN,Severe Storm,2023-09-27 00:00:00+00:00,2023-08-07 00:00:00+00:00,2023-08-07 00:00:00+00:00,DR,2026-07-20T21:43:12.371Z,2023,9,3,-1.0,-1.8369701987210297e-16,-1.0,-1.8369701987210297e-16,0.0,51.0,South,88,0,0,0,0.3,0,1,0,0,0,0,0,0,0,0,0.0,26.4,0.0,10089089.39,54.0,186834.9887037037,2829419.99,16.126965238612947,3
29ef1256-444b-4886-b54a-64ab84af9923,22258a254649467fcc0f556bb38d38a58413364b,4743,CA,Hurricane,2023-09-27 00:00:00+00:00,2023-08-19 00:00:00+00:00,2023-08-21 00:00:00+00:00,DR,2026-07-20T21:43:12.371Z,2023,9,3,-1.0,-1.8369701987210297e-16,-1.0,-1.8369701987210297e-16,2.0,39.0,West,368,0,0,0,0.6,0,0,0,1,0,0,0,0,0,0,1.2,220.79999999999998,78.0,1293663.48,5.0,258732.696,1118304.99,14.072989431395497,4
4ce9a9c8-9270-414d-83f7-d4b12fc25f0b,f600a8e417cc8c5aa35ec0acdbc00e6cd3ea5ccd,4744,VT,Flood,2023-10-06 00:00:00+00:00,2023-08-03 00:00:00+00:00,2023-08-05 00:00:00+00:00,DR,2026-07-20T21:43:12.371Z,2023,10,4,-0.8660254037844386,0.5000000000000001,-2.4492935982947064e-16,1.0,2.0,64.0,Northeast,55,0,0,0,0.44999999999999996,0,0,1,0,0,0,0,0,0,0,0.8999999999999999,24.749999999999996,128.0,3732792.34,46.0,81147.65956521739,536668.47,15.132667396064257,1
4f90d9ab-8a92-4f06-98b2-7cc5b814acd1,b09a934f94947f9cbb369d66176a64d1555a887b,4745,MT,Flood,2023-10-11 00:00:00+00:00,2023-06-01 00:00:00+00:00,2023-06-08 00:00:00+00:00,DR,2024-08-27T18:22:14.800Z,2023,10,4,-0.8660254037844386,0.5000000000000001,-2.4492935982947064e-16,1.0,7.0,132.0,West,100,0,0,0,0.44999999999999996,0,0,1,0,0,0,0,0,0,0,3.1499999999999995,44.99999999999999,924.0,2869261.82,39.0,73570.8158974359,832033.13,14.869565697599501,4
dc429086-e8c5-4f45-b681-17626736d62f,278b2dd38ab6d4e7b19af6ea37c9716986befb76,4746,CA,Tropical Storm,2023-10-18 00:00:00+00:00,2023-08-19 00:00:00+00:00,2023-08-21 00:00:00+00:00,DR,2026-07-20T21:43:12.371Z,2023,10,4,-0.8660254037844386,0.5000000000000001,-2.4492935982947064e-16,1.0,2.0,60.0,West,369,0,0,0,0.0,0,0,0,0,0,0,0,0,0,0,0.0,0.0,120.0,543053.87,8.0,67881.73375,229995.33,13.20496564353465,4
ebc9054e-78b3-4389-a4de-ba336bfc8201,0fa4af39c9861f57d7f8ceee3094ca71e748a610,4747,KS,Severe Storm,2023-10-26 00:00:00+00:00,2023-07-14 00:00:00+00:00,2023-07-21 00:00:00+00:00,DR,2026-07-20T21:43:12.371Z,2023,10,4,-0.8660254037844386,0.5000000000000001,-2.4492935982947064e-16,1.0,7.0,104.0,Midwest,83,0,0,0,0.3,0,1,0,0,0,0,0,0,0,0,2.1,24.9,728.0,10451155.06,103.0,101467.52485436894,1511537.35,16.162223158007492,0
bfe1455e-10e2-4eeb-b167-ed56cc646ae3,cc062c9e0a86075ad482ff742a40a31ab25f5263,4748,AR,Severe Storm,2023-11-14 00:00:00+00:00,2023-06-25 00:00:00+00:00,2023-06-26 00:00:00+00:00,DR,2026-07-20T21:43:12.371Z,2023,11,4,-0.5000000000000004,0.8660254037844384,-2.4492935982947064e-16,1.0,1.0,142.0,South,81,0,0,0,0.3,0,1,0,0,0,0,0,0,0,0,0.3,24.3,142.0,4228835.57,39.0,108431.68128205129,1319825.33,15.257437470638129,3
008005f5-fdd7-4bf1-8c92-11f751804502,61d10a4e9804c5467cddcfe2de54a4fe835ac167,3603,VI,Other,2023-11-18 00:00:00+00:00,2023-10-25 00:00:00+00:00,2024-01-23 00:00:00+00:00,EM,2025-11-10T15:21:24.445Z,2023,11,4,-0.5000000000000004,0.8660254037844384,-2.4492935982947064e-16,1.0,90.0,24.0,Other,30,0,0,0,0.0,0,0,0,0,0,0,0,0,0,0,0.0,0.0,2160.0,1216773.76,5.0,243354.752,506422.8,14.0117142767798,2
374b6bbf-0201-4d10-b18f-2213e1dd7e9f,337bfe89e053f3b9211c5d7fe4b07a85b126850d,4750,CA,Hurricane,2023-11-21 00:00:00+00:00,2023-08-19 00:00:00+00:00,2023-08-21 00:00:00+00:00,DR,2026-07-20T21:43:12.371Z,2023,11,4,-0.5000000000000004,0.8660254037844384,-2.4492935982947064e-16,1.0,2.0,94.0,West,370,0,0,0,0.6,0,0,0,1,0,0,0,0,0,0,1.2,222.0,188.0,33108361.61,178.0,186002.03151685392,5092523.13,17.31529645526525,4
009c0533-e2ea-4c08-8726-a6ba0db84a1a,4830eb748dd3e786b4439c0777a83520ad1d9df7,4751,TN,Severe Storm,2023-12-13 00:00:00+00:00,2023-12-09 00:00:00+00:00,2023-12-09 00:00:00+00:00,DR,2026-07-20T21:43:12.371Z,2023,12,4,-2.4492935982947064e-16,1.0,-2.4492935982947064e-16,1.0,0.0,4.0,South,89,0,0,0,0.3,0,1,0,0,0,0,0,0,0,0,0.0,26.7,0.0,16717402.879999999,72.0,232186.1511111111,5901493.72,16.631960883230214,3
8367f018-255b-4193-8b32-b636fe119822,9bd52e22db34f0e1ecc438284bbe5d19d0c75233,4752,UT,Flood,2023-12-23 00:00:00+00:00,2023-05-01 00:00:00+00:00,2023-05-27 00:00:00+00:00,DR,2024-08-27T18:22:14.800Z,2023,12,4,-2.4492935982947064e-16,1.0,-2.4492935982947064e-16,1.0,26.0,236.0,West,51,0,0,0,0.44999999999999996,0,0,1,0,0,0,0,0,0,0,11.7,22.95,6136.0,14499307.36,56.0,258916.20285714284,3930000.0,16.48961150694281,4
51d60124-c451-4324-a7bd-9b13b3e2b35b,e7eec4dbda284bb154e7e7ce2bfb4b39cb4a781a,4754,ME,Severe Storm,2024-01-30 00:00:00+00:00,2023-12-17 00:00:00+00:00,2023-12-21 00:00:00+00:00,DR,2026-07-20T21:43:12.371Z,2024,1,1,0.49999999999999994,0.8660254037844387,1.0,6.123233995736766e-17,4.0,44.0,Northeast,68,0,0,0,0.3,0,1,0,0,0,0,0,0,0,0,1.2,20.4,176.0,38123413.05,593.0,64289.060792580094,1188738.68,17.456339193338074,1
4ea5b423-286b-4cab-99d9-2f755d147bde,0c516ab28da662592ed406f1643cf4381857e084,4755,NY,Flood,2024-01-30 00:00:00+00:00,2023-09-28 00:00:00+00:00,2023-09-30 00:00:00+00:00,DR,2026-07-20T21:43:12.371Z,2024,1,1,0.49999999999999994,0.8660254037844387,1.0,6.123233995736766e-17,2.0,124.0,Northeast,111,0,0,0,0.44999999999999996,0,0,1,0,0,0,0,0,0,0,0.8999999999999999,49.949999999999996,248.0,12342581.69,172.0,71759.19587209303,1029065.93,16.328565848707864,1
edac8caa-cf1f-43ca-b0dd-c8dde03b6faa,3014e384ec6f5b6c490cd27d466d018d4a9ea0e8,4756,WV,Flood,2024-01-30 00:00:00+00:00,2023-08-28 00:00:00+00:00,2023-08-30 00:00:00+00:00,DR,2026-07-20T21:43:12.371Z,2024,1,1,0.49999999999999994,0.8660254037844387,1.0,6.123233995736766e-17,2.0,155.0,South,77,0,0,0,0.44999999999999996,0,0,1,0,0,0,0,0,0,0,0.8999999999999999,34.65,310.0,5621531.62,27.0,208204.87481481483,2069995.29,15.542114892876809,3
6e3d27ea-2e4e-4d62-9f85-39bc09059712,e2b1e5d48d044bd7bee49524fdbf9f0d30dce028,4759,WA,Fire,2024-02-15 00:00:00+00:00,2023-08-18 00:00:00+00:00,2023-08-25 00:00:00+00:00,DR,2024-08-27T18:22:14.800Z,2024,2,1,0.8660254037844386,0.5000000000000001,1.0,6.123233995736766e-17,7.0,181.0,West,201,0,0,0,0.3,1,0,0,0,0,0,0,0,0,0,2.1,60.3,1267.0,6344861.2,29.0,218788.31724137932,1304796.51,15.663155941006687,4
492b0779-c266-46f5-9b7a-a486b6fdac7a,0fb1b95a30994c816f2b6edd9ddffdae68d42540,4760,ND,Winter Storm,2024-02-15 00:00:00+00:00,2023-12-25 00:00:00+00:00,2023-12-27 00:00:00+00:00,DR,2024-08-27T18:22:14.800Z,2024,2,1,0.8660254037844386,0.5000000000000001,1.0,6.123233995736766e-17,2.0,52.0,Midwest,69,0,0,0,0.3,0,0,0,0,0,0,0,0,0,0,0.6,20.7,104.0,11739996.120000001,57.0,205964.84421052632,1404721.53,16.278512127049034,0
73ff4d5b-bc7d-46b0-9800-e85db403cec5,870785769a28de48345bc93061d0096db24defa6,4761,NH,Severe Storm,2024-02-27 00:00:00+00:00,2023-12-17 00:00:00+00:00,2023-12-21 00:00:00+00:00,DR,2026-07-20T21:43:12.371Z,2024,2,1,0.8660254037844386,0.5000000000000001,1.0,6.123233995736766e-17,4.0,72.0,Northeast,59,0,0,0,0.3,0,1,0,0,0,0,0,0,0,0,1.2,17.7,288.0,4128806.42,113.0,36538.10991150443,472777.68,15.233499162947378,1
6e3c2bdb-a560-4945-b76b-56f8d91a3f2a,d767c95c2c4165f9cc30fd03c9e4d358c558ae13,4762,VT,Severe Storm,2024-03-02 00:00:00+00:00,2023-12-18 00:00:00+00:00,2023-12-19 00:00:00+00:00,DR,2026-07-20T21:43:12.371Z,2024,3,1,1.0,6.123233995736766e-17,1.0,6.123233995736766e-17,1.0,75.0,Northeast,56,0,0,0,0.3,0,1,0,0,0,0,0,0,0,0,0.3,16.8,75.0,6531760.56,68.0,96055.30235294117,676559.25,15.692187229038193,1
7bec2f51-4f56-40b3-ab70-d1681999d1fe,21e904b4d15c99263475b96b0efdf44538242002,4764,ME,Severe Storm,2024-03-20 00:00:00+00:00,2024-01-09 00:00:00+00:00,2024-01-13 00:00:00+00:00,DR,2026-07-20T21:43:12.371Z,2024,3,1,1.0,6.123233995736766e-17,1.0,6.123233995736766e-17,4.0,71.0,Northeast,69,0,0,0,0.3,0,1,0,0,0,0,0,0,0,0,1.2,20.7,284.0,50611890.41,389.0,130107.68742930591,5718488.39,17.73969711475038,1
898b1ce5-59fd-4c02-8f81-5192c2bd6169,b23735fd7bee98b081f1e642aa87b2ae9f083e17,4766,RI,Severe Storm,2024-03-20 00:00:00+00:00,2024-01-09 00:00:00+00:00,2024-01-13 00:00:00+00:00,DR,2024-08-27T18:22:14.800Z,2024,3,1,1.0,6.123233995736766e-17,1.0,6.123233995736766e-17,4.0,71.0,Northeast,30,0,0,0,0.3,0,1,0,0,0,0,0,0,0,0,1.2,9.0,284.0,4859651.74,78.0,62303.22743589744,792271.21,15.396477540648915,1
182b90ed-4cd4-4d98-9a7e-61a02b37d7cd,bebe234f33470c30104855922257a1f55cc00e75,4767,AK,Mud/Landslide,2024-04-06 00:00:00+00:00,2023-11-20 00:00:00+00:00,2023-11-20 00:00:00+00:00,DR,2026-07-20T21:43:12.371Z,2024,4,2,0.8660254037844387,-0.4999999999999998,1.2246467991473532e-16,-1.0,0.0,138.0,West,82,0,0,0,0.0,0,0,0,0,0,0,0,0,0,0,0.0,0.0,0.0,1375791.1500000001,11.0,125071.92272727274,478281.06,14.134540232286586,4
2d93b4d9-0d60-4bee-9106-d7b08a411386,07a8f7b72527bbcc875911457beb41661332a38b,4768,OR,Severe Storm,2024-04-13 00:00:00+00:00,2024-01-10 00:00:00+00:00,2024-01-22 00:00:00+00:00,DR,2024-08-27T18:22:14.800Z,2024,4,2,0.8660254037844387,-0.4999999999999998,1.2246467991473532e-16,-1.0,12.0,94.0,West,145,0,0,0,0.3,0,1,0,0,0,0,0,0,0,0,3.5999999999999996,43.5,1128.0,40483246.65,302.0,134050.4855960265,8897254.65,17.516398808233255,4
5d79f103-ce8f-463d-b259-b37264d128a0,0f39d01196a7f1d82890a1bc57d8d8506994dae2,4769,CA,Severe Storm,2024-04-13 00:00:00+00:00,2024-01-31 00:00:00+00:00,2024-02-09 00:00:00+00:00,DR,2026-07-20T21:43:12.371Z,2024,4,2,0.8660254037844387,-0.4999999999999998,1.2246467991473532e-16,-1.0,9.0,73.0,West,372,0,0,0,0.3,0,1,0,0,0,0,0,0,0,0,2.6999999999999997,111.6,657.0,34200967.13,218.0,156885.17032110092,5092523.13,17.34776450952691,4
0614f249-4e29-434c-a46f-16afcd3b32d5,f9909aeecf9946be387a771b83dfca92c93a70cc,4770,VT,Severe Storm,2024-04-19 00:00:00+00:00,2024-01-09 00:00:00+00:00,2024-01-13 00:00:00+00:00,DR,2024-08-27T18:22:14.800Z,2024,4,2,0.8660254037844387,-0.4999999999999998,1.2246467991473532e-16,-1.0,4.0,101.0,Northeast,57,0,0,0,0.3,0,1,0,0,0,0,0,0,0,0,1.2,17.099999999999998,404.0,4466206.14,15.0,297747.076,4039702.81,15.312050091856134,1
dabc4a8d-220a-49c8-863a-7b8dbb3e73c8,a683d6e94dc5c4652605390bcf4223a6757edc85,4771,NH,Severe Storm,2024-04-19 00:00:00+00:00,2024-01-09 00:00:00+00:00,2024-01-14 00:00:00+00:00,DR,2026-07-20T21:43:12.371Z,2024,4,2,0.8660254037844387,-0.4999999999999998,1.2246467991473532e-16,-1.0,5.0,101.0,Northeast,60,0,0,0,0.3,0,1,0,0,0,0,0,0,0,0,1.5,18.0,505.0,3710772.84,61.0,60832.34163934426,931802.25,15.126750995043615,1
a4829e66-3f3e-42ff-a241-0b45b1b6d6b3,9be9026848b36f596e8d1971007b4931c41d75bb,4772,CA,Severe Storm,2024-04-19 00:00:00+00:00,2024-01-31 00:00:00+00:00,2024-02-09 00:00:00+00:00,DR,2026-07-20T21:43:12.371Z,2024,4,2,0.8660254037844387,-0.4999999999999998,1.2246467991473532e-16,-1.0,9.0,79.0,West,373,0,0,0,0.3,0,1,0,0,0,0,0,0,0,0,2.6999999999999997,111.89999999999999,711.0,1734151.75,4.0,433537.9375,1065001.5,14.36602952356163,4
bb07fd54-1974-4e58-ad3d-f3b3823cffa9,b3d49e21cee4ecf10bf814f36c35045eea066c7a,4773,CA,Severe Storm,2024-04-19 00:00:00+00:00,2024-01-30 00:00:00+00:00,2024-01-31 00:00:00+00:00,DR,2024-08-27T18:22:14.800Z,2024,4,2,0.8660254037844387,-0.4999999999999998,1.2246467991473532e-16,-1.0,1.0,80.0,West,374,0,0,0,0.3,0,1,0,0,0,0,0,0,0,0,0.3,112.2,80.0,204081.9,7.0,29154.557142857142,96344.87,12.226281562828412,4
ca1fc9ea-676d-499b-8221-f99328c64226,61c209a1829ef76915eb8d7f3142ec310306df6a,4774,KS,Winter Storm,2024-04-28 00:00:00+00:00,2024-01-08 00:00:00+00:00,2024-01-16 00:00:00+00:00,DR,2024-08-27T18:22:14.800Z,2024,4,2,0.8660254037844387,-0.4999999999999998,1.2246467991473532e-16,-1.0,8.0,111.0,Midwest,84,0,0,0,0.3,0,0,0,0,0,0,0,0,0,0,2.4,25.2,888.0,12329228.03,95.0,129781.34768421052,2745807.0,16.327483345205035,0
14011e7d-a6c0-4eb9-a9ee-34b4e933c63a,62ec62184af2d3833e237331c38ef240d846d61e,4775,WA,Severe Storm,2024-04-28 00:00:00+00:00,2024-01-05 00:00:00+00:00,2024-01-29 00:00:00+00:00,DR,2024-08-27T18:22:14.800Z,2024,4,2,0.8660254037844387,-0.4999999999999998,1.2246467991473532e-16,-1.0,24.0,114.0,West,202,0,0,0,0.3,0,1,0,0,0,0,0,0,0,0,7.199999999999999,60.599999999999994,2736.0,12745091.629999999,103.0,123738.75368932038,2814586.59,16.360656863714155,4
0664dfa0-e2a2-40b2-a843-8cd05120f683,3ddd4f981891cf896c3ef70f82302db18a891ac7,4776,OK,Tornado,2024-04-30 00:00:00+00:00,2024-04-25 00:00:00+00:00,2024-05-09 00:00:00+00:00,DR,2026-07-20T21:43:12.371Z,2024,4,2,0.8660254037844387,-0.4999999999999998,1.2246467991473532e-16,-1.0,14.0,5.0,South,227,0,0,0,0.44999999999999996,0,0,0,0,1,0,0,0,0,0,6.299999999999999,102.14999999999999,70.0,30171061.78,234.0,128936.16145299145,2621117.25,17.222393836898636,3
322d9c27-0682-4e76-8312-6b49c3cd1b74,057a9418463c5215201a5e883ac5401fbaaedb87,4778,NE,Tornado,2024-05-03 00:00:00+00:00,2024-04-25 00:00:00+00:00,2024-04-27 00:00:00+00:00,DR,2024-08-27T18:22:14.800Z,2024,5,2,0.49999999999999994,-0.8660254037844387,1.2246467991473532e-16,-1.0,2.0,8.0,Midwest,77,0,0,0,0.44999999999999996,0,0,0,0,1,0,0,0,0,0,0.8999999999999999,34.65,16.0,8822760.02,44.0,200517.27318181816,3186152.7,15.992845419812248,0
87bf9d90-cb5e-4aa8-a51c-1b645e02d2bc,79bdac0ba785f9a493e359e1d256c57a137f585e,4779,IA,Tornado,2024-05-14 00:00:00+00:00,2024-04-26 00:00:00+00:00,2024-04-27 00:00:00+00:00,DR,2024-08-27T18:22:14.800Z,2024,5,2,0.49999999999999994,-0.8660254037844387,1.2246467991473532e-16,-1.0,1.0,18.0,Midwest,74,0,0,0,0.44999999999999996,0,0,0,0,1,0,0,0,0,0,0.44999999999999996,33.3,18.0,6479756.45,89.0,72806.25224719102,1308066.09,15.684193637072362,0
d300b849-d91f-43ce-8264-b5dfefbf8174,408a2a74e9b1f398af0ee81ee2d081571b2d60e2,4781,TX,Flood,2024-05-17 00:00:00+00:00,2024-04-26 00:00:00+00:00,2024-06-05 00:00:00+00:00,DR,2024-08-27T18:22:14.800Z,2024,5,2,0.49999999999999994,-0.8660254037844387,1.2246467991473532e-16,-1.0,40.0,21.0,South,374,0,0,0,0.44999999999999996,0,0,1,0,0,0,0,0,0,0,18.0,168.29999999999998,840.0,263610497.8,1121.0,235156.55468331848,30131994.06,19.389983188327566,3
f4cef850-2db4-4ac4-b710-cbdbe61f724e,e216282c3e69227afb64e19a4d1b915403f5b23d,4783,WV,Severe Storm,2024-05-22 00:00:00+00:00,2024-04-02 00:00:00+00:00,2024-04-06 00:00:00+00:00,DR,2026-07-20T21:43:12.371Z,2024,5,2,0.49999999999999994,-0.8660254037844387,1.2246467991473532e-16,-1.0,4.0,50.0,South,78,0,0,0,0.3,0,1,0,0,0,0,0,0,0,0,1.2,23.4,200.0,19359533.93,96.0,201661.81177083333,2932989.0,16.778695617313424,3
e4d628d1-9261-40bc-adad-8b6a22f578da,753099206ce287232398dca82c1159bb7b9b3ea0,4784,IA,Severe Storm,2024-05-24 00:00:00+00:00,2024-05-20 00:00:00+00:00,2024-05-31 00:00:00+00:00,DR,2026-07-20T21:43:12.371Z,2024,5,2,0.49999999999999994,-0.8660254037844387,1.2246467991473532e-16,-1.0,11.0,4.0,Midwest,75,0,0,0,0.3,0,1,0,0,0,0,0,0,0,0,3.3,22.5,44.0,26696452.97,266.0,100362.60515037594,1878177.21,17.100041304438076,0
a03e459e-8bf7-422a-bb0b-af18b2ab3b4b,1d1040767ca642c3b1efc689d3d572529fdb1d79,4785,ME,Winter Storm,2024-05-24 00:00:00+00:00,2024-04-03 00:00:00+00:00,2024-04-05 00:00:00+00:00,DR,2024-08-27T18:22:14.800Z,2024,5,2,0.49999999999999994,-0.8660254037844387,1.2246467991473532e-16,-1.0,2.0,51.0,Northeast,70,0,0,0,0.3,0,0,0,0,0,0,0,0,0,0,0.6,21.0,102.0,4946163.09,108.0,45797.80638888889,1272563.22,15.414122902817262,1
e838f949-4b1f-4171-bb7b-ef5da3dcf423,f30ff2dc31bea53d7f40029c76b28f9efbb0958a,4786,NE,Severe Storm,2024-05-24 00:00:00+00:00,2024-04-06 00:00:00+00:00,2024-04-07 00:00:00+00:00,DR,2024-08-27T18:22:14.800Z,2024,5,2,0.49999999999999994,-0.8660254037844387,1.2246467991473532e-16,-1.0,1.0,48.0,Midwest,78,0,0,0,0.3,0,1,0,0,0,0,0,0,0,0,0.3,23.4,48.0,15698839.87,22.0,713583.6304545454,6294888.72,16.569097437656666,0
d7225c3f-e288-40aa-96f5-d503855d727e,e7891df5fe72cd63c5be4f1cba3f36d26087949b,4787,WV,Flood,2024-05-24 00:00:00+00:00,2024-04-11 00:00:00+00:00,2024-04-12 00:00:00+00:00,DR,2026-07-20T21:43:12.371Z,2024,5,2,0.49999999999999994,-0.8660254037844387,1.2246467991473532e-16,-1.0,1.0,43.0,South,79,0,0,0,0.44999999999999996,0,0,1,0,0,0,0,0,0,0,0.44999999999999996,35.55,43.0,15073002.67,63.0,239254.01063492065,5465442.15,16.528415865274358,3
b097ab9c-dd06-4699-8fd9-644a618574d5,275c9c3760c3fe780a5adfe53cef858028b76bdf,4788,AR,Severe Storm,2024-05-30 00:00:00+00:00,2024-05-24 00:00:00+00:00,2024-05-27 00:00:00+00:00,DR,2026-07-20T21:43:12.371Z,2024,5,2,0.49999999999999994,-0.8660254037844387,1.2246467991473532e-16,-1.0,3.0,6.0,South,82,0,0,0,0.3,0,1,0,0,0,0,0,0,0,0,0.8999999999999999,24.599999999999998,18.0,54531258.53,226.0,241288.75455752213,12201989.46,17.81428466456324,3
a1d1f1ee-3b68-41b4-8f8e-c80cb634dd22,7df2383f5cbedc2c4c287adbcada2d9ae7abe03a,4789,ID,Flood,2024-06-10 00:00:00+00:00,2024-04-14 00:00:00+00:00,2024-04-15 00:00:00+00:00,DR,2026-07-20T21:43:12.371Z,2024,6,2,1.2246467991473532e-16,-1.0,1.2246467991473532e-16,-1.0,1.0,57.0,West,54,0,0,0,0.44999999999999996,0,0,1,0,0,0,0,0,0,0,0.44999999999999996,24.299999999999997,57.0,5774852.0600000005,10.0,577485.206,4277116.5,15.569023369892578,4
a4a2b4ef-7ed2-4662-90bd-a36e234bb305,c6724816af5dfbd1f8b49ce638198be66a67285c,4791,OK,Severe Storm,2024-06-14 00:00:00+00:00,2024-05-19 00:00:00+00:00,2024-05-28 00:00:00+00:00,DR,2026-07-20T21:43:12.371Z,2024,6,2,1.2246467991473532e-16,-1.0,1.2246467991473532e-16,-1.0,9.0,26.0,South,228,0,0,0,0.3,0,1,0,0,0,0,0,0,0,0,2.6999999999999997,68.39999999999999,234.0,11832836.54,58.0,204014.42310344827,2809571.58,16.286389066871617,3
e5c4c4e6-5244-4fb4-bdea-98b1ad331a04,44cec66009880471d77f463aa70908f5004e495b,4792,TN,Severe Storm,2024-06-17 00:00:00+00:00,2024-05-08 00:00:00+00:00,2024-05-09 00:00:00+00:00,DR,2026-07-20T21:43:12.371Z,2024,6,2,1.2246467991473532e-16,-1.0,1.2246467991473532e-16,-1.0,1.0,40.0,South,90,0,0,0,0.3,0,1,0,0,0,0,0,0,0,0,0.3,27.0,40.0,14098592.91,95.0,148406.24115789475,4063094.16,16.461585627680723,3
6e250fda-2c9b-493a-8c84-6e0b1e9b40a4,159fa19686e601edd37a9aeae1b23683c13444ba,4793,HI,Flood,2024-06-17 00:00:00+00:00,2024-04-11 00:00:00+00:00,2024-04-14 00:00:00+00:00,DR,2026-07-20T21:43:12.371Z,2024,6,2,1.2246467991473532e-16,-1.0,1.2246467991473532e-16,-1.0,3.0,67.0,West,67,0,0,0,0.44999999999999996,0,0,1,0,0,0,0,0,0,0,1.3499999999999999,30.15,201.0,659588.97,19.0,34715.20894736842,113140.82,13.399373663366399,4
81b5824c-3599-43eb-9dad-7f868ff33e30,a1d8882be7030f4b1639926c9c2565c004387cd4,4794,FL,Severe Storm,2024-06-17 00:00:00+00:00,2024-05-10 00:00:00+00:00,2024-05-10 00:00:00+00:00,DR,2026-07-20T21:43:12.371Z,2024,6,2,1.2246467991473532e-16,-1.0,1.2246467991473532e-16,-1.0,0.0,38.0,South,177,0,0,0,0.3,0,1,0,0,0,0,0,0,0,0,0.0,53.1,0.0,34463367.9,116.0,297097.99913793104,6621218.04,17.355407546908936,3
6b412742-44e1-4134-97f6-2e8fe9b9c718,e2364b1da070d52d166ff88440115ff01a5d7160,4795,NM,Fire,2024-06-20 00:00:00+00:00,2024-06-17 00:00:00+00:00,2024-08-20 00:00:00+00:00,DR,2024-08-27T18:22:14.800Z,2024,6,2,1.2246467991473532e-16,-1.0,1.2246467991473532e-16,-1.0,64.0,3.0,West,116,0,0,0,0.3,1,0,0,0,0,0,0,0,0,0,19.2,34.8,192.0,59343014.51,198.0,299712.1944949495,9067696.89,17.898844989028202,4
5ac93dc9-96e0-4f1c-9976-e32c0ffc3bb9,5c43f1af50a594415e256fad50caa839ad73411d,4796,IA,Severe Storm,2024-06-24 00:00:00+00:00,2024-06-16 00:00:00+00:00,2024-07-23 00:00:00+00:00,DR,2026-07-20T21:43:12.371Z,2024,6,2,1.2246467991473532e-16,-1.0,1.2246467991473532e-16,-1.0,37.0,8.0,Midwest,76,0,0,0,0.3,0,1,0,0,0,0,0,0,0,0,11.1,22.8,296.0,141405991.15,738.0,191607.0340785908,8245303.46,18.7671456878273,0
2b1a3896-1bd9-4230-a712-eaf04b346c74,1a6c1c77ffd498d25f2efc15ff9abe40f6aab700,4797,MN,Flood,2024-06-28 00:00:00+00:00,2024-06-16 00:00:00+00:00,2024-07-04 00:00:00+00:00,DR,2026-07-20T21:43:12.371Z,2024,6,2,1.2246467991473532e-16,-1.0,1.2246467991473532e-16,-1.0,18.0,12.0,Midwest,78,0,0,0,0.44999999999999996,0,0,1,0,0,0,0,0,0,0,8.1,35.099999999999994,216.0,31035140.36,1048.0,29613.68354961832,734996.43,17.250630712676937,0
52fee3ad-6bbe-4a5e-b764-1aaf2439bf06,73021174dd690f8ec366a592f0861ee173fe2f0e,4798,TX,Hurricane,2024-07-09 00:00:00+00:00,2024-07-05 00:00:00+00:00,2024-07-09 00:00:00+00:00,DR,2026-07-20T21:43:12.371Z,2024,7,3,-0.4999999999999997,-0.8660254037844388,-1.0,-1.8369701987210297e-16,4.0,4.0,South,375,0,0,0,0.6,0,0,0,1,0,0,0,0,0,0,2.4,225.0,16.0,296999890.19,1185.0,250632.81872573838,43367248.14,19.50924233040327,3
153d6c44-4e4f-4141-ba67-c3ea270da78f,9f6532ea52a3d9e52548c8cb6b8a6310e2426ffc,4799,NH,Winter Storm,2024-07-10 00:00:00+00:00,2024-04-03 00:00:00+00:00,2024-04-05 00:00:00+00:00,DR,2026-07-20T21:43:12.371Z,2024,7,3,-0.4999999999999997,-0.8660254037844388,-1.0,-1.8369701987210297e-16,2.0,98.0,Northeast,61,0,0,0,0.3,0,0,0,0,0,0,0,0,0,0,0.6,18.3,196.0,1216890.4,37.0,32888.92972972973,227521.16,14.01181013216211,1
122183c5-8255-41e0-9a0f-9adf22b1f362,c048f1fa6a115c10d8f5a9a9eef9812ec2d78f4d,4800,KS,Severe Storm,2024-07-15 00:00:00+00:00,2024-04-25 00:00:00+00:00,2024-04-30 00:00:00+00:00,DR,2026-07-20T21:43:12.371Z,2024,7,3,-0.4999999999999997,-0.8660254037844388,-1.0,-1.8369701987210297e-16,5.0,81.0,Midwest,85,0,0,0,0.3,0,1,0,0,0,0,0,0,0,0,1.5,25.5,405.0,6328853.72,96.0,65925.55958333334,840216.96,15.660629848840797,0
96b9088a-de1b-4ccc-831d-d5432e98ae56,0b03ccad7caa58cb55301ea7455e774b8940e818,4801,MT,Severe Storm,2024-07-18 00:00:00+00:00,2024-05-06 00:00:00+00:00,2024-05-09 00:00:00+00:00,DR,2026-07-20T21:43:12.371Z,2024,7,3,-0.4999999999999997,-0.8660254037844388,-1.0,-1.8369701987210297e-16,3.0,73.0,West,102,0,0,0,0.3,0,1,0,0,0,0,0,0,0,0,0.8999999999999999,30.599999999999998,219.0,3360559.19,36.0,93348.86638888888,585720.36,15.027618241256903,4
37165d30-299b-4235-82d2-5bf1c542c4fc,dc40445ee8d8dbd66445db42ca1b649a74bb6241,4802,OK,Severe Storm,2024-07-23 00:00:00+00:00,2024-03-14 00:00:00+00:00,2024-03-15 00:00:00+00:00,DR,2024-08-27T18:22:14.800Z,2024,7,3,-0.4999999999999997,-0.8660254037844388,-1.0,-1.8369701987210297e-16,1.0,131.0,South,229,0,0,0,0.3,0,1,0,0,0,0,0,0,0,0,0.3,68.7,131.0,195750.0,3.0,65250.0,188250.0,12.184598722396833,3
4fb3060a-42e3-4805-a4d9-ee7477a26116,a8720d554971854c484df7cbd7b3385016ef40e1,4803,MO,Severe Storm,2024-07-23 00:00:00+00:00,2024-05-19 00:00:00+00:00,2024-05-27 00:00:00+00:00,DR,2026-07-20T21:43:12.371Z,2024,7,3,-0.4999999999999997,-0.8660254037844388,-1.0,-1.8369701987210297e-16,8.0,65.0,Midwest,78,0,0,0,0.3,0,1,0,0,0,0,0,0,0,0,2.4,23.4,520.0,19497534.57,151.0,129122.74549668875,1545444.54,16.78579863452158,0
fe53e343-17c4-41cb-813a-445fe67500f7,3a831d214a177e515493e966d539ee9ffc33ab77,4804,KY,Severe Storm,2024-07-23 00:00:00+00:00,2024-05-21 00:00:00+00:00,2024-05-27 00:00:00+00:00,DR,2026-07-20T21:43:12.371Z,2024,7,3,-0.4999999999999997,-0.8660254037844388,-1.0,-1.8369701987210297e-16,6.0,63.0,South,89,0,0,0,0.3,0,1,0,0,0,0,0,0,0,0,1.7999999999999998,26.7,378.0,31454641.63,221.0,142328.69515837103,5300465.18,17.26405714961192,3
2bca9fea-6da4-41a7-8cb2-b83981d46463,6c8965fd7bcfd0a45c70f4a9258ebf028e851a51,4805,PR,Flood,2024-07-23 00:00:00+00:00,2024-04-29 00:00:00+00:00,2024-05-10 00:00:00+00:00,DR,2026-07-20T21:43:12.371Z,2024,7,3,-0.4999999999999997,-0.8660254037844388,-1.0,-1.8369701987210297e-16,11.0,85.0,Other,48,0,0,0,0.44999999999999996,0,0,1,0,0,0,0,0,0,0,4.949999999999999,21.599999999999998,935.0,79526726.65,142.0,560047.3707746479,5873273.05,18.191603719978406,2
ad255a9c-aa5d-44e9-9141-198db4a3d157,4f20f4a715319c61bcf3b7982e3962b8080e556d,3606,SC,Tropical Storm,2024-08-05 00:00:00+00:00,2024-08-04 00:00:00+00:00,2024-08-22 00:00:00+00:00,EM,2026-02-10T19:41:13.891Z,2024,8,3,-0.8660254037844385,-0.5000000000000004,-1.0,-1.8369701987210297e-16,18.0,1.0,South,41,0,0,0,0.0,0,0,0,0,0,0,0,0,0,0,0.0,0.0,18.0,17716.5,1.0,17716.5,17716.5,9.782308130684411,3
a03d9430-c082-431c-bbde-e88d3271f4f7,dc2ba857a9fc1eb48a7b7c4535f51f8ebc8423ed,3608,NC,Tropical Storm,2024-08-06 00:00:00+00:00,2024-08-05 00:00:00+00:00,2024-08-19 00:00:00+00:00,EM,2024-08-27T18:22:14.800Z,2024,8,3,-0.8660254037844385,-0.5000000000000004,-1.0,-1.8369701987210297e-16,14.0,1.0,South,74,0,0,0,0.0,0,0,0,0,0,0,0,0,0,0,0.0,0.0,14.0,5039190.89,51.0,98807.66450980392,1674712.69,15.43275628790612,3
905976d1-7dca-4881-afa6-a99a81ffab3f,d9af5a1ad4d934d54da94ac36a2f241ac0acad11,4806,FL,Tropical Storm,2024-08-10 00:00:00+00:00,2024-08-01 00:00:00+00:00,2024-08-27 00:00:00+00:00,DR,2024-10-07T11:42:26.001Z,2024,8,3,-0.8660254037844385,-0.5000000000000004,-1.0,-1.8369701987210297e-16,26.0,9.0,South,179,0,0,0,0.0,0,0,0,0,0,0,0,0,0,0,0.0,0.0,234.0,170912495.1,384.0,445084.62265624997,85288505.2,18.95666226478078,3
c7913d75-d325-4971-ae78-69e9325e276c,a2233d241a43fb4ebf8a2ce95f436c65d9237514,4807,SD,Flood,2024-08-15 00:00:00+00:00,2024-06-16 00:00:00+00:00,2024-07-08 00:00:00+00:00,DR,2026-07-20T21:43:12.371Z,2024,8,3,-0.8660254037844385,-0.5000000000000004,-1.0,-1.8369701987210297e-16,22.0,60.0,Midwest,91,0,0,0,0.44999999999999996,0,0,1,0,0,0,0,0,0,0,9.899999999999999,40.949999999999996,1320.0,34203833.1,525.0,65150.158285714286,2655591.0,17.347848303936313,0
16390614-8fa6-40bf-9faf-a58e559cf4dd,cea75dbcf9bf429b888f08772aa0286896eee599,4808,NE,Severe Storm,2024-08-20 00:00:00+00:00,2024-05-20 00:00:00+00:00,2024-06-03 00:00:00+00:00,DR,2026-07-20T21:43:12.371Z,2024,8,3,-0.8660254037844385,-0.5000000000000004,-1.0,-1.8369701987210297e-16,14.0,92.0,Midwest,79,0,0,0,0.3,0,1,0,0,0,0,0,0,0,0,4.2,23.7,1288.0,11466989.35,76.0,150881.43881578947,2897905.98,16.254983061474782,0
f0db9fd0-5913-4743-b284-816d1a34e448,fd1cdc7f02a0f98658005ccdaa1269e9b04240e4,4809,NM,Flood,2024-08-20 00:00:00+00:00,2024-06-20 00:00:00+00:00,2024-06-21 00:00:00+00:00,DR,2026-07-20T21:43:12.371Z,2024,8,3,-0.8660254037844385,-0.5000000000000004,-1.0,-1.8369701987210297e-16,1.0,61.0,West,117,0,0,0,0.44999999999999996,0,0,1,0,0,0,0,0,0,0,0.44999999999999996,52.64999999999999,61.0,3283172.8400000003,5.0,656634.5680000001,3173898.12,15.004321146650533,4
884a98ef-30aa-41b2-8f6f-93fd500a9819,f1c7cbf0d547fb75080b446b06afe8bde49148ab,4810,VT,Severe Storm,2024-08-20 00:00:00+00:00,2024-07-09 00:00:00+00:00,2024-07-11 00:00:00+00:00,DR,2026-07-20T21:43:12.371Z,2024,8,3,-0.8660254037844385,-0.5000000000000004,-1.0,-1.8369701987210297e-16,2.0,42.0,Northeast,59,0,0,0,0.3,0,1,0,0,0,0,0,0,0,0,0.6,17.7,84.0,61342344.160000004,581.0,105580.62678141137,3062698.66,17.93198094806823,1
03a9a6e4-a7aa-4969-9ceb-1c8645abfbc6,5f152f4873a56fef3ff26deb83bd349e43033d05,4811,KS,Severe Storm,2024-08-20 00:00:00+00:00,2024-05-19 00:00:00+00:00,2024-05-19 00:00:00+00:00,DR,2026-07-20T21:43:12.371Z,2024,8,3,-0.8660254037844385,-0.5000000000000004,-1.0,-1.8369701987210297e-16,0.0,93.0,Midwest,86,0,0,0,0.3,0,1,0,0,0,0,0,0,0,0,0.0,25.8,0.0,3940043.1,68.0,57941.81029411765,795438.65,15.186702474104878,0
ec6a5459-aeeb-4e38-9eff-0dc2f5fd0cdd,ea59d8a425e379125dcd5bdb069e58c464cb8e0b,4812,NH,Severe Storm,2024-08-20 00:00:00+00:00,2024-07-10 00:00:00+00:00,2024-07-13 00:00:00+00:00,DR,2026-07-20T21:43:12.371Z,2024,8,3,-0.8660254037844385,-0.5000000000000004,-1.0,-1.8369701987210297e-16,3.0,41.0,Northeast,62,0,0,0,0.3,0,1,0,0,0,0,0,0,0,0,0.8999999999999999,18.599999999999998,123.0,6682463.84,53.0,126084.22339622641,1126289.83,15.714997465477442,1
1b2e3ce5-1b48-4db7-b7c9-28adefe13a5f,1da97f8e28c4de8b18d30a394f98db633fd8092c,4813,MT,Straight-Line Winds,2024-08-23 00:00:00+00:00,2024-07-24 00:00:00+00:00,2024-07-24 00:00:00+00:00,DR,2024-08-27T18:22:14.800Z,2024,8,3,-0.8660254037844385,-0.5000000000000004,-1.0,-1.8369701987210297e-16,0.0,30.0,West,103,0,0,0,0.0,0,0,0,0,0,0,0,0,0,0,0.0,0.0,0.0,2240325.7,21.0,106682.1761904762,1434849.6,14.622132261410691,4
9efde938-9294-4386-8477-85e0dad34877,e5be536e4e493a69279831fa16ea11d39097c919,4814,NY,Flood,2024-08-29 00:00:00+00:00,2024-07-10 00:00:00+00:00,2024-07-11 00:00:00+00:00,DR,2026-07-20T21:43:12.371Z,2024,8,3,-0.8660254037844385,-0.5000000000000004,-1.0,-1.8369701987210297e-16,1.0,50.0,Northeast,113,0,0,0,0.44999999999999996,0,0,1,0,0,0,0,0,0,0,0.44999999999999996,50.849999999999994,50.0,16186759.95,116.0,139541.03405172413,2601920.88,16.599704240783325,1
282fb5f6-3ae9-4418-8946-fcebf5b29e43,f1f97b3e5d9bba70851f88fe2c1e09ff9280b4f9,3614,LA,Hurricane,2024-09-10 00:00:00+00:00,2024-09-10 00:00:00+00:00,2024-09-12 00:00:00+00:00,EM,2026-07-20T21:43:12.371Z,2024,9,3,-1.0,-1.8369701987210297e-16,-1.0,-1.8369701987210297e-16,2.0,0.0,South,106,0,0,0,0.6,0,0,0,1,0,0,0,0,0,0,1.2,63.599999999999994,0.0,10236.38,1.0,10236.38,10236.38,9.233801006480904,3
05ddf97a-2ded-4269-971e-1b5366d8ceb7,b6aed379c92a2a519a68376ab1568c15181af02d,4815,PA,Tropical Storm,2024-09-11 00:00:00+00:00,2024-08-09 00:00:00+00:00,2024-08-10 00:00:00+00:00,DR,2024-11-14T21:31:16.025Z,2024,9,3,-1.0,-1.8369701987210297e-16,-1.0,-1.8369701987210297e-16,1.0,33.0,Northeast,63,0,0,0,0.0,0,0,0,0,0,0,0,0,0,0,0.0,0.0,33.0,44409653.8,435.0,102091.15816091953,2174747.76,17.608967454213982,1
bd6a30cc-1e1b-45e0-8127-b0899bc838f5,cb71ef43bb1f59f9ef3e4ab7ce64af4d057af990,4816,VT,Flood,2024-09-11 00:00:00+00:00,2024-08-22 00:00:00+00:00,2024-08-24 00:00:00+00:00,DR,2026-07-20T21:43:12.371Z,2024,9,3,-1.0,-1.8369701987210297e-16,-1.0,-1.8369701987210297e-16,2.0,20.0,Northeast,60,0,0,0,0.44999999999999996,0,0,1,0,0,0,0,0,0,0,0.8999999999999999,26.999999999999996,40.0,1622866.25,20.0,81143.3125,520869.6,14.29970505017553,1
18373d64-a17b-4cad-bbc6-d1a566a36ef7,66bcc9e96d5af41a779aada00edf37e226db23f7,4817,LA,Hurricane,2024-09-16 00:00:00+00:00,2024-09-09 00:00:00+00:00,2024-09-12 00:00:00+00:00,DR,2026-07-20T21:43:12.371Z,2024,9,3,-1.0,-1.8369701987210297e-16,-1.0,-1.8369701987210297e-16,3.0,7.0,South,107,0,0,0,0.6,0,0,0,1,0,0,0,0,0,0,1.7999999999999998,64.2,21.0,87723787.59,482.0,181999.5593153527,9115952.25,18.289703670161803,3
ef0661dc-8933-4f74-8f72-a85106f23edb,b5afb97e608a0c0ffa1bf3dfee5fb16c3e00b777,4818,NY,Tropical Storm,2024-09-20 00:00:00+00:00,2024-08-08 00:00:00+00:00,2024-08-10 00:00:00+00:00,DR,2026-07-20T21:43:12.371Z,2024,9,3,-1.0,-1.8369701987210297e-16,-1.0,-1.8369701987210297e-16,2.0,43.0,Northeast,114,0,0,0,0.0,0,0,0,0,0,0,0,0,0,0,0.0,0.0,86.0,14634588.88,50.0,292691.77760000003,794102.28,16.498898454483488,1
431e550f-c22f-4748-800d-d41e023e3fe8,f204e2f2845cc443a7f923119fb8a8b1b29cd177,4820,CT,Severe Storm,2024-09-20 00:00:00+00:00,2024-08-18 00:00:00+00:00,2024-08-19 00:00:00+00:00,DR,2026-07-20T21:43:12.371Z,2024,9,3,-1.0,-1.8369701987210297e-16,-1.0,-1.8369701987210297e-16,1.0,33.0,Northeast,41,0,0,0,0.3,0,1,0,0,0,0,0,0,0,0,0.3,12.299999999999999,33.0,20999833.05,162.0,129628.59907407408,1114636.88,16.86002509327552,1
9c4d5cd5-40a2-4824-b238-ebdfc4536694,7f85cf99ba1e4d583f70cf98ccaf113d2ab0e20b,4821,GA,Tropical Storm,2024-09-24 00:00:00+00:00,2024-08-04 00:00:00+00:00,2024-08-20 00:00:00+00:00,DR,2025-01-07T19:22:11.771Z,2024,9,3,-1.0,-1.8369701987210297e-16,-1.0,-1.8369701987210297e-16,16.0,51.0,South,75,0,0,0,0.0,0,0,0,0,0,0,0,0,0,0,0.0,0.0,816.0,38168735.75,273.0,139812.21886446886,2023757.46,17.457527328810897,3
f45fc1f0-9076-430c-8e53-067ddb870b44,b02a90e03e8d808602d2574ee7a09bbfa82ed5fb,4822,NE,Severe Storm,2024-09-24 00:00:00+00:00,2024-06-19 00:00:00+00:00,2024-07-08 00:00:00+00:00,DR,2026-07-20T21:43:12.371Z,2024,9,3,-1.0,-1.8369701987210297e-16,-1.0,-1.8369701987210297e-16,19.0,97.0,Midwest,80,0,0,0,0.3,0,1,0,0,0,0,0,0,0,0,5.7,24.0,1843.0,10525604.47,78.0,134943.64705128205,1080912.03,16.16932146271897,0
6fafd5c1-d46b-4fe4-ba3c-73a6a56feea4,fbc9877a6bd4df083e1d63730be6faf709f0cf38,4823,WA,Fire,2024-09-24 00:00:00+00:00,2024-06-22 00:00:00+00:00,2024-07-08 00:00:00+00:00,DR,2024-10-15T13:42:42.991Z,2024,9,3,-1.0,-1.8369701987210297e-16,-1.0,-1.8369701987210297e-16,16.0,94.0,West,207,0,0,0,0.3,1,0,0,0,0,0,0,0,0,0,4.8,62.099999999999994,1504.0,738444.93,4.0,184611.2325,431486.14,13.512303162294817,4
deb30311-305d-4de3-8a97-f1921d006a20,0aa65bd5bd7797241e99522f23be381c8c64918f,4824,KS,Severe Storm,2024-09-24 00:00:00+00:00,2024-06-26 00:00:00+00:00,2024-07-07 00:00:00+00:00,DR,2026-07-20T21:43:12.371Z,2024,9,3,-1.0,-1.8369701987210297e-16,-1.0,-1.8369701987210297e-16,11.0,90.0,Midwest,87,0,0,0,0.3,0,1,0,0,0,0,0,0,0,0,3.3,26.099999999999998,990.0,3659970.54,26.0,140768.0976923077,1052190.76,15.112965929391033,0
9421e956-914c-4122-8874-85a3d2cb8999,43c77bc43a1890f8c0625f06cc0053b2e01388d6,4825,NY,Tropical Storm,2024-09-24 00:00:00+00:00,2024-08-08 00:00:00+00:00,2024-08-10 00:00:00+00:00,DR,2026-07-20T21:43:12.371Z,2024,9,3,-1.0,-1.8369701987210297e-16,-1.0,-1.8369701987210297e-16,2.0,47.0,Northeast,115,0,0,0,0.0,0,0,0,0,0,0,0,0,0,0,0.0,0.0,94.0,51508147.86,373.0,138091.54922252012,2965065.09,17.757250583408133,1
c0bb93a8-c5d5-4dfa-8c5a-71ea7cde743f,a14898da45d18e7aa75ba4202568a93540e414d5,3618,AL,Hurricane,2024-09-26 00:00:00+00:00,2024-09-22 00:00:00+00:00,2024-09-29 00:00:00+00:00,EM,2026-07-20T21:43:12.371Z,2024,9,3,-1.0,-1.8369701987210297e-16,-1.0,-1.8369701987210297e-16,7.0,4.0,South,101,0,0,0,0.6,0,0,0,1,0,0,0,0,0,0,4.2,60.599999999999994,28.0,54376.7,3.0,18125.566666666666,34817.0,10.903709422330621,3
30027c68-8dc2-4832-984a-380509055230,3cc09d44a8cba56cfa0ceabb68956ae6ae2df779,4826,VT,Flood,2024-09-26 00:00:00+00:00,2024-07-29 00:00:00+00:00,2024-07-31 00:00:00+00:00,DR,2026-07-20T21:43:12.371Z,2024,9,3,-1.0,-1.8369701987210297e-16,-1.0,-1.8369701987210297e-16,2.0,59.0,Northeast,61,0,0,0,0.44999999999999996,0,0,1,0,0,0,0,0,0,0,0.8999999999999999,27.449999999999996,118.0,11034377.19,66.0,167187.53318181817,3693750.0,16.216526247195418,1
b436fcf9-6dd6-4e57-9be3-352398070645,b95c5626004ced06bea2bff7acce419bda0d5d33,4827,NC,Tropical Storm,2024-09-28 00:00:00+00:00,2024-09-25 00:00:00+00:00,2024-12-18 00:00:00+00:00,DR,2025-03-07T19:41:42.108Z,2024,9,3,-1.0,-1.8369701987210297e-16,-1.0,-1.8369701987210297e-16,84.0,3.0,South,76,0,0,0,0.0,0,0,0,0,0,0,0,0,0,0,0.0,0.0,252.0,2399466359.5,2755.0,870949.67676951,280013687.62,21.598512199785265,3
27efda9e-1bc1-440d-ba66-7e7791aff3ab,7125ca0e15d498fbd80ad1091064605b8578f263,4828,FL,Hurricane,2024-09-28 00:00:00+00:00,2024-09-23 00:00:00+00:00,2024-10-07 00:00:00+00:00,DR,2024-11-22T20:21:24.467Z,2024,9,3,-1.0,-1.8369701987210297e-16,-1.0,-1.8369701987210297e-16,14.0,5.0,South,181,0,0,0,0.6,0,0,0,1,0,0,0,0,0,0,8.4,108.6,70.0,799909155.09,1293.0,618645.9049419954,304157672.87,20.50000872429686,3
f265951a-b674-4cc9-935c-98cc1221ca44,4848832e0d6dae477dd91e8284bfa8298c77b312,4829,SC,Hurricane,2024-09-29 00:00:00+00:00,2024-09-25 00:00:00+00:00,2024-10-07 00:00:00+00:00,DR,2026-07-20T21:43:12.371Z,2024,9,3,-1.0,-1.8369701987210297e-16,-1.0,-1.8369701987210297e-16,12.0,4.0,South,43,0,0,0,0.6,0,0,0,1,0,0,0,0,0,0,7.199999999999999,25.8,48.0,469667423.56,1105.0,425038.39236199093,36390923.34,19.967535394877007,3
e8a065a0-322d-4d30-b8ea-f2334e21a72d,db3c7793a738266391a43bcaae16a9bfc65cb852,4835,SC,Tropical Storm,2024-09-29 00:00:00+00:00,2024-08-04 00:00:00+00:00,2024-08-22 00:00:00+00:00,DR,2024-11-20T17:41:30.248Z,2024,9,3,-1.0,-1.8369701987210297e-16,-1.0,-1.8369701987210297e-16,18.0,56.0,South,44,0,0,0,0.0,0,0,0,0,0,0,0,0,0,0,0.0,0.0,1008.0,14188945.55,145.0,97854.79689655174,1011326.67,16.467973807479748,3
27c53dd5-5c3a-4b4b-a20d-b1d3108d2c57,8af9260db4b3253096dc78de065e694530ab1948,4830,GA,Hurricane,2024-09-30 00:00:00+00:00,2024-09-24 00:00:00+00:00,2024-10-30 00:00:00+00:00,DR,2025-01-07T19:02:12.196Z,2024,9,3,-1.0,-1.8369701987210297e-16,-1.0,-1.8369701987210297e-16,36.0,6.0,South,77,0,0,0,0.6,0,0,0,1,0,0,0,0,0,0,21.599999999999998,46.199999999999996,216.0,1607544709.66,1593.0,1009130.3889893284,107044389.35,21.197973827474634,3
3cf5264e-5e2f-4aa3-917e-11275b6c6f6f,0ab30882bed82493d4e36829933f7ec277d71227,4831,VA,Tropical Storm,2024-10-01 00:00:00+00:00,2024-09-25 00:00:00+00:00,2024-10-03 00:00:00+00:00,DR,2024-12-03T15:21:24.633Z,2024,10,4,-0.8660254037844386,0.5000000000000001,-2.4492935982947064e-16,1.0,8.0,6.0,South,74,0,0,0,0.0,0,0,0,0,0,0,0,0,0,0,0.0,0.0,48.0,101568738.75,454.0,223719.68887665198,19268325.0,18.436246366139585,3
638f0f6a-895e-4bdd-a201-86febf37d894,73e4af3482f218af72511e1b458051ca11ac3450,4832,TN,Tropical Storm,2024-10-02 00:00:00+00:00,2024-09-26 00:00:00+00:00,2024-09-30 00:00:00+00:00,DR,2024-11-08T00:09:38.916Z,2024,10,4,-0.8660254037844386,0.5000000000000001,-2.4492935982947064e-16,1.0,4.0,6.0,South,92,0,0,0,0.0,0,0,0,0,0,0,0,0,0,0,0.0,0.0,24.0,582841944.06,522.0,1116555.4483908045,152864386.32,20.183426601315258,3
df7028b8-c9eb-4fc4-9400-a67f05a98618,770f506e4d8b8267e50306610b76cf6057fddeca,4833,AZ,Fire,2024-10-04 00:00:00+00:00,2024-07-10 00:00:00+00:00,2024-07-17 00:00:00+00:00,DR,2024-10-15T16:01:31.845Z,2024,10,4,-0.8660254037844386,0.5000000000000001,-2.4492935982947064e-16,1.0,7.0,86.0,West,115,0,0,0,0.3,1,0,0,0,0,0,0,0,0,0,2.1,34.5,602.0,924002.22,8.0,115500.2775,373738.24,13.736470835466234,4
d9480d6f-23cb-471e-bc5b-fd182fd50979,c01567a95b0573826f18651a8d15a1944672e81a,4834,FL,Hurricane,2024-10-11 00:00:00+00:00,2024-10-05 00:00:00+00:00,2024-11-02 00:00:00+00:00,DR,2026-07-20T21:43:12.371Z,2024,10,4,-0.8660254037844386,0.5000000000000001,-2.4492935982947064e-16,1.0,28.0,6.0,South,184,0,0,0,0.6,0,0,0,1,0,0,0,0,0,0,16.8,110.39999999999999,168.0,1544771602.3400002,2465.0,626682.1916186613,440721848.38,21.158141906814855,3
6ab2bf43-792c-4ee9-ba7d-968cd0b8f7b7,53519f33eaf16a9e5e93a4709e3a8e002a89954c,4836,AK,Flood,2024-10-16 00:00:00+00:00,2024-08-05 00:00:00+00:00,2024-08-06 00:00:00+00:00,DR,2024-10-16T22:22:43.754Z,2024,10,4,-0.8660254037844386,0.5000000000000001,-2.4492935982947064e-16,1.0,1.0,72.0,West,83,0,0,0,0.44999999999999996,0,0,1,0,0,0,0,0,0,0,0.44999999999999996,37.349999999999994,72.0,885875.97,8.0,110734.49625,304500.33,13.694333359900122,4
ff058896-0599-4845-b459-938bfce43d16,23b2dd5445945ffb19dadd2b5b8c6ee7657b7375,4837,NC,Tropical Storm,2024-10-19 00:00:00+00:00,2024-09-16 00:00:00+00:00,2024-09-20 00:00:00+00:00,DR,2026-07-20T21:43:12.371Z,2024,10,4,-0.8660254037844386,0.5000000000000001,-2.4492935982947064e-16,1.0,4.0,33.0,South,77,0,0,0,0.0,0,0,0,0,0,0,0,0,0,0,0.0,0.0,132.0,43903227.82,86.0,510502.64906976745,22511156.25,17.597498424771295,3
d35a1165-4608-4e92-9c3e-ad3be4b2bd08,fc5ceec815ec237a08dec874db1967c3399bc113,4838,NE,Severe Storm,2024-10-21 00:00:00+00:00,2024-07-31 00:00:00+00:00,2024-07-31 00:00:00+00:00,DR,2026-07-20T21:43:12.371Z,2024,10,4,-0.8660254037844386,0.5000000000000001,-2.4492935982947064e-16,1.0,0.0,82.0,Midwest,81,0,0,0,0.3,0,1,0,0,0,0,0,0,0,0,0.0,24.3,0.0,36396343.75,80.0,454954.296875,23617410.63,17.409978908608604,0
543c5635-7635-4479-8e79-15265d99a383,6e72fe7ecd9d865cc97f7bdf473253617f6f7a6b,4839,NY,Severe Storm,2024-10-21 00:00:00+00:00,2024-08-18 00:00:00+00:00,2024-08-19 00:00:00+00:00,DR,2026-07-20T21:43:12.371Z,2024,10,4,-0.8660254037844386,0.5000000000000001,-2.4492935982947064e-16,1.0,1.0,64.0,Northeast,116,0,0,0,0.3,0,1,0,0,0,0,0,0,0,0,0.3,34.8,64.0,12642214.45,123.0,102782.231300813,2672625.25,16.352552204267514,1
5ced6a75-76a1-4292-bf22-5fc203b4317c,2026e5d3a456ef0e705c35cbda1c2ef7abc67c2d,4840,AZ,Flood,2024-10-25 00:00:00+00:00,2024-08-22 00:00:00+00:00,2024-08-23 00:00:00+00:00,DR,2024-11-18T21:21:19.749Z,2024,10,4,-0.8660254037844386,0.5000000000000001,-2.4492935982947064e-16,1.0,1.0,64.0,West,116,0,0,0,0.44999999999999996,0,0,1,0,0,0,0,0,0,0,0.44999999999999996,52.199999999999996,64.0,6159508.82,7.0,879929.8314285715,4038959.25,15.633507757668145,4
dc24309d-f4d3-4b38-8fcb-9af269145b66,921555a893185f5675c6088b17218d1a9aa0df50,4841,VI,Tropical Storm,2024-10-25 00:00:00+00:00,2024-08-13 00:00:00+00:00,2024-08-16 00:00:00+00:00,DR,2024-10-25T22:42:59.248Z,2024,10,4,-0.8660254037844386,0.5000000000000001,-2.4492935982947064e-16,1.0,3.0,73.0,Other,32,0,0,0,0.0,0,0,0,0,0,0,0,0,0,0,0.0,0.0,219.0,3344685.7800000003,29.0,115333.99241379311,753302.84,15.02288360889406,2
75ee6634-6449-46fa-8948-e05de74125ac,6b3e9ac3d0106247cebe2241e87d2394501f4398,4842,SD,Severe Storm,2024-11-01 00:00:00+00:00,2024-07-13 00:00:00+00:00,2024-07-14 00:00:00+00:00,DR,2026-07-20T21:43:12.371Z,2024,11,4,-0.5000000000000004,0.8660254037844384,-2.4492935982947064e-16,1.0,1.0,111.0,Midwest,92,0,0,0,0.3,0,1,0,0,0,0,0,0,0,0,0.3,27.599999999999998,111.0,1648501.38,5.0,329700.27599999995,908228.19,14.315377785229611,0
13207fc7-e13a-4023-a1d8-0c781a380f5f,e29fc706eaf0baac8ef62c6e7fe6ee2be3c580e2,4843,NM,Flood,2024-11-01 00:00:00+00:00,2024-10-19 00:00:00+00:00,2024-10-20 00:00:00+00:00,DR,2026-07-20T21:43:12.371Z,2024,11,4,-0.5000000000000004,0.8660254037844384,-2.4492935982947064e-16,1.0,1.0,13.0,West,118,0,0,0,0.44999999999999996,0,0,1,0,0,0,0,0,0,0,0.44999999999999996,53.099999999999994,13.0,105671836.55,107.0,987587.2574766355,19827874.5,18.475848977780544,4
e3b8320b-0aa6-48fc-a244-4bbbd7d8bdfd,bae54b2b59eb0067dda5e2ca289243ebccc4ebdc,4844,FL,Hurricane,2024-11-05 00:00:00+00:00,2024-10-05 00:00:00+00:00,2024-11-02 00:00:00+00:00,DR,2024-12-09T15:30:17.899Z,2024,11,4,-0.5000000000000004,0.8660254037844384,-2.4492935982947064e-16,1.0,28.0,31.0,South,185,0,0,0,0.6,0,0,0,1,0,0,0,0,0,0,16.8,111.0,868.0,4042817.87,20.0,202140.8935,733411.24,15.212452746728891,3
9d73b211-425b-4478-a829-106f4f564d3a,cedbee1a2a3baa67815ed85ccc9f10c807b6dd3e,4845,WY,Fire,2024-11-13 00:00:00+00:00,2024-08-21 00:00:00+00:00,2024-08-31 00:00:00+00:00,DR,2024-11-14T02:02:01.322Z,2024,11,4,-0.5000000000000004,0.8660254037844384,-2.4492935982947064e-16,1.0,10.0,84.0,West,43,0,0,0,0.3,1,0,0,0,0,0,0,0,0,0,3.0,12.9,840.0,9313648.91,9.0,1034849.8788888889,4500000.0,16.04699161431535,4
dc75a341-8b73-452a-9ebe-18326d64a7f2,00c33f2486e77a78c631b1aadaf66bf96609d20a,4846,AK,Mud/Landslide,2024-11-13 00:00:00+00:00,2024-08-25 00:00:00+00:00,2024-08-25 00:00:00+00:00,DR,2024-11-14T02:42:12.907Z,2024,11,4,-0.5000000000000004,0.8660254037844384,-2.4492935982947064e-16,1.0,0.0,80.0,West,84,0,0,0,0.0,0,0,0,0,0,0,0,0,0,0,0.0,0.0,0.0,1617267.85,8.0,202158.48125,538007.88,14.296249389426496,4
867abadc-cc0b-4bad-bd50-caad31bbfe9a,f2f3297acfcec2e1ccaa6f3269e6142bb394e3be,4848,KY,Tropical Storm,2024-11-26 00:00:00+00:00,2024-09-27 00:00:00+00:00,2024-09-30 00:00:00+00:00,DR,2026-07-20T21:43:12.371Z,2024,11,4,-0.5000000000000004,0.8660254037844384,-2.4492935982947064e-16,1.0,3.0,60.0,South,90,0,0,0,0.0,0,0,0,0,0,0,0,0,0,0,0.0,0.0,180.0,10246930.65,131.0,78220.84465648855,596122.11,16.142488867514658,3
96dd6986-8e57-40ec-884b-eebcc566b826,81f4d8a6767bd8e36ee6d180061827bdb0305c6d,4849,WA,Fire,2024-11-26 00:00:00+00:00,2024-07-17 00:00:00+00:00,2024-08-21 00:00:00+00:00,DR,2024-11-27T02:01:17.566Z,2024,11,4,-0.5000000000000004,0.8660254037844384,-2.4492935982947064e-16,1.0,35.0,132.0,West,208,0,0,0,0.3,1,0,0,0,0,0,0,0,0,0,10.5,62.4,4620.0,897000.51,4.0,224250.1275,416911.75,13.70681282442859,4
a63d3953-615c-4656-bdbb-9a26c3f329e1,78287bedd88ee6ed3e389ae1d294e545c82c1076,4850,PR,Tropical Storm,2024-11-27 00:00:00+00:00,2024-08-13 00:00:00+00:00,2024-08-16 00:00:00+00:00,DR,2026-07-20T21:43:12.371Z,2024,11,4,-0.5000000000000004,0.8660254037844384,-2.4492935982947064e-16,1.0,3.0,106.0,Other,50,0,0,0,0.0,0,0,0,0,0,0,0,0,0,0,0.0,0.0,318.0,72463153.17999999,243.0,298202.2764609053,4402144.92,18.098588772431363,2
f8dfbdf1-4b22-4a92-9639-530531830767,cf541f29fb2836d1443bf194b256380b5064704f,4852,ND,Fire,2024-12-24 00:00:00+00:00,2024-10-05 00:00:00+00:00,2024-10-06 00:00:00+00:00,DR,2024-12-25T02:42:08.291Z,2024,12,4,-2.4492935982947064e-16,1.0,-2.4492935982947064e-16,1.0,1.0,80.0,Midwest,72,0,0,0,0.3,1,0,0,0,0,0,0,0,0,0,0.3,21.599999999999998,80.0,4566885.74,16.0,285430.35875,2860827.15,15.334342292209959,0
9a77bffc-ec78-4e7b-a43f-65d73a0984f6,44c4a68b319377907ca7c3e236a9e0b9f6087a2c,4853,AK,Severe Storm,2025-01-01 00:00:00+00:00,2024-08-16 00:00:00+00:00,2024-08-18 00:00:00+00:00,DR,2026-07-20T21:43:12.371Z,2025,1,1,0.49999999999999994,0.8660254037844387,1.0,6.123233995736766e-17,2.0,138.0,West,85,0,0,0,0.3,0,1,0,0,0,0,0,0,0,0,0.6,25.5,276.0,430684.98,5.0,86136.996,199875.0,12.973134518852296,4
f5d6f48d-5d62-4390-9917-be5f30aa3a79,87858a7b1b0038c5394a6d59f5d42e8eb5a7bd9e,4854,OR,Fire,2025-01-01 00:00:00+00:00,2024-07-10 00:00:00+00:00,2024-08-23 00:00:00+00:00,DR,2025-01-02T02:42:19.184Z,2025,1,1,0.49999999999999994,0.8660254037844387,1.0,6.123233995736766e-17,44.0,175.0,West,158,0,0,0,0.3,1,0,0,0,0,0,0,0,0,0,13.2,47.4,7700.0,18234493.94,35.0,520985.54114285717,7500961.11,16.718825684555902,4
54af2cfd-5198-45f4-9778-d7f1e3da9f54,9e2aef76b79cf51346b37b9ec1b071b66a099cea,4855,MO,Severe Storm,2025-01-01 00:00:00+00:00,2024-11-03 00:00:00+00:00,2024-11-09 00:00:00+00:00,DR,2026-07-20T21:43:12.371Z,2025,1,1,0.49999999999999994,0.8660254037844387,1.0,6.123233995736766e-17,6.0,59.0,Midwest,79,0,0,0,0.3,0,1,0,0,0,0,0,0,0,0,1.7999999999999998,23.7,354.0,20388129.53,164.0,124317.86298780488,1237431.63,16.830463452717044,0
c47f94a6-e9be-4a39-a1b3-32ff6db4f7ed,130feab22d4a2aca466f4add1aa2414aabbe01a2,4856,CA,Fire,2025-01-08 00:00:00+00:00,2025-01-07 00:00:00+00:00,2025-01-31 00:00:00+00:00,DR,2025-03-07T17:21:36.314Z,2025,1,1,0.49999999999999994,0.8660254037844387,1.0,6.123233995736766e-17,24.0,1.0,West,387,0,0,0,0.3,1,0,0,0,0,0,0,0,0,0,7.199999999999999,116.1,24.0,36788520.51,320.0,114964.12659375,10462764.94,17.420696438994273,4
c083ab6b-1f67-4237-80e5-ee86e19e5191,efda9922b399acd36af1a2085b8c259dac17d107,4857,AK,Severe Storm,2025-01-10 00:00:00+00:00,2024-08-15 00:00:00+00:00,2024-08-18 00:00:00+00:00,DR,2026-07-20T21:43:12.371Z,2025,1,1,0.49999999999999994,0.8660254037844387,1.0,6.123233995736766e-17,3.0,148.0,West,86,0,0,0,0.3,0,1,0,0,0,0,0,0,0,0,0.8999999999999999,25.8,444.0,995470.9199999999,3.0,331823.63999999996,494580.12,13.810972195157374,4
67db01ea-d91f-4189-b451-70e17ba688d8,ddfcf4e0f0744325a9d3f21adf8e433b9bb15b29,4858,SC,Flood,2025-01-10 00:00:00+00:00,2024-11-06 00:00:00+00:00,2024-11-14 00:00:00+00:00,DR,2026-07-20T21:43:12.371Z,2025,1,1,0.49999999999999994,0.8660254037844387,1.0,6.123233995736766e-17,8.0,65.0,South,45,0,0,0,0.44999999999999996,0,0,1,0,0,0,0,0,0,0,3.5999999999999996,20.249999999999996,520.0,11336199.290000001,57.0,198880.68929824562,6519000.0,16.243511728686336,3
d25a4b76-ebbd-46db-b172-87ed300db26a,8fc5c84bf5bdaa09b5cd3632bd299d9a757f21b7,4859,AK,Severe Storm,2025-01-15 00:00:00+00:00,2024-10-20 00:00:00+00:00,2024-10-23 00:00:00+00:00,DR,2025-01-16T02:01:30.703Z,2025,1,1,0.49999999999999994,0.8660254037844387,1.0,6.123233995736766e-17,3.0,87.0,West,87,0,0,0,0.3,0,1,0,0,0,0,0,0,0,0,0.8999999999999999,26.099999999999998,261.0,853905.76,4.0,213476.44,589593.75,13.657577286482232,4
0554c3b9-53c5-4337-a808-19b3263888ef,2b035585cf25c2883f5ef8197ada0b0bd9d5e8d4,4860,KY,Severe Storm,2025-02-24 00:00:00+00:00,2025-02-14 00:00:00+00:00,2025-03-07 00:00:00+00:00,DR,2026-07-20T21:43:12.371Z,2025,2,1,0.8660254037844386,0.5000000000000001,1.0,6.123233995736766e-17,21.0,10.0,South,92,0,0,0,0.3,0,1,0,0,0,0,0,0,0,0,6.3,27.599999999999998,210.0,117581979.25,1399.0,84047.16172265905,6500724.13,18.582646352521344,3
0fb8fbc9-97d9-4c96-bedf-1e02c1d6fe32,a834fdf09375753824d826e7283b6f44964496cf,4861,WV,Severe Storm,2025-02-26 00:00:00+00:00,2025-02-15 00:00:00+00:00,2025-02-18 00:00:00+00:00,DR,2026-07-20T21:43:12.371Z,2025,2,1,0.8660254037844386,0.5000000000000001,1.0,6.123233995736766e-17,3.0,11.0,South,81,0,0,0,0.3,0,1,0,0,0,0,0,0,0,0,0.8999999999999999,24.3,33.0,36059795.02,278.0,129711.49287769785,3084370.11,17.40068911904014,3
a0aae882-d14e-490c-877c-7dc8cdc6be08,7ef2ec530c3d486ac3a9dbad5c8b90b710f168a5,4862,OK,Severe Storm,2025-03-18 00:00:00+00:00,2024-11-02 00:00:00+00:00,2024-11-05 00:00:00+00:00,DR,2026-07-20T21:43:12.371Z,2025,3,1,1.0,6.123233995736766e-17,1.0,6.123233995736766e-17,3.0,136.0,South,245,0,0,0,0.3,0,1,0,0,0,0,0,0,0,0,0.8999999999999999,73.5,408.0,4976005.359999999,48.0,103666.77833333332,848284.5,15.420138191535385,3
cbd36dd0-d373-4c07-ab06-ee97e500dcc6,1e92e1ab98a82cdea63c916ae75fc2254fa6928d,4863,VA,Severe Storm,2025-04-04 00:00:00+00:00,2025-02-10 00:00:00+00:00,2025-02-18 00:00:00+00:00,DR,2026-07-20T21:43:12.371Z,2025,4,2,0.8660254037844387,-0.4999999999999998,1.2246467991473532e-16,-1.0,8.0,53.0,South,75,0,0,0,0.3,0,1,0,0,0,0,0,0,0,0,2.4,22.5,424.0,33548446.2,195.0,172043.31384615385,1646726.37,17.328501137151402,3
b28eaf54-aed6-41da-9169-e17d73b0d45a,142a40510ae0f22dfbc4fb0dd1a725f3731cc68c,4864,KY,Severe Storm,2025-04-24 00:00:00+00:00,2025-04-02 00:00:00+00:00,2025-05-16 00:00:00+00:00,DR,2026-07-20T21:43:12.371Z,2025,4,2,0.8660254037844387,-0.4999999999999998,1.2246467991473532e-16,-1.0,44.0,22.0,South,94,0,0,0,0.3,0,1,0,0,0,0,0,0,0,0,13.2,28.2,968.0,41150299.71,679.0,60604.27055964654,1578097.56,17.532741792715573,3
40e2da2b-e17f-4e93-b98c-746a07e22f99,47915c44aefe46a5251fefce8668be083d8c492d,4867,MO,Severe Storm,2025-05-21 00:00:00+00:00,2025-03-14 00:00:00+00:00,2025-03-15 00:00:00+00:00,DR,2026-07-20T21:43:12.371Z,2025,5,2,0.49999999999999994,-0.8660254037844387,1.2246467991473532e-16,-1.0,1.0,68.0,Midwest,80,0,0,0,0.3,0,1,0,0,0,0,0,0,0,0,0.3,24.0,68.0,25243931.77,121.0,208627.5352892562,3206976.34,17.044096398475624,0
e3d2a0ba-6b7b-4da1-9652-93e35fe0c45c,b5169c08ba39ec5811093676fefc296ea70f0a55,4868,NE,Winter Storm,2025-05-21 00:00:00+00:00,2025-03-18 00:00:00+00:00,2025-03-19 00:00:00+00:00,DR,2025-06-13T23:01:59.695Z,2025,5,2,0.49999999999999994,-0.8660254037844387,1.2246467991473532e-16,-1.0,1.0,64.0,Midwest,82,0,0,0,0.3,0,0,0,0,0,0,0,0,0,0,0.3,24.599999999999998,64.0,26272314.54,81.0,324349.5622222222,4310518.31,17.08402630166765,0
69e1dee0-7c7b-4499-98fb-70e6d841bce0,0c1f85d126cc0bbe8e63b2a6567a3ac26ed29d22,4869,KS,Severe Storm,2025-05-21 00:00:00+00:00,2025-03-14 00:00:00+00:00,2025-03-19 00:00:00+00:00,DR,2026-07-20T21:43:12.371Z,2025,5,2,0.49999999999999994,-0.8660254037844387,1.2246467991473532e-16,-1.0,5.0,68.0,Midwest,89,0,0,0,0.3,0,1,0,0,0,0,0,0,0,0,1.5,26.7,340.0,648631.09,11.0,58966.46272727272,388681.53,13.382620947425485,0
25aadaa9-cb6c-4c9b-ac08-fb03dfd1e325,68ebc59dfed49c8b7be775fefe2a2bea0330c280,4870,IA,Winter Storm,2025-05-21 00:00:00+00:00,2025-03-19 00:00:00+00:00,2025-03-19 00:00:00+00:00,DR,2025-05-23T01:21:16.235Z,2025,5,2,0.49999999999999994,-0.8660254037844387,1.2246467991473532e-16,-1.0,0.0,63.0,Midwest,77,0,0,0,0.3,0,0,0,0,0,0,0,0,0,0,0.0,23.099999999999998,0.0,4647024.25,25.0,185880.97,1721184.2,15.351737841665438,0
0617391b-e2ed-4114-a969-9dd43fe0cfe1,8637086a0a3d73c0359cd0f0e87266bf284424ad,4872,MO,Severe Storm,2025-05-21 00:00:00+00:00,2025-03-30 00:00:00+00:00,2025-04-08 00:00:00+00:00,DR,2026-07-20T21:43:12.371Z,2025,5,2,0.49999999999999994,-0.8660254037844387,1.2246467991473532e-16,-1.0,9.0,52.0,Midwest,81,0,0,0,0.3,0,1,0,0,0,0,0,0,0,0,2.6999999999999997,24.3,468.0,19457376.65,212.0,91780.07853773584,1441445.11,16.78373686973218,0
c97bdd6f-d97f-4e78-8d12-dff1af577b02,add47a6b8ff984b13e7a08034cd9bcc586498a5a,4873,AR,Flood,2025-05-21 00:00:00+00:00,2025-04-02 00:00:00+00:00,2025-04-22 00:00:00+00:00,DR,2026-07-20T21:43:12.371Z,2025,5,2,0.49999999999999994,-0.8660254037844387,1.2246467991473532e-16,-1.0,20.0,49.0,South,85,0,0,0,0.44999999999999996,0,0,1,0,0,0,0,0,0,0,9.0,38.24999999999999,980.0,40526347.91,385.0,105263.24132467531,2051269.83,17.51746291090497,3
5aea3808-9d62-46a7-a231-4dbb1904dbae,302f61272d5c1ae51404fa70f4c0163e1aeb3ecb,4874,MS,Severe Storm,2025-05-21 00:00:00+00:00,2025-03-14 00:00:00+00:00,2025-03-15 00:00:00+00:00,DR,2026-07-20T21:43:12.371Z,2025,5,2,0.49999999999999994,-0.8660254037844387,1.2246467991473532e-16,-1.0,1.0,68.0,South,94,0,0,0,0.3,0,1,0,0,0,0,0,0,0,0,0.3,28.2,68.0,29717886.32,98.0,303243.7379591837,6441755.95,17.20725968914981,3
d0ccb694-0ee6-4ffc-b9da-ce33f946d313,aaa63acc00d1c1d4c9183393b3df9240fe968ce9,4875,KY,Severe Storm,2025-05-23 00:00:00+00:00,2025-05-16 00:00:00+00:00,2025-05-17 00:00:00+00:00,DR,2026-07-20T21:43:12.371Z,2025,5,2,0.49999999999999994,-0.8660254037844387,1.2246467991473532e-16,-1.0,1.0,7.0,South,95,0,0,0,0.3,0,1,0,0,0,0,0,0,0,0,0.3,28.5,7.0,11639244.53,96.0,121242.13052083332,955998.67,16.269893181156544,3
e13a5a55-e827-4d98-8f78-0bc58c61abea,f6c44176a51719825c0b95e7efbf72a760b56ea7,4876,MO,Severe Storm,2025-06-09 00:00:00+00:00,2025-04-29 00:00:00+00:00,2025-04-29 00:00:00+00:00,DR,2025-06-10T02:41:08.086Z,2025,6,2,1.2246467991473532e-16,-1.0,1.2246467991473532e-16,-1.0,0.0,41.0,Midwest,82,0,0,0,0.3,0,1,0,0,0,0,0,0,0,0,0.0,24.599999999999998,0.0,7086510.72,90.0,78739.008,1170773.78,15.773703777436596,0
2e5f3133-e9e0-4c7a-9fb2-99ba52acd1a0,ce2cae39024c4a0c8bd0040224d7d6504a443e17,4877,MO,Severe Storm,2025-06-09 00:00:00+00:00,2025-05-16 00:00:00+00:00,2025-05-16 00:00:00+00:00,DR,2026-07-20T21:43:12.371Z,2025,6,2,1.2246467991473532e-16,-1.0,1.2246467991473532e-16,-1.0,0.0,24.0,Midwest,83,0,0,0,0.3,0,1,0,0,0,0,0,0,0,0,0.0,24.9,0.0,104950298.27,132.0,795078.0171969697,58849215.93,18.468997455775206,0
4cd4864c-3e64-4b76-9718-20fd84ccb9f3,1b4643c19654134065856163adea2c733b66f212,4878,TN,Severe Storm,2025-06-19 00:00:00+00:00,2025-04-02 00:00:00+00:00,2025-04-24 00:00:00+00:00,DR,2026-07-20T21:43:12.371Z,2025,6,2,1.2246467991473532e-16,-1.0,1.2246467991473532e-16,-1.0,22.0,78.0,South,94,0,0,0,0.3,0,1,0,0,0,0,0,0,0,0,6.6,28.2,1716.0,25823306.94,262.0,98562.24022900764,2940492.56,17.0667880505911,3
4189dcac-2011-465c-98fb-7323283bc2e8,50c2f449abcb1550681d0a89204a74da81d9b32d,4879,TX,Flood,2025-07-06 00:00:00+00:00,2025-07-02 00:00:00+00:00,2025-07-18 00:00:00+00:00,DR,2026-07-20T21:43:12.371Z,2025,7,3,-0.4999999999999997,-0.8660254037844388,-1.0,-1.8369701987210297e-16,16.0,4.0,South,383,0,0,0,0.44999999999999996,0,0,1,0,0,0,0,0,0,0,7.199999999999999,172.35,64.0,332615093.69,299.0,1112425.0625083612,149963045.38,19.622496507607895,3
130d78de-c806-4920-890b-353dd6cff40b,a2985c37f9be448517f49afd9304aef63dbc6aff,4880,MI,Severe Ice Storm,2025-07-22 00:00:00+00:00,2025-03-28 00:00:00+00:00,2025-03-30 00:00:00+00:00,DR,2025-07-23T03:21:23.152Z,2025,7,3,-0.4999999999999997,-0.8660254037844388,-1.0,-1.8369701987210297e-16,2.0,116.0,Midwest,44,0,0,0,0.3,0,0,0,0,0,0,0,1,0,0,0.6,13.2,232.0,64025465.68,213.0,300589.0407511737,27843506.03,17.97479147905102,0
4bf73d70-308a-4926-ab61-0a910ae7d919,161690d2a460870fd99d0f38e158204a472430de,4881,OR,Severe Storm,2025-07-22 00:00:00+00:00,2025-03-13 00:00:00+00:00,2025-03-20 00:00:00+00:00,DR,2026-07-20T21:43:12.371Z,2025,7,3,-0.4999999999999997,-0.8660254037844388,-1.0,-1.8369701987210297e-16,7.0,131.0,West,163,0,0,0,0.3,0,1,0,0,0,0,0,0,0,0,2.1,48.9,917.0,3513055.02,93.0,37774.785161290325,671587.89,15.071996877605306,4
8688d5ef-0d85-453b-8853-47a33a1190c8,9799e2d9e7456120fab08911f1e5d82d3291c77e,4882,IN,Flood,2025-07-22 00:00:00+00:00,2025-03-30 00:00:00+00:00,2025-04-09 00:00:00+00:00,DR,2026-07-20T21:43:12.371Z,2025,7,3,-0.4999999999999997,-0.8660254037844388,-1.0,-1.8369701987210297e-16,10.0,114.0,Midwest,52,0,0,0,0.44999999999999996,0,0,1,0,0,0,0,0,0,0,4.5,23.4,1140.0,9049776.91,236.0,38346.51233050848,897725.36,16.018250775043498,0
a92ee995-3aaf-4c25-a77d-f1edb7aceb41,b0f8f8264d7f98496189d0cf7a81b084c8aa3ab1,4883,KS,Severe Storm,2025-07-22 00:00:00+00:00,2025-05-18 00:00:00+00:00,2025-05-19 00:00:00+00:00,DR,2026-07-20T21:43:12.371Z,2025,7,3,-0.4999999999999997,-0.8660254037844388,-1.0,-1.8369701987210297e-16,1.0,65.0,Midwest,90,0,0,0,0.3,0,1,0,0,0,0,0,0,0,0,0.3,27.0,65.0,1645762.62,20.0,82288.13100000001,388681.53,14.313715041157947,0
6c44dc05-e1ab-41b7-85b9-5a46306f1f17,cd496c6cadab28b753ecb40f68c4dbd200b4d8b8,4884,WV,Flood,2025-07-22 00:00:00+00:00,2025-06-14 00:00:00+00:00,2025-06-15 00:00:00+00:00,DR,2026-07-20T21:43:12.371Z,2025,7,3,-0.4999999999999997,-0.8660254037844388,-1.0,-1.8369701987210297e-16,1.0,38.0,South,82,0,0,0,0.44999999999999996,0,0,1,0,0,0,0,0,0,0,0.44999999999999996,36.9,38.0,9852248.47,112.0,87966.50419642858,645160.41,16.103210359664054,3
3f32d882-b569-4ae5-bec4-3400c6eccc15,ac0ecb894f647e4f83ffe2fb80ddbe2ae9553cd5,4885,MO,Severe Storm,2025-07-22 00:00:00+00:00,2025-05-23 00:00:00+00:00,2025-05-26 00:00:00+00:00,DR,2026-07-20T21:43:12.371Z,2025,7,3,-0.4999999999999997,-0.8660254037844388,-1.0,-1.8369701987210297e-16,3.0,60.0,Midwest,84,0,0,0,0.3,0,1,0,0,0,0,0,0,0,0,0.8999999999999999,25.2,180.0,9433513.28,65.0,145130.97353846152,1784129.46,16.059779255386832,0
7538640b-8417-4d0b-8a52-c8285f0ef18f,f52a583a1df7285ae3adef81676bc8d0798ec9ca,4886,NM,Flood,2025-07-22 00:00:00+00:00,2025-06-23 00:00:00+00:00,2025-08-05 00:00:00+00:00,DR,2026-07-20T21:43:12.371Z,2025,7,3,-0.4999999999999997,-0.8660254037844388,-1.0,-1.8369701987210297e-16,43.0,29.0,West,124,0,0,0,0.44999999999999996,0,0,1,0,0,0,0,0,0,0,19.349999999999998,55.8,1247.0,19907469.56,81.0,245771.22913580245,3100000.01,16.80660562427301,4
08cf6708-eea2-460b-8d21-1142f93e3775,362d9a06054a9d244640d7883f6781e1826d6bcf,4887,MT,Flood,2025-09-11 00:00:00+00:00,2025-05-18 00:00:00+00:00,2025-05-22 00:00:00+00:00,DR,2026-07-20T21:43:12.371Z,2025,9,3,-1.0,-1.8369701987210297e-16,-1.0,-1.8369701987210297e-16,4.0,116.0,West,106,0,0,0,0.44999999999999996,0,0,1,0,0,0,0,0,0,0,1.7999999999999998,47.699999999999996,464.0,260891.22999999998,8.0,32611.403749999998,93471.34,12.471862689155852,4
b14a4706-8082-45ad-8381-e234823be02d,bd0fd6748faae10711bba68aeaaef626351a6be2,4888,ND,Severe Storm,2025-09-11 00:00:00+00:00,2025-06-20 00:00:00+00:00,2025-06-21 00:00:00+00:00,DR,2026-07-20T21:43:12.371Z,2025,9,3,-1.0,-1.8369701987210297e-16,-1.0,-1.8369701987210297e-16,1.0,83.0,Midwest,73,0,0,0,0.3,0,1,0,0,0,0,0,0,0,0,0.3,21.9,83.0,6587718.100000001,121.0,54443.951239669426,767713.4,15.700717731240704,0
4d7d2571-acc2-400f-9001-7dcb6756c13e,f2023c1ba00a5f612e667054cbeebbc6bcde0bcb,4889,NC,Tropical Depression,2025-09-11 00:00:00+00:00,2025-07-06 00:00:00+00:00,2025-07-07 00:00:00+00:00,DR,2025-09-12T02:21:17.885Z,2025,9,3,-1.0,-1.8369701987210297e-16,-1.0,-1.8369701987210297e-16,1.0,67.0,South,83,0,0,0,0.0,0,0,0,0,0,0,0,0,0,0,0.0,0.0,67.0,19190219.03,158.0,121457.08246835443,2803559.25,16.76991133378579,3
b24b341d-14a7-4eef-81fe-5a78f91adfdf,215f4a867f3cae06dc6a28e3da47210e6c40232b,4890,SD,Flood,2025-09-11 00:00:00+00:00,2025-06-12 00:00:00+00:00,2025-06-16 00:00:00+00:00,DR,2026-07-20T21:43:12.371Z,2025,9,3,-1.0,-1.8369701987210297e-16,-1.0,-1.8369701987210297e-16,4.0,91.0,Midwest,93,0,0,0,0.44999999999999996,0,0,1,0,0,0,0,0,0,0,1.7999999999999998,41.849999999999994,364.0,562091.91,6.0,93681.985,285609.93,13.239422435496634,0
8b715073-9104-454c-a12a-d7185e73c461,a16e6f46cc179a2b326099779508794aed2ad166,4891,KS,Severe Storm,2025-09-11 00:00:00+00:00,2025-06-03 00:00:00+00:00,2025-06-07 00:00:00+00:00,DR,2026-07-20T21:43:12.371Z,2025,9,3,-1.0,-1.8369701987210297e-16,-1.0,-1.8369701987210297e-16,4.0,100.0,Midwest,91,0,0,0,0.3,0,1,0,0,0,0,0,0,0,0,1.2,27.3,400.0,1506792.63,26.0,57953.562692307685,388681.53,14.225494527289095,0
fe1afbfb-98c8-486c-bc34-4cec4b372ce1,49cc3a11d4cc0e7a698550b541a629bb5a972ec8,4893,AK,Flood,2025-10-22 00:00:00+00:00,2025-10-08 00:00:00+00:00,2025-10-13 00:00:00+00:00,DR,2026-07-20T21:43:12.371Z,2025,10,4,-0.8660254037844386,0.5000000000000001,-2.4492935982947064e-16,1.0,5.0,14.0,West,91,0,0,0,0.44999999999999996,0,0,1,0,0,0,0,0,0,0,2.25,40.949999999999996,70.0,5568625.29,13.0,428355.7915384615,2971062.0,15.532658954915217,4
cf3f8ed6-c380-48f1-8bae-df1cd0133235,c1552a1cc4114665fb4f6c54432926ac03d228c5,4894,MN,Straight-Line Winds,2025-10-22 00:00:00+00:00,2025-06-21 00:00:00+00:00,2025-06-21 00:00:00+00:00,DR,2025-10-31T16:21:07.360Z,2025,10,4,-0.8660254037844386,0.5000000000000001,-2.4492935982947064e-16,1.0,0.0,123.0,Midwest,80,0,0,0,0.0,0,0,0,0,0,0,0,0,0,0,0.0,0.0,0.0,26704.44,4.0,6676.11,9063.16,10.192622568953434,0
19cdbe3c-5661-4644-9a40-e9eeb1e0d81c,2c70b9a65500765b320f8834eba032f26cf8f84d,4895,ND,Severe Storm,2025-10-22 00:00:00+00:00,2025-08-07 00:00:00+00:00,2025-08-08 00:00:00+00:00,DR,2026-07-20T21:43:12.371Z,2025,10,4,-0.8660254037844386,0.5000000000000001,-2.4492935982947064e-16,1.0,1.0,76.0,Midwest,74,0,0,0,0.3,0,1,0,0,0,0,0,0,0,0,0.3,22.2,76.0,430705.01,17.0,25335.58882352941,131458.41,12.973181024973172,0
51745772-8f4f-4d5a-90fc-4e38cb9c81cc,2853384f421113c40cfce88d5ad959aa2526f0de,4896,NE,Severe Storm,2025-10-22 00:00:00+00:00,2025-08-08 00:00:00+00:00,2025-08-10 00:00:00+00:00,DR,2025-10-23T03:21:17.921Z,2025,10,4,-0.8660254037844386,0.5000000000000001,-2.4492935982947064e-16,1.0,2.0,75.0,Midwest,83,0,0,0,0.3,0,1,0,0,0,0,0,0,0,0,0.6,24.9,150.0,3335115.9899999998,59.0,56527.38966101695,691094.62,15.020018316176861,0
2ca526e7-cfce-4bac-b18a-78b43cc14908,771ea49b6b7d108dc5c57b61273c5d4b423624f9,4897,KS,Severe Storm,2025-12-19 00:00:00+00:00,2025-07-17 00:00:00+00:00,2025-07-22 00:00:00+00:00,DR,2026-07-20T21:43:12.371Z,2025,12,4,-2.4492935982947064e-16,1.0,-2.4492935982947064e-16,1.0,5.0,155.0,Midwest,92,0,0,0,0.3,0,1,0,0,0,0,0,0,0,0,1.5,27.599999999999998,775.0,652182.25,12.0,54348.520833333336,398964.11,13.38808085970152,0
2e9ce726-dc04-4012-98c8-583f6d0aba3d,b589f19f395ede389c8a39f4caeb95fe3ff6d152,3638,LA,Winter Storm,2026-01-24 00:00:00+00:00,2026-01-23 00:00:00+00:00,2026-01-27 00:00:00+00:00,EM,2026-02-20T16:21:15.865Z,2026,1,1,0.49999999999999994,0.8660254037844387,1.0,6.123233995736766e-17,4.0,1.0,South,108,0,0,0,0.3,0,0,0,0,0,0,0,0,0,0,1.2,32.4,4.0,4321968.0200000005,16.0,270123.00125000003,3787500.0,15.27922164804549,3
f5b02148-2bd2-42cf-b66c-0fcf549b5a02,084e5341d9dfe538870d53c21012d4cca038a236,4898,TN,Winter Storm,2026-02-06 00:00:00+00:00,2026-01-22 00:00:00+00:00,2026-01-27 00:00:00+00:00,DR,2026-04-11T11:41:11.644Z,2026,2,1,0.8660254037844386,0.5000000000000001,1.0,6.123233995736766e-17,5.0,15.0,South,96,0,0,0,0.3,0,0,0,0,0,0,0,0,0,0,1.5,28.799999999999997,75.0,56931758.089999996,302.0,188515.75526490065,22465899.02,17.85736389962432,3
72a7f3d6-ad2f-497c-b83e-4b59d2fc184c,2bf8abacfcffa0c85308af3cf7d1ab149c464394,4899,MS,Winter Storm,2026-02-06 00:00:00+00:00,2026-01-23 00:00:00+00:00,2026-01-27 00:00:00+00:00,DR,2026-04-11T11:21:13.349Z,2026,2,1,0.8660254037844386,0.5000000000000001,1.0,6.123233995736766e-17,4.0,14.0,South,96,0,0,0,0.3,0,0,0,0,0,0,0,0,0,0,1.2,28.799999999999997,56.0,109467423.95,391.0,279967.8361892583,12851749.17,18.51113757392109,3
6cf3123f-f571-486e-b702-70f493dbc5e2,bf8148077fc986e1dcd7391c4f5caaac5397cb4c,4900,LA,Winter Storm,2026-02-18 00:00:00+00:00,2026-01-23 00:00:00+00:00,2026-01-27 00:00:00+00:00,DR,2026-04-07T20:41:08.671Z,2026,2,1,0.8660254037844386,0.5000000000000001,1.0,6.123233995736766e-17,4.0,26.0,South,109,0,0,0,0.3,0,0,0,0,0,0,0,0,0,0,1.2,32.699999999999996,104.0,8030087.33,107.0,75047.54514018692,4876797.42,15.898706085862445,3
67b6b4ab-01d3-41d6-9daa-c84c3cc47de9,1a08c31c58f178bc617703179d17a88db81d8866,4901,MT,Flood,2026-04-07 00:00:00+00:00,2025-12-09 00:00:00+00:00,2025-12-11 00:00:00+00:00,DR,2026-07-20T21:43:12.371Z,2026,4,2,0.8660254037844387,-0.4999999999999998,1.2246467991473532e-16,-1.0,2.0,119.0,West,108,0,0,0,0.44999999999999996,0,0,1,0,0,0,0,0,0,0,0.8999999999999999,48.599999999999994,238.0,348885.32,4.0,87221.33,147237.76,12.762501417463785,4
666f8525-06e7-44ee-9434-d8b3c0205e93,c8e208be2f75bf7193ce5ad22c94fbdab6cbca60,4902,MT,Straight-Line Winds,2026-04-07 00:00:00+00:00,2025-12-17 00:00:00+00:00,2025-12-18 00:00:00+00:00,DR,2026-04-11T00:21:27.178Z,2026,4,2,0.8660254037844387,-0.4999999999999998,1.2246467991473532e-16,-1.0,1.0,111.0,West,109,0,0,0,0.0,0,0,0,0,0,0,0,0,0,0,0.0,0.0,111.0,381754.07,11.0,34704.91545454546,147237.76,12.852534503935713,4
9be9e7aa-0990-4c48-86f3-ed559d456dc3,e75f15a1332531bed71234ba32dbb46287ecb3ed,4903,SD,Straight-Line Winds,2026-04-07 00:00:00+00:00,2025-12-17 00:00:00+00:00,2025-12-18 00:00:00+00:00,DR,2026-04-11T02:01:12.861Z,2026,4,2,0.8660254037844387,-0.4999999999999998,1.2246467991473532e-16,-1.0,1.0,111.0,Midwest,95,0,0,0,0.0,0,0,0,0,0,0,0,0,0,0,0.0,0.0,111.0,1469976.32,9.0,163330.70222222223,622567.05,14.200757530064468,0
eff78de5-5447-4260-bb88-b3b8b9c56cbd,7e94eb21ff698ff7a4251b482105345d75038541,4905,ID,Straight-Line Winds,2026-04-07 00:00:00+00:00,2025-12-16 00:00:00+00:00,2025-12-18 00:00:00+00:00,DR,2026-04-11T02:41:20.947Z,2026,4,2,0.8660254037844387,-0.4999999999999998,1.2246467991473532e-16,-1.0,2.0,112.0,West,58,0,0,0,0.0,0,0,0,0,0,0,0,0,0,0,0.0,0.0,224.0,309879.75,5.0,61975.95,249750.6,12.643942825034635,4
a2650cbb-804b-4124-b013-852ba6b26ab3,bb2ec3316df2cc089206085df3e1698cab305ec2,4906,WA,Flood,2026-04-07 00:00:00+00:00,2025-12-05 00:00:00+00:00,2025-12-19 00:00:00+00:00,DR,2026-07-20T21:43:12.371Z,2026,4,2,0.8660254037844387,-0.4999999999999998,1.2246467991473532e-16,-1.0,14.0,123.0,West,212,0,0,0,0.44999999999999996,0,0,1,0,0,0,0,0,0,0,6.299999999999999,95.39999999999999,1722.0,1124825.69,4.0,281206.4225,1046377.16,13.93313952841989,4
5976638d-8d71-41a0-95f5-191590c90c61,98c252ce56c981352455713f2627d69c2680c350,4907,OR,Severe Storm,2026-04-07 00:00:00+00:00,2025-12-15 00:00:00+00:00,2025-12-21 00:00:00+00:00,DR,2026-07-20T21:43:12.371Z,2026,4,2,0.8660254037844387,-0.4999999999999998,1.2246467991473532e-16,-1.0,6.0,113.0,West,165,0,0,0,0.3,0,1,0,0,0,0,0,0,0,0,1.7999999999999998,49.5,678.0,845365.44,9.0,93929.49333333333,575419.37,13.647525469142108,4
9f667f88-e9b3-42cc-8fd2-8948168bf53a,d906e0f2dcb07b5854d1f8f37aff295fff958830,4908,SC,Winter Storm,2026-04-07 00:00:00+00:00,2026-01-21 00:00:00+00:00,2026-01-27 00:00:00+00:00,DR,2026-04-11T03:41:13.240Z,2026,4,2,0.8660254037844387,-0.4999999999999998,1.2246467991473532e-16,-1.0,6.0,76.0,South,50,0,0,0,0.3,0,0,0,0,0,0,0,0,0,0,1.7999999999999998,15.0,456.0,14767.22,3.0,4922.406666666667,8427.4,9.60023285370643,3
294faf86-b68f-4091-8c49-17b137682c48,06646bdca9e4a82c65b4147f2e67faaf17cf0c4d,4909,HI,Flood,2026-04-07 00:00:00+00:00,2026-03-10 00:00:00+00:00,2026-03-24 00:00:00+00:00,DR,2026-07-20T21:43:12.371Z,2026,4,2,0.8660254037844387,-0.4999999999999998,1.2246467991473532e-16,-1.0,14.0,28.0,West,70,0,0,0,0.44999999999999996,0,0,1,0,0,0,0,0,0,0,6.299999999999999,31.499999999999996,392.0,197625.81,1.0,197625.81,197625.81,12.19413573323011,4
bbebd356-44b9-499e-861f-366ddae1684b,cff9e0679d9d066ed4580b7fee46a98f6d969545,4910,MP,Hurricane,2026-04-23 00:00:00+00:00,2026-04-11 00:00:00+00:00,2026-04-18 00:00:00+00:00,DR,2026-04-23T23:41:13.419Z,2026,4,2,0.8660254037844387,-0.4999999999999998,1.2246467991473532e-16,-1.0,7.0,12.0,Other,27,0,0,0,0.6,0,0,0,1,0,0,0,0,0,0,4.2,16.2,84.0,333439.25,1.0,333439.25,333439.25,12.71721896786688,2
de86b85d-4693-406d-b97f-e34be37a3e8d,e17e15e6324513eb68ab0eff353d17ab3cdf79e7,4913,KY,Winter Storm,2026-05-29 00:00:00+00:00,2026-01-23 00:00:00+00:00,2026-01-27 00:00:00+00:00,DR,2026-07-06T23:41:19.623Z,2026,5,2,0.49999999999999994,-0.8660254037844387,1.2246467991473532e-16,-1.0,4.0,126.0,South,97,0,0,0,0.3,0,0,0,0,0,0,0,0,0,0,1.2,29.099999999999998,504.0,923822.6200000001,7.0,131974.66,611892.53,13.736276444956607,3
3e51f480-795f-40e1-881c-885e933f6d13,6e8c3bf83a711693250b57723ef99cf388cb8b0f,4916,DE,Winter Storm,2026-05-29 00:00:00+00:00,2026-02-22 00:00:00+00:00,2026-02-23 00:00:00+00:00,DR,2026-06-01T12:21:17.020Z,2026,5,2,0.49999999999999994,-0.8660254037844387,1.2246467991473532e-16,-1.0,1.0,96.0,South,25,0,0,0,0.3,0,0,0,0,0,0,0,0,0,0,0.3,7.5,96.0,345561.08,6.0,57593.513333333336,185224.41,12.752927587669893,3
